https://www.androidauthority.com/feed/;https://www.androidauthority.com/apple-iphone-14-3153710/;2022-09-05 20:52:14+00:00;False;Apple iPhone 14: Everything we know so far (Updated: September 5);Will the Apple iPhone 14 bring enough new stuff to the table to tempt shoppers?
https://www.androidauthority.com/feed/;https://www.androidauthority.com/best-att-deals-2-836102/;2022-09-05 20:30:57+00:00;False;The best AT&T deals: Save $1,000 on the Galaxy Z series with trade-in;That means you can pick up the Galaxy Z Flip 4 for free. PLus AT&#038;T now has a 16GB prepaid plan for just $25.
https://www.androidauthority.com/feed/;https://www.androidauthority.com/google-pixel-6a-deal-best-buy-2022-3205231/;2022-09-05 14:57:25+00:00;False;Google Pixel 6a just $200 right now without a trade-in, only one small caveat;Even if you can't jump through this one hoop, you'll still earn a hefty discount on the phone.
https://www.androidauthority.com/feed/;https://www.androidauthority.com/headphones-future-cosmos-3204971/;2022-09-05 14:00:11+00:00;False;Whatâ€™s the future of headphones, you ask? An OS in your ear;Modern headphones sound great, but they're not very smart. That could all be about to change.
https://www.androidauthority.com/feed/;https://www.androidauthority.com/last-time-mobile-payments-poll-3205189/;2022-09-05 12:46:19+00:00;False;Poll: When was the last time you used mobile payments?;Are you a regular when it comes to mobile payments?
https://www.androidauthority.com/feed/;https://www.androidauthority.com/best-visible-deals-1096134/;2022-09-05 11:00:54+00:00;False;The best Visible deals: Try the unlimited plan for free;Plus, from the iPhone SE 2022 to the Galaxy Z Flip 4, you'll get a $200 gift card that can be spent almost anywhere.
https://www.androidauthority.com/feed/;https://www.androidauthority.com/apple-watch-se-2-3163289/;2022-09-05 10:30:58+00:00;False;Apple Watch SE 2: Everything we know and want to see (Updated: Sep 5);Our favorite Goldilocks Apple Watch may be in line for an upgrade.
https://www.androidauthority.com/feed/;https://www.androidauthority.com/honor-after-huawei-3204994/;2022-09-05 10:28:51+00:00;False;How Honor is leaving Huawei behind and planning to conquer Western markets;A new software experience, a foldable for the European market, and lots of promises.
https://www.androidauthority.com/feed/;https://www.androidauthority.com/apple-watch-series-8-3162710/;2022-09-05 10:00:26+00:00;False;Apple Watch Series 8: Everything we know so far (Updated: Sep 5);Will the Apple Watch Series 8 bring enough improvements to tempt shoppers?
https://www.androidauthority.com/feed/;https://www.androidauthority.com/satellite-connectivity-phones-poll-results-3205110/;2022-09-05 09:23:01+00:00;False;You told us: Satellite connectivity is neat, but no extra charges please;The majority of polled readers don't mind the feature, as long as they don't have to pay extra.
https://www.androidauthority.com/feed/;https://www.androidauthority.com/daily-authority-september-5-2022-3205105/;2022-09-05 09:00:09+00:00;False;Daily Authority: ðŸŒŸ The stars of IFA 2022;We talk foldable laptops, bendable TVs, rampant heatwaves, and more in this edition of the Daily Authority.
https://www.androidauthority.com/feed/;https://www.androidauthority.com/eu-smartphone-updates-rules-3205112/;2022-09-05 08:24:43+00:00;False;EU wants to enforce 5 years of security and 3 years of OS updates for all phones;Regulators also want phone makers to provide repair parts for at least five years.
https://www.androidauthority.com/feed/;https://www.androidauthority.com/android-phone-snore-cough-detection-3169937/;2022-09-05 06:24:34+00:00;False;Your Android phone could soon get snore and cough detection abilities (Updated);Update: The feature will likely come to Digital Wellbeing on Android phones.
https://www.androidauthority.com/feed/;https://www.androidauthority.com/huawei-ifa-2022-3204276/;2022-09-05 06:10:23+00:00;False;No Google, no worry: Huawei brings new phones and more to IFA 2022 (Updated);Update: We now have prices for Huawei's new hardware lineup launched last week.
https://www.androidauthority.com/feed/;https://www.androidauthority.com/samsung-latest-updates-3205099/;2022-09-05 05:49:38+00:00;False;Samsung shows love to older foldables and smartwatches with big updates;Android 12L is coming to Samsung's previous foldable phones, One UI Watch 4.5 to older watches.