https://www.cnet.com/rss/all/;https://www.cnet.com/tech/mobile/iphone-14-pro-and-pro-max-will-have-an-always-on-display-for-the-first-time/#ftag=CADf328eec;2022-09-07 19:30:30+00:00;False;iPhone 14 Pro and Pro Max Will Have An Always-On Display for the First Time     - CNET;In a first for iOS devices, the new feature will keep the time and a dimmed background visible even when the phone is idle.
https://www.cnet.com/rss/all/;https://www.cnet.com/tech/mobile/iphone-14-owners-get-2-free-years-of-emergency-sos-service-everything-we-know/#ftag=CADf328eec;2022-09-07 19:24:29+00:00;False;iPhone 14 Owners Get 2 Free Years of Emergency SOS Service: Everything We Know     - CNET;The satellite service from Apple will be a premium add-on for the iPhone 14, but owners will get a couple of years free.
https://www.cnet.com/rss/all/;https://www.cnet.com/tech/mobile/verizons-new-one-unlimited-for-iphone-plan-bundles-in-apple-one/#ftag=CADf328eec;2022-09-07 19:23:16+00:00;False;Verizon's New One Unlimited For iPhone Plan Bundles In Apple One     - CNET;Verizon has a new plan geared towards people with Apple devices.
https://www.cnet.com/rss/all/;https://www.cnet.com/tech/mobile/apple-iphone-event-heralds-iphone-14-apple-watch-series-8-and-watch-ultra-and-more/#ftag=CADf328eec;2022-09-07 19:22:00+00:00;False;iPhone 14, iPhone 14 Pro, Apple Watch Ultra and More: Everything Apple Announced Today     - CNET;The company's annual fall launch of its new iPhones, Watches and AirPods is over. Here's a recap of Apple's latest announcements.
https://www.cnet.com/rss/all/;https://www.cnet.com/tech/mobile/apple-adds-new-a16-processor-to-iphone-14-pro-pro-max-only/#ftag=CADf328eec;2022-09-07 19:20:33+00:00;False;Apple Adds New A16 Processor to iPhone 14 Pro, Pro Max Only     - CNET;The other new iPhones will have to make do with last year's A15.
https://www.cnet.com/rss/all/;https://www.cnet.com/tech/mobile/apples-iphone-14-will-cost-at-least-799/#ftag=CADf328eec;2022-09-07 19:20:00+00:00;False;Apple's iPhone 14 Models Will Cost at Least $799     - CNET;Remember when the iPhone cost $399? Good times.
https://www.cnet.com/rss/all/;https://www.cnet.com/videos/iphone-14-pro-pro-max-feature-always-on-display/#ftag=CADf328eec;2022-09-07 19:18:00+00:00;False;iPhone 14 Pro, Pro Max Feature Always-on Display video     - CNET;During Apple's "Far Out" event, the company unveils its new premium iPhone 14 Pro and Pro Max.
https://www.cnet.com/rss/all/;https://www.cnet.com/culture/internet/apple-iphone-14s-dynamic-island-an-amusing-way-to-say-notch/#ftag=CADf328eec;2022-09-07 19:13:00+00:00;False;Apple iPhone 14's 'Dynamic Island': An Amusing Way to Say 'Notch'     - CNET;Jokes about the name of the new feature abound. "You can use satellite SOS to get rescued from the Dynamic Island."
https://www.cnet.com/rss/all/;https://www.cnet.com/culture/entertainment/morbius-post-credits-scenes-spider-man-links-explained-as-marvel-movie-hits-netflix/#ftag=CADf328eec;2022-09-07 19:12:00+00:00;False;'Morbius' Post-Credits Scenes, Spider-Man Links Explained as Marvel Movie Hits Netflix     - CNET;A beloved Spidey shows up in a multiversally messy pair of extra scenes for this adventure, which came to Netflix on Wednesday. Spoilers!
https://www.cnet.com/rss/all/;https://www.cnet.com/tech/mobile/apples-new-airpods-pro-2-get-better-noise-canceling-and-sound/#ftag=CADf328eec;2022-09-07 19:10:00+00:00;False;Apple's New AirPods Pro 2 Get Better Noise Canceling and Sound     - CNET;Alongside its launch of the iPhone 14, Apple also took the wraps off its latest earbud headphones.
https://www.cnet.com/rss/all/;https://www.cnet.com/tech/mobile/watchos-9-low-power-mode-brings-more-battery-life-to-apple-watch/#ftag=CADf328eec;2022-09-07 19:06:00+00:00;False;WatchOS 9 Low-Power Mode Brings More Battery Life to Apple Watch     - CNET;The news comes during Apple's Sept. 7 event.
https://www.cnet.com/rss/all/;https://www.cnet.com/deals/best-keyboard-deals/#ftag=CADf328eec;2022-09-07 19:00:09+00:00;False;Best Keyboard Deals: Save on Mechanical, Bluetooth, Gaming Keyboards and More     - CNET;Whether you're looking to customize a new keyboard or just need something basic for your home office, we have you covered with deals on all types of keyboards.
https://www.cnet.com/rss/all/;https://www.cnet.com/tech/mobile/ios-16-launches-soon-is-your-iphone-compatible-with-apples-new-os/#ftag=CADf328eec;2022-09-07 18:57:00+00:00;False;iOS 16 Launches Soon: Is Your iPhone Compatible With Apple's New OS?     - CNET;Not every iPhone is compatible with iOS 16. Here's each model that will support it.
https://www.cnet.com/rss/all/;https://www.cnet.com/videos/everything-apple-announced-at-its-far-out-event/#ftag=CADf328eec;2022-09-07 18:52:40+00:00;False;Everything Apple Announced at Its 'Far Out' Event video     - CNET;At Apple's "Far Out" event, the company unveils new products including the iPhone 14, Apple AirPods Pro and Apple Watch Series 8.
https://www.cnet.com/rss/all/;https://www.cnet.com/tech/mobile/iphone-14-gets-iconic-new-colors-deep-purple-and-all-colors-you-can-buy/#ftag=CADf328eec;2022-09-07 18:50:00+00:00;False;IPhone 14 Gets Iconic New Colors: Deep Purple and All the Colors You Can Buy     - CNET;Study these shades before you snag an iPhone 14.
https://www.cnet.com/rss/all/;https://www.cnet.com/videos/apples-iphone-14-pro-pro-max-dynamic-island-explained/#ftag=CADf328eec;2022-09-07 18:48:56+00:00;False;Apple's iPhone 14 Pro, Pro Max Dynamic Island Explained video     - CNET;At Apple's "Far Out" event, the company shows off a new notch dubbed the Dynamic Island that mixes in new contextual features
https://www.cnet.com/rss/all/;https://www.cnet.com/tech/mobile/apple-iphone-14-pro-gets-48-megapixel-sensor-for-more-detailed-photos/#ftag=CADf328eec;2022-09-07 18:48:00+00:00;False;Apple iPhone 14 Pro Gets 48-Megapixel Sensor for More Detailed Photos     - CNET;Apple follows Samsung and others with sensors that can capture more photo detail.
https://www.cnet.com/rss/all/;https://www.cnet.com/culture/entertainment/harry-styles-faces-more-relationship-drama-in-my-policeman-trailer/#ftag=CADf328eec;2022-09-07 18:43:32+00:00;False;Harry Styles Faces More Relationship Drama in 'My Policeman' Trailer     - CNET;Following his turn in Don't Worry Darling, Styles plays a policeman whose love puts him on the wrong side of the law on Prime Video.
https://www.cnet.com/rss/all/;https://www.cnet.com/tech/mobile/new-apple-watch-se-arrives-with-a-lower-starting-price/#ftag=CADf328eec;2022-09-07 18:42:00+00:00;False;New Apple Watch SE Arrives With a Lower Starting Price     - CNET;The 2022 Apple Watch SE starts at $249 and includes car-crash detection.
https://www.cnet.com/rss/all/;https://www.cnet.com/videos/apples-iphone-comes-with-sos-satellite-service/#ftag=CADf328eec;2022-09-07 18:38:42+00:00;False;Apple's iPhone Comes With SOS Satellite Service video     - CNET;At Apple's "Far Out" event, the company shows off a new SOS service for the iPhone 14 that will help users when there's an emergency. The tech launches in Nov. 2022.
https://www.cnet.com/rss/all/;https://www.cnet.com/tech/mobile/21-airpods-tips-and-tricks-to-master-your-apple-wireless-headphones/#ftag=CADf328eec;2022-09-07 18:35:03+00:00;False;21 AirPods Tips and Tricks to Master Apple's Wireless Headphones     - CNET;Use your AirPods as makeshift hearing aids or use only a single bud to save battery.
https://www.cnet.com/rss/all/;https://www.cnet.com/deals/best-apple-watch-ultra-deals/#ftag=CADf328eec;2022-09-07 18:35:00+00:00;False;Apple Watch Ultra Preorder: Apple's First Rugged Smartwatch Starts at $799     - CNET;With extra sporty features, enhanced battery life, and a durable new design, Apple Watch Ultra is the most rugged model yet.
https://www.cnet.com/rss/all/;https://www.cnet.com/tech/mobile/apple-watch-ultra-revealed-today-with-underwater-modes-and-longer-battery/#ftag=CADf328eec;2022-09-07 18:29:53+00:00;False;Apple Watch Ultra Revealed Today With Underwater Modes and Longer Battery     - CNET;Apple introduced the high-end Apple Watch Ultra at its "Far Out" event today. The premium smartwatch is $799, arriving Sept. 23.
https://www.cnet.com/rss/all/;https://www.cnet.com/tech/mobile/iphone-14-pro-and-pro-max-get-always-on-display-in-first-for-ios-devices/#ftag=CADf328eec;2022-09-07 18:23:35+00:00;False;iPhone 14 Pro and Pro Max Get Always On Display in First for iOS Devices     - CNET;The feature keeps the time and a dimmed background visible while the phone is idle.
https://www.cnet.com/rss/all/;https://www.cnet.com/tech/mobile/apple-adds-new-a16-processor-to-iphone-14-pro-series-only/#ftag=CADf328eec;2022-09-07 18:22:00+00:00;False;Apple Adds New A16 Processor to iPhone 14 Pro Series Only     - CNET;The other new iPhones will have to make do with last year's A15.
https://www.cnet.com/rss/all/;https://www.cnet.com/tech/mobile/apple-watch-series-8-is-official/#ftag=CADf328eec;2022-09-07 18:22:00+00:00;False;Apple Watch Series 8 Is Official     - CNET;Apple announced the smartwatch at its September event today. The Apple Watch Series 8 also features a new low-power mode.
https://www.cnet.com/rss/all/;https://www.cnet.com/tech/mobile/iphone-14s-new-emergency-sos-feature-is-designed-to-help-you-connect-in-emergencies/#ftag=CADf328eec;2022-09-07 18:21:00+00:00;False;iPhone 14's New Emergency SOS Feature is Designed to Help You Connect in Emergencies     - CNET;It's not a true satellite phone, but it could help connect you to first responders when cell service isn't available.
https://www.cnet.com/rss/all/;https://www.cnet.com/tech/mobile/apple-makes-the-iphone-14-14-plus-official/#ftag=CADf328eec;2022-09-07 18:20:00+00:00;False;iPhone 14, iPhone 14 Plus Are Official: What You Need To Know     - CNET;The 2022 iPhones have arrived, and here's everything you need to know.
https://www.cnet.com/rss/all/;https://www.cnet.com/videos/apple-unveils-iphone-14-and-bigger-iphone-14-plus/#ftag=CADf328eec;2022-09-07 18:18:00+00:00;False;Apple Unveils iPhone 14 and Bigger iPhone 14 Plus video     - CNET;The new iPhone 14 and larger iPhone 14 Plus will come with the A15 Bionic chip for faster processing, as well as an updated front camera and eSIM capabilities.
https://www.cnet.com/rss/all/;https://www.cnet.com/health/parenting/new-apple-watch-temperature-sensor-aims-to-track-your-fertility/#ftag=CADf328eec;2022-09-07 18:13:00+00:00;False;New Apple Watch Temperature Sensor Aims to Track Your Fertility     - CNET;Whether they're trying to get pregnant or avoid pregnancy, Watch Series 8 owners will have another clue into ovulation.
https://www.cnet.com/rss/all/;https://www.cnet.com/videos/apple-debuts-all-new-apple-watch-ultra/#ftag=CADf328eec;2022-09-07 18:12:00+00:00;False;Apple Debuts All-New Apple Watch Ultra video     - CNET;At Apple's "Far Out" event in Cupertino, California, the company unveils an all-new Watch designed for rugged, outdoor adventure enthusiasts.
https://www.cnet.com/rss/all/;https://www.cnet.com/tech/mobile/apples-iphone-14-will-cost-you-as-much-as-the-iphone-13/#ftag=CADf328eec;2022-09-07 18:10:35+00:00;False;Apple's iPhone 14 Will Cost You As Much As the iPhone 13     - CNET;Remember when the iPhone cost $399? Good times.
https://www.cnet.com/rss/all/;https://www.cnet.com/tech/mobile/apples-iphone-14-comes-with-longer-battery-life/#ftag=CADf328eec;2022-09-07 18:10:00+00:00;False;Apple's iPhone 14 Comes With Longer Battery Life     - CNET;The new iPhone lineup comes with battery upgrades.
https://www.cnet.com/rss/all/;https://www.cnet.com/tech/mobile/iphone-14-pro-and-iphone-14-pro-max-get-official-reveal-at-apples-event/#ftag=CADf328eec;2022-09-07 18:10:00+00:00;False;iPhone 14 Pro and iPhone 14 Pro Max Get Official Reveal at Apple's Event     - CNET;The iPhone 14 Pro brings new tech, and here's everything you need to know.
https://www.cnet.com/rss/all/;https://www.cnet.com/tech/mobile/bye-bye-iphone-14-sim-cards-apple-fully-embraces-esim/#ftag=CADf328eec;2022-09-07 18:06:00+00:00;False;Bye, Bye iPhone 14 SIM Cards: Apple Fully Embraces eSIM     - CNET;Apple's latest phones are doing away with physical SIM cards.
https://www.cnet.com/rss/all/;https://www.cnet.com/tech/mobile/apple-iphone-14-takes-better-photos-when-its-dark-out/#ftag=CADf328eec;2022-09-07 18:04:00+00:00;False;Apple iPhone 14 Takes Better Photos When It's Dark Out     - CNET;A new Photonic Engine improves color and detail for photography Apple's new iPhones.
https://www.cnet.com/rss/all/;https://www.cnet.com/videos/apple-introduces-new-airpods-pro-for-249/#ftag=CADf328eec;2022-09-07 18:02:00+00:00;False;Apple Introduces New AirPods Pro for $249 video     - CNET;During its "Far Out" event, Apple introduced new AirPods Pro with more powerful noise-canceling technology, longer battery life and updated touch controls.
https://www.cnet.com/rss/all/;https://www.cnet.com/tech/mobile/iphone-14-plus-revealed-with-new-cameras-emergency-sos-via-satellite/#ftag=CADf328eec;2022-09-07 17:59:00+00:00;False;iPhone 14 Plus is $899 With New Cameras, Emergency SOS via Satellite     - CNET;Your big-friendly not-super expensive iPhone has arrived.
https://www.cnet.com/rss/all/;https://www.cnet.com/culture/internet/dont-worry-darling-florence-pugh-olivia-wilde-and-the-cast-drama-explained/#ftag=CADf328eec;2022-09-07 17:55:00+00:00;False;'Don't Worry Darling': Florence Pugh, Olivia Wilde and the Cast Drama Explained     - CNET;The movie is sending the internet wild for all sorts of reasons.
https://www.cnet.com/rss/all/;https://www.cnet.com/videos/bose-quietcomfort-earbuds-ii-better-design-better-performance/#ftag=CADf328eec;2022-09-07 17:43:04+00:00;False;Bose QuietComfort EarBuds II: better design, better performance video     - CNET;Bose unveils the new QuietComfort Earbuds 2, with a price tag of $299, and it promises their noise-canceling technology is the best ever.
https://www.cnet.com/rss/all/;https://www.cnet.com/tech/mobile/apple-unveils-airpods-pro-2/#ftag=CADf328eec;2022-09-07 17:43:00+00:00;False;New AirPods Pro 2 Add Better Noise Canceling and Sound for Same $249 Price     - CNET;Alongside its launch of the iPhone 14, Apple also took the wraps off its latest earbud headphones.
https://www.cnet.com/rss/all/;https://www.cnet.com/tech/mobile/new-apple-watch-se-starts-at-249-includes-car-crash-detection/#ftag=CADf328eec;2022-09-07 17:43:00+00:00;False;New Apple Watch SE Starts at $249, Includes Car Crash Detection     - CNET;The Apple Watch SE is getting a 2022 refresh with a lower starting price.
https://www.cnet.com/rss/all/;https://www.cnet.com/tech/mobile/new-apple-watch-brings-36-hours-of-battery-life-with-low-power-mode/#ftag=CADf328eec;2022-09-07 17:42:00+00:00;False;New Apple Watch Brings 36 Hours of Battery Life With Low-Power Mode     - CNET;The news comes during Apple's Sept. 7 event.
https://www.cnet.com/rss/all/;https://www.cnet.com/videos/apple-reveals-new-apple-watch-se-for-249/#ftag=CADf328eec;2022-09-07 17:40:00+00:00;False;Apple Reveals New Apple Watch SE for $249 video     - CNET;At Apple's September 2022 event, the company updated the more-affordable Apple Watch SE with a redesigned back case, new motion sensors and faster processing.
https://www.cnet.com/rss/all/;https://www.cnet.com/videos/apple-watch-series-8-can-detect-car-crashes/#ftag=CADf328eec;2022-09-07 17:40:00+00:00;False;Apple Watch Series 8 Can Detect Car Crashes video     - CNET;At Apple's September 2022 event, the company introduces its newest smartwatch, the Apple Watch Series 8. The device includes new sensors that can detect if you've been in a car crash.
https://www.cnet.com/rss/all/;https://www.cnet.com/tech/mobile/bose-says-its-new-quietcomfort-earbuds-2-have-the-best-noise-canceling-ever/#ftag=CADf328eec;2022-09-07 17:30:02+00:00;False;Bose Says Its New QuietComfort Earbuds 2 Have the Best Noise Canceling Ever     - CNET;The new wireless earbuds are 30% smaller and feature improved noise canceling and better sound -- along with a higher $299 price tag.
https://www.cnet.com/rss/all/;https://www.cnet.com/tech/mobile/apple-watch-ultra-announced-at-far-out-event/#ftag=CADf328eec;2022-09-07 17:29:42+00:00;False;Apple Watch Ultra Announced at Far Out Event     - CNET;The high-end Apple Watch Ultra adds new features and a new design.
https://www.cnet.com/rss/all/;https://www.cnet.com/health/medical/apple-adds-new-temperature-sensor-for-fertility-tracking/#ftag=CADf328eec;2022-09-07 17:27:46+00:00;False;Apple Adds New Temperature Sensor For Fertility Tracking     - CNET;Whether they're trying to get pregnant or avoid pregnancy, Watch Series 8 owners will have another clue into ovulation.
https://www.cnet.com/rss/all/;https://www.cnet.com/tech/mobile/apple-watch-se-update-brings-new-features-to-the-cheaper-watch/#ftag=CADf328eec;2022-09-07 17:22:02+00:00;False;Apple Watch SE Update Brings New Features to the Cheaper Watch     - CNET;The Apple Watch SE is getting a 2022 refresh.
https://www.cnet.com/rss/all/;https://www.cnet.com/tech/mobile/apple-watch-series-8-coming-on-september-16/#ftag=CADf328eec;2022-09-07 17:21:00+00:00;False;Apple Watch Series 8 Coming on September 16     - CNET;The newest version of the Apple wearable is now available for pre-order.
https://www.cnet.com/rss/all/;https://www.cnet.com/tech/mobile/crash-detection-feature-comes-to-apple-watch-series-8/#ftag=CADf328eec;2022-09-07 17:19:00+00:00;False;Crash Detection Feature Comes to Apple Watch Series 8     - CNET;A new Apple Watch feature knows if you've been in a car crash.
https://www.cnet.com/rss/all/;https://www.cnet.com/tech/mobile/apple-iphone-14-pro-max-needs-a-lot-more-than-a-bigger-screen-to-stand-out/#ftag=CADf328eec;2022-09-07 17:16:11+00:00;False;Apple's iPhone 14 Pro Max Needs a Lot More Than a Bigger Screen to Stand Out     - CNET;Commentary: A bigger screen alone might not be enough for the Pro Max to stand out this year.
https://www.cnet.com/rss/all/;https://www.cnet.com/science/biology/sorry-researchers-didnt-find-a-40-ton-megalodon-shark-alive/#ftag=CADf328eec;2022-09-07 17:15:35+00:00;False;Sorry, Researchers Didn't Find a 40-Ton Megalodon Shark Alive     - CNET;The ancient apex predator megalodon is still extinct.
https://www.cnet.com/rss/all/;https://www.cnet.com/tech/mobile/apple-watch-series-8-announced-at-apples-september-event/#ftag=CADf328eec;2022-09-07 17:07:00+00:00;False;Apple Watch Series 8 With Temperature Sensor and Crash Detection Announced     - CNET;As expected, the latest Apple Watch shows its face.
https://www.cnet.com/rss/all/;https://www.cnet.com/tech/mobile/ios-16-and-iphone-14-bring-back-a-favorite-feature-fans-have-missed-for-years/#ftag=CADf328eec;2022-09-07 17:00:31+00:00;False;iPhone 14 and iOS 16 Will Bring Back a Favorite Feature Fans Have Missed for Years     - CNET;Battery percentage is a very big deal.
https://www.cnet.com/rss/all/;https://www.cnet.com/personal-finance/pbm-nutritionals-baby-formula-settlement-are-you-entitled-to-a-check/#ftag=CADf328eec;2022-09-07 17:00:27+00:00;False;$2 Million Baby Formula Settlement: Are You Entitled to a Check?     - CNET;PBM Nutritionals -- maker of formula for Target, Walmart and Sam's Club -- is accused of shorting customers on how many servings are in each container.
https://www.cnet.com/rss/all/;https://www.cnet.com/tech/gaming/pokemon-gos-september-community-day-will-star-roggenrola/#ftag=CADf328eec;2022-09-07 17:00:21+00:00;False;Pokemon Go's September Community Day Will Star Roggenrola     - CNET;You'll have many more chances to catch the rock Pokemon during this month's Community Day.
https://www.cnet.com/rss/all/;https://www.cnet.com/tech/computing/best-3d-printer/#ftag=CADf328eec;2022-09-07 17:00:15+00:00;False;Best 3D Printer for 2022     - CNET;These are our favorite 3D printers, scanners and laser cutters for all makers and creators in 2022.
https://www.cnet.com/rss/all/;https://www.cnet.com/tech/home-entertainment/best-streaming-device/#ftag=CADf328eec;2022-09-07 17:00:06+00:00;False;Best Streaming Device for 2022: Our Picks from Roku, Google, Fire TV and Apple     - CNET;There are tons of streaming devices available, but which one is right for you? We've reviewed them all in order to help you choose.
https://www.cnet.com/rss/all/;https://www.cnet.com/tech/mobile/apple-watch-8-here-are-all-the-features-on-my-wishlist/#ftag=CADf328eec;2022-09-07 16:56:00+00:00;False;Apple Watch 8: All of the Features on My Wishlist     - CNET;Here's what I'd like to see announced for the Apple Watch at Apple's "Far Out" event.
https://www.cnet.com/rss/all/;https://www.cnet.com/tech/mobile/verizons-new-one-unlimited-for-iphone-plan-swaps-apple-one-for-the-disney-bundle/#ftag=CADf328eec;2022-09-07 16:54:00+00:00;False;Verizon's New One Unlimited For iPhone Plan Swaps Apple One For The Disney Bundle     - CNET;Verizon has a new plan geared towards people with Apple devices.
https://www.cnet.com/rss/all/;https://www.cnet.com/tech/mobile/diy-iphone-battery-replacement-how-i-fixed-my-phone-at-home/#ftag=CADf328eec;2022-09-07 16:53:08+00:00;False;DIY iPhone Battery Replacement: How I Fixed My Phone at Home     - CNET;I replaced my iPhone battery at home by myself and it worked. Here's how you can do the same.
https://www.cnet.com/rss/all/;https://www.cnet.com/science/space/rock-n-roll-on-mars-nasa-rovers-wheel-picks-up-hitchhiking-pebble/#ftag=CADf328eec;2022-09-07 16:53:00+00:00;False;NASA Mars Rover Snags Hitchhiking Rock Buddy on Its Wheel     - CNET;NASA's Perseverance isn't the only rover with a red planet rock along for the ride.
https://www.cnet.com/rss/all/;https://www.cnet.com/tech/mobile/what-will-apples-iphone-14-look-like-well-find-out-soon/#ftag=CADf328eec;2022-09-07 16:49:00+00:00;False;What Will Apple's iPhone 14 Look Like? We'll Find Out Soon     - CNET;Here are the biggest rumored design changes we may see at today's Apple event.
https://www.cnet.com/rss/all/;https://www.cnet.com/tech/mobile/ios-16-use-your-nintendo-switch-joy-cons-with-your-iphone-and-ipad/#ftag=CADf328eec;2022-09-07 16:49:00+00:00;False;iOS 16: Use Your Nintendo Switch Joy-Cons With Your iPhone and iPad     - CNET;If you own a pair of Joy-Con controllers, it takes only a few seconds to pair them to your Apple device. Here's how.
https://www.cnet.com/rss/all/;https://www.cnet.com/tech/mobile/is-your-phone-waterproof-ip68-ip67-rating-explained-waterproof-resistant/#ftag=CADf328eec;2022-09-07 16:45:45+00:00;False;Can I Go Swimming With My iPhone? Breaking Down Water-Resistance Ratings     - CNET;Your phone might not be as waterproof as you think. Here's what IP67, IP68 and IPX8 actually mean.
https://www.cnet.com/rss/all/;https://www.cnet.com/tech/mobile/iphone-14-pro-max-should-steal-these-features-from-the-ipad/#ftag=CADf328eec;2022-09-07 16:41:00+00:00;False;iPhone 14 Pro Max Should Steal These Features from the iPad     - CNET;Commentary: I want more ways to put the iPhone 14 Pro Max's (rumored) larger screen to use.
https://www.cnet.com/rss/all/;https://www.cnet.com/tech/mobile/my-biggest-wishes-for-apples-iphone-14/#ftag=CADf328eec;2022-09-07 16:26:15+00:00;False;My Biggest Wishes for Apple's iPhone 14     - CNET;Commentary: Today is Apple's September launch event, and I have high hopes for the new iPhone.
https://www.cnet.com/rss/all/;https://www.cnet.com/tech/services-and-software/not-a-fan-of-ios-16-how-to-revert-new-annoying-iphone-features/#ftag=CADf328eec;2022-09-07 16:25:28+00:00;False;Not a Fan of iOS 16? How to Revert New Annoying iPhone Features     - CNET;iOS 16 adds great new features... and others that have less appeal. Learn how to switch off the ones you don't like.
https://www.cnet.com/rss/all/;https://www.cnet.com/tech/mobile/ios-16-wont-work-with-every-iphone-is-yours-compatible/#ftag=CADf328eec;2022-09-07 16:24:49+00:00;False;iOS 16 Won't Work With Every iPhone. Is Yours Compatible?     - CNET;Apple is launching iOS 16 very soon -- to most iPhones, at least.
https://www.cnet.com/rss/all/;https://www.cnet.com/roadshow/pictures/bentley-flying-spur-speed-sedan/#ftag=CADf328eec;2022-09-07 16:20:42+00:00;False;Bentley Flying Spur Speed Packs a Wallop     - CNET;Bentley's range-topping Flying Spur has 626 horsepower.
https://www.cnet.com/rss/all/;https://www.cnet.com/news/optimum-vs-verizon-fios/#ftag=CADf328eec;2022-09-07 16:19:03+00:00;False;Optimum vs. Verizon Fios: Which Should Earn Your Trust for Home Internet?     - CNET;These two broadband providers go head to head for your business throughout the Northeast. What are the differences? We're glad you asked.
https://www.cnet.com/rss/all/;https://www.cnet.com/health/medical/juul-will-pay-states-close-to-440-million-in-vaping-settlement/#ftag=CADf328eec;2022-09-07 16:17:29+00:00;False;Juul Will Pay States Close to $440 Million in Vaping Settlement     - CNET;The agreement is a result of a two-year investigation into Juul's marketing and sales practices.
https://www.cnet.com/rss/all/;https://www.cnet.com/tech/mobile/verizons-new-one-unlimited-for-iphone-plan-adds-apple-one-drops-disney-bundle/#ftag=CADf328eec;2022-09-07 16:16:15+00:00;False;Verizon's New One Unlimited For iPhone Plan Adds Apple One, Drops Disney Bundle     - CNET;Verizon has a new plan geared towards Apple users.
https://www.cnet.com/rss/all/;https://www.cnet.com/tech/mobile/apple-event-live-blog-iphone-14-apple-watch-series-8/#ftag=CADf328eec;2022-09-07 16:15:00+00:00;False;Apple Event Live Blog: iPhone 14, Apple Watch Series 8 and More     - CNET;Apple's iPhone event takes place today, and the CNET team is covering all the action live. Join us to follow along.
https://www.cnet.com/rss/all/;https://www.cnet.com/tech/gaming/ps5-revamp-cuts-weight-and-power-consumption/#ftag=CADf328eec;2022-09-07 16:08:00+00:00;False;PS5 Revamp Cuts Weight and Power Consumption     - CNET;Sony's new 1200 model lessens the load in both grams and watts.
https://www.cnet.com/rss/all/;https://www.cnet.com/tech/mobile/iphone-14-apple-watch-series-8-and-everything-else-we-expect-at-todays-event/#ftag=CADf328eec;2022-09-07 16:06:35+00:00;False;iPhone 14, Apple Watch Series 8 and Everything Else We Expect at Today's Event     - CNET;A brand-new iPhone may be the star of Apple's show, but other big announcements could come today too.
https://www.cnet.com/rss/all/;https://www.cnet.com/tech/services-and-software/disney-plus-offers-a-one-month-subscription-for-2-to-any-new-sign-ups/#ftag=CADf328eec;2022-09-07 16:06:23+00:00;False;Disney Plus Offers a One-Month Subscription for $2 to Any New Sign-ups     - CNET;The deal, a discount for a subscription that's normally $8 a month, comes three months before Disney Plus will hike prices.
https://www.cnet.com/rss/all/;https://www.cnet.com/news/ring-adds-end-to-end-encryption-on-more-devices/#ftag=CADf328eec;2022-09-07 16:06:00+00:00;False;Ring Adds End-to-End Encryption on More Devices     - CNET;Support for battery-operated cameras and doorbells is now available.
https://www.cnet.com/rss/all/;https://www.cnet.com/tech/mobile/how-to-watch-todays-apple-event-live-reveals-of-iphone-14-apple-watch-and-more/#ftag=CADf328eec;2022-09-07 16:05:20+00:00;False;Today's Apple Event Is Minutes Away: How to Watch iPhone 14, Apple Watch Series 8 Reveals     - CNET;Here's where you can livestream Apple's much-hyped "Far Out" event, happening at 10 a.m. PT today.
https://www.cnet.com/rss/all/;https://www.cnet.com/personal-finance/apples-14-8-million-icloud-settlement-when-will-my-money-arrive/#ftag=CADf328eec;2022-09-07 16:04:00+00:00;False;Apple's $14.8 Million iCloud Settlement: When Will My Money Arrive?     - CNET;A class action suit claimed Apple didn't tell iCloud subscribers it used third-party servers to store their data.
https://www.cnet.com/rss/all/;https://www.cnet.com/science/space/scientists-locate-2-potentially-habitable-worlds-100-light-years-away/#ftag=CADf328eec;2022-09-07 16:02:38+00:00;False;Scientists Locate 2 Potentially Habitable Worlds 100 Light-Years Away     - CNET;Say hello to the exoplanet zoo's newest additions.
https://www.cnet.com/rss/all/;https://www.cnet.com/news/social-media/twitter-ramps-up-fact-checking-project-ahead-of-us-midterms/#ftag=CADf328eec;2022-09-07 16:00:03+00:00;False;Twitter Ramps Up Fact-Checking Project Ahead of US Midterms     - CNET;The social media platform is trying to get more Twitter users to participate in a crowdsourced fact-checking effort.
https://www.cnet.com/rss/all/;https://www.cnet.com/tech/services-and-software/ios-16-lets-you-unsend-and-edit-text-messages-how-it-works/#ftag=CADf328eec;2022-09-07 15:59:28+00:00;False;iOS 16 Lets You Unsend and Edit Text Messages: How It Works     - CNET;The ability to edit and cancel text messages could be a game changer for the iPhone.
https://www.cnet.com/rss/all/;https://www.cnet.com/tech/mobile/iphone-14-reveal-happening-soon-rumors-to-know-before-apples-far-out-event/#ftag=CADf328eec;2022-09-07 15:54:00+00:00;False;iPhone 14 Reveal Happening Today: Rumors to Know Before Apple's 'Far Out' Event     - CNET;Apple is expected to show off the long-rumored iPhone 14 at today's Apple event. Here's all the buzz we've heard about the next iPhone.
https://www.cnet.com/rss/all/;https://www.cnet.com/culture/entertainment/harry-styles-in-more-relationship-drama-in-my-policeman-trailer/#ftag=CADf328eec;2022-09-07 15:49:00+00:00;False;Harry Styles in More Relationship Drama in 'My Policeman' Trailer     - CNET;Styles plays a policeman whose love puts him on the wrong side of the law, coming soon to Prime Video.
https://www.cnet.com/rss/all/;https://www.cnet.com/culture/entertainment/d23-expo-2022-the-disney-marvel-and-star-wars-reveals-to-expect-from-this-weeks-convention/#ftag=CADf328eec;2022-09-07 15:44:41+00:00;False;D23 Expo 2022: The Disney, Marvel and Star Wars Reveals to Expect From This Week's Convention     - CNET;The House of Mouse will showcase movies, Disney Plus shows, video games and theme park plans as fans come together to celebrate its 100th anniversary.
https://www.cnet.com/rss/all/;https://www.cnet.com/tech/services-and-software/these-little-known-ios-16-features-could-steal-the-show-on-iphone-14/#ftag=CADf328eec;2022-09-07 15:41:03+00:00;False;These Little-Known iOS 16 Features Could Steal the iPhone 14 Show     - CNET;On the verge of Apple's iOS 16 release, take a look at some lesser-known features that will soon hit your iPhone.
https://www.cnet.com/rss/all/;https://www.cnet.com/tech/gaming/new-xbox-elite-wireless-controller-series-2-core-is-cheaper-prettier/#ftag=CADf328eec;2022-09-07 15:41:00+00:00;False;New Xbox Elite Wireless Controller Series 2 Core is Cheaper, Prettier     - CNET;The white version of the Xbox pro controller goes for $130 and offers less hardware customization, but now the Elite models can be personalized in the Xbox Design Lab.
https://www.cnet.com/rss/all/;https://www.cnet.com/tech/mobile/why-now-is-the-worst-possible-moment-to-buy-a-new-iphone/#ftag=CADf328eec;2022-09-07 15:34:00+00:00;False;Why Now Is the Worst Possible Moment to Buy a New iPhone     - CNET;The expected iPhone 14 reveal is happening shortly -- and that means big discounts for older iPhones are coming soon. You'll want to wait for those sales to hit.
https://www.cnet.com/rss/all/;https://www.cnet.com/tech/mobile/ios-16-all-the-cool-new-features-coming-to-your-iphone/#ftag=CADf328eec;2022-09-07 15:27:00+00:00;False;iOS 16: All the Cool, New Features Coming to Your iPhone     - CNET;Battery percentage is back, and there's a whole new lock screen.
https://www.cnet.com/rss/all/;https://www.cnet.com/tech/services-and-software/researchers-identify-likely-iranian-state-sponsored-cyber-espionage-group/#ftag=CADf328eec;2022-09-07 15:23:40+00:00;False;Researchers Identify Likely Iranian State-Sponsored Cyber Espionage Group     - CNET;The researchers for Mandiant say the group is targeting opponents of the Iranian regime.
https://www.cnet.com/rss/all/;https://www.cnet.com/how-to/save-up-to-75-on-your-home-internet-with-this-federal-program/#ftag=CADf328eec;2022-09-07 15:11:35+00:00;False;You Could Save up to $75 on Your Home Internet With This Federal Program     - CNET;The Affordable Connectivity Program could get you free home broadband if you're eligible. Find out if you qualify.
https://www.cnet.com/rss/all/;https://www.cnet.com/personal-finance/credit-cards/bank-of-america-credit-cards/#ftag=CADf328eec;2022-09-07 15:08:29+00:00;False;Bank of America Credit Cards for September 2022     - CNET;You don't need to bank with Bank of America to get approved for one of their credit cards.
https://www.cnet.com/rss/all/;https://www.cnet.com/personal-finance/social-security-benefits-could-go-up-more-than-150-a-month-next-year/#ftag=CADf328eec;2022-09-07 15:06:00+00:00;False;Social Security Benefits Could Go Up More Than $150 a Month Next Year     - CNET;Analysts are predicting the cost-of-living-increase for Social Security benefits will be the biggest in decades.
https://www.cnet.com/rss/all/;https://www.cnet.com/tech/mobile/apples-iphone-14-pro-and-pro-max-may-be-more-expensive-than-before/#ftag=CADf328eec;2022-09-07 15:01:00+00:00;False;Apple's iPhone 14 Pro and Pro Max May Be More Expensive Than Before     - CNET;Ahead of today's Apple event, here's what rumors say about the iPhone 14 lineup's price.
https://www.cnet.com/rss/all/;https://www.cnet.com/personal-finance/credit-cards/best-airline-credit-card/#ftag=CADf328eec;2022-09-07 14:49:00+00:00;False;Best Airline Credit Cards in September 2022     - CNET;Whether you have a favorite airline or chase the best deals on flights, there is a credit card that will maximize your rewards.
https://www.cnet.com/rss/all/;https://www.cnet.com/tech/mobile/how-to-watch-todays-apples-event-iphone-14-apple-watch-live-reveals-expected/#ftag=CADf328eec;2022-09-07 14:43:00+00:00;False;How to Watch Today's Apple Event Live: iPhone 14, Apple Watch Reveals Expected     - CNET;Want to livestream the Apple event? We've got the details.
https://www.cnet.com/rss/all/;https://www.cnet.com/deals/grab-refurbished-kindles-and-fire-tablets-for-as-low-as-15/#ftag=CADf328eec;2022-09-07 14:30:00+00:00;False;Amazon Fire Tablet and Kindle E-Reader Refurbs Are Available Starting at Just $15 This Week     - CNET;If you don't mind a few dings and scrapes, these great deals will let you read or stream wherever you go.
https://www.cnet.com/rss/all/;https://www.cnet.com/tech/mobile/will-the-apple-watch-pro-be-revealed-today-every-rumor-to-know/#ftag=CADf328eec;2022-09-07 14:30:00+00:00;False;Will the Apple Watch Pro Be Revealed Today? Every Rumor to Know     - CNET;The rumored higher end, rugged Apple Watch could have longer battery life and a bigger screen than the regular Series 8.
https://www.cnet.com/rss/all/;https://www.cnet.com/deals/score-60-off-select-beauty-items-at-elf-cosmetics/#ftag=CADf328eec;2022-09-07 14:28:42+00:00;False;Score 60% Off Select Beauty Items at Elf Cosmetics     - CNET;This sale will give you all the makeup and skin care you need to look great this fall.
https://www.cnet.com/rss/all/;https://www.cnet.com/culture/entertainment/wendell-wild-trailer-stars-jordan-peele-and-keegan-michael-key-as-demons/#ftag=CADf328eec;2022-09-07 14:22:41+00:00;False;'Wendell & Wild' Trailer Stars Jordan Peele and Keegan-Michael Key as Demons     - CNET;The stop-motion movie from Coraline director Henry Selick will spook Netflix in October.
https://www.cnet.com/rss/all/;https://www.cnet.com/tech/gaming/pokemon-scarlet-and-violet-nintendo-switch-oled-is-beautiful-coming-nov-4/#ftag=CADf328eec;2022-09-07 14:17:07+00:00;False;Pokemon Scarlet and Violet Nintendo Switch OLED is Beautiful, Coming Nov. 4     - CNET;Ahead of the games' Nov. 18 release.
https://www.cnet.com/rss/all/;https://www.cnet.com/tech/gaming/ps5-update-released-with-1440p-resolution/#ftag=CADf328eec;2022-09-07 14:16:00+00:00;False;PS5 Update Released With 1440p Resolution     - CNET;The PlayStation is receiving a host of fresh upgrades like game lists.
https://www.cnet.com/rss/all/;https://www.cnet.com/deals/save-60-on-a-hulu-live-tv-subscription-just-in-time-for-nfl-season/#ftag=CADf328eec;2022-09-07 14:15:00+00:00;False;Save $60 on a Hulu and Live TV Subscription Just In Time for NFL Season     - CNET;Stream NFL games, watch Hulu and Disney originals and much more with this Hulu + Live TV deal that saves you $20 a month for the first three months.
https://www.cnet.com/rss/all/;https://www.cnet.com/tech/gaming/splatoon-3-review-do-you-get-it-over-splatoon-2/#ftag=CADf328eec;2022-09-07 14:01:13+00:00;False;Splatoon 3 Review In Progress: Do You Need It Over Splatoon 2?     - CNET;You may not need it, but it's what everyone with a Switch is likely to be playing.
https://www.cnet.com/rss/all/;https://www.cnet.com/roadshow/news/best-cargo-box/#ftag=CADf328eec;2022-09-07 14:01:09+00:00;False;Best Cargo Box for 2022     - CNET;Here are the best vehicle cargo boxes in a variety of shapes and sizes.
https://www.cnet.com/rss/all/;https://www.cnet.com/culture/entertainment/who-is-the-stranger-in-the-rings-of-power/#ftag=CADf328eec;2022-09-07 14:01:03+00:00;False;Who Is the Stranger in 'The Rings of Power'?     - CNET;Nobody knows who this mysterious Rings of Power character is, but there's speculation all over the internet.
https://www.cnet.com/rss/all/;https://www.cnet.com/tech/gaming/pokemon-scarlet-and-violet-every-new-pokemon-revealed-so-far/#ftag=CADf328eec;2022-09-07 14:00:13+00:00;False;Pokemon Scarlet and Violet: Every New Pokemon Revealed So Far     - CNET;Take a look at some new Pokemon debuting in the upcoming Nintendo Switch games.
https://www.cnet.com/rss/all/;https://www.cnet.com/tech/mobile/join-cnets-apple-event-watch-party-today/#ftag=CADf328eec;2022-09-07 13:36:00+00:00;False;Join CNET's Apple Event Watch Party Today     - CNET;CNET's live show will kick off at 9 a.m. PT today -- an hour before Apple's event. We'll also offer live chat during the event and wrap up with post-event analysis.
https://www.cnet.com/rss/all/;https://www.cnet.com/personal-finance/credit-cards/the-business-platinum-card-from-american-express-review/#ftag=CADf328eec;2022-09-07 13:20:16+00:00;False;The Business Platinum Card from American Express: A Valuable Card for Business Travel     - CNET;If you can take full advantage of the perks and credits, your business trips will be far more comfortable.
https://www.cnet.com/rss/all/;https://www.cnet.com/tech/gaming/gotham-knights-trailer-dives-into-batman-familys-origins/#ftag=CADf328eec;2022-09-07 13:06:12+00:00;False;Gotham Knights Trailer Dives Into Batman Family's Origins     - CNET;Developers reveal how the upcoming game reimagines Batgirl, Nightwing, Red Hood and Robin.
https://www.cnet.com/rss/all/;https://www.cnet.com/tech/services-and-software/how-to-set-up-a-vpn-on-iphone/#ftag=CADf328eec;2022-09-07 13:00:11+00:00;False;Set Up a VPN on Your iPhone: Here's How     - CNET;Here's the easy way to install a virtual private network on your iPhone and boost your privacy.
https://www.cnet.com/rss/all/;https://www.cnet.com/health/sleep/best-mattress-for-back-pain/#ftag=CADf328eec;2022-09-07 13:00:05+00:00;False;Best Mattress for Back Pain in 2022     - CNET;Waking up with back pain? These mattresses combine comfort and support for a restful night and a pain-free morning.
https://www.cnet.com/rss/all/;https://www.cnet.com/personal-finance/mortgages/current-mortgage-interest-rates-on-sep-7-2022-rates-move-higher/#ftag=CADf328eec;2022-09-07 13:00:00+00:00;False;Current Mortgage Interest Rates on Sept. 7, 2022: Rates Move Higher     - CNET;Today some key mortgage rates crept higher. If you're shopping for a mortgage, see how your payments might be affected by inflation.
https://www.cnet.com/rss/all/;https://www.cnet.com/personal-finance/mortgages/mortgage-refinance-rates-on-sep-7-2022-rates-move-higher/#ftag=CADf328eec;2022-09-07 13:00:00+00:00;False;Mortgage Refinance Rates on Sept. 7, 2022: Rates Move Higher     - CNET;Several benchmark refinance rates climbed higher today. Though refinance rates change daily, experts expect rates to climb this year.
https://www.cnet.com/rss/all/;https://www.cnet.com/tech/mobile/iphone-14-release-date-launch-is-today-but-when-can-you-buy-one/#ftag=CADf328eec;2022-09-07 12:59:00+00:00;False;iPhone 14 Release Date: Launch Is Today, but When Can You Buy One?     - CNET;Apple is expected to introduce the iPhone 14 today. Here's exactly when we think the newest iPhone will go up for preorder and hit store shelves.
https://www.cnet.com/rss/all/;https://www.cnet.com/deals/grab-the-amazon-fire-hd-kids-8-bundle-for-as-low-as-108/#ftag=CADf328eec;2022-09-07 12:56:00+00:00;False;Grab the Amazon Fire HD Kids 8 Bundle for as Low as $108     - CNET;Not only is this tablet kid-friendly, durable and loaded with parental controls, but now it comes with a portable charger and other accessories to use on the go.
https://www.cnet.com/rss/all/;https://www.cnet.com/tech/mobile/iphone-14-reveal-is-hours-away-last-minute-rumors-to-know/#ftag=CADf328eec;2022-09-07 12:46:00+00:00;False;iPhone 14 Reveal Is Hours Away: Last-Minute Rumors to Know     - CNET;All signs point to Apple unveiling the next iPhone lineup at the company's event today.
https://www.cnet.com/rss/all/;https://www.cnet.com/tech/mobile/iphone-trade-in-your-best-option-for-selling-your-old-iphone-before-buying-a-new-one/#ftag=CADf328eec;2022-09-07 12:27:00+00:00;False;iPhone Trade-In: The Best Places to Sell an Old iPhone Before Buying a New One     - CNET;Ready to upgrade to a new iPhone? Trade in your old one first.
https://www.cnet.com/rss/all/;https://www.cnet.com/tech/mobile/apple-watch-series-8-arrives-today-every-rumor-to-know-before/#ftag=CADf328eec;2022-09-07 12:23:00+00:00;False;Apple Watch Series 8 Arrives Today: Every Rumor to Know Before     - CNET;Ahead of Apple's big event today, here's the buzz we've heard about the next Apple Watch's design, battery life, new Pro model and more.
https://www.cnet.com/rss/all/;https://www.cnet.com/culture/entertainment/thor-love-and-thunder-ending-explained-home-release-dates/#ftag=CADf328eec;2022-09-07 12:13:47+00:00;False;'Thor: Love and Thunder' Ending Explained, Hits Disney Plus This Week     - CNET;Streaming and on digital Thursday, how does Chris Hemsworth and Natalie Portman's Thor 4 set up future Marvel adventures?
https://www.cnet.com/rss/all/;https://www.cnet.com/tech/mobile/iphone-14-vs-iphone-13-how-will-apples-newest-phone-stack-up/#ftag=CADf328eec;2022-09-07 12:09:44+00:00;False;iPhone 14 vs. iPhone 13: How Will Apple's Newest Phone Stack Up?     - CNET;At the Apple event in just a few hours, we're expecting to find out exactly how the next iPhone will compare to last year's model.
https://www.cnet.com/rss/all/;https://www.cnet.com/tech/mobile/apple-store-down-ahead-of-iphone-14-reveal/#ftag=CADf328eec;2022-09-07 11:13:00+00:00;False;Apple Store Down Ahead of iPhone 14 Reveal     - CNET;The launch event starts at 10 a.m. PT today.
https://www.cnet.com/rss/all/;https://www.cnet.com/roadshow/news/2023-toyota-gr-supra-manual-first-drive-review/#ftag=CADf328eec;2022-09-07 11:00:52+00:00;False;2023 Toyota GR Supra 3.0 Manual First Drive Review: Slick With a Stick     - CNET;A little extra engagement doesn't dramatically alter this exciting sports car.
https://www.cnet.com/rss/all/;https://www.cnet.com/science/space/planet-hunters-locate-2-potentially-habitable-worlds-100-light-years-away/#ftag=CADf328eec;2022-09-07 11:00:44+00:00;False;Planet Hunters Locate 2 Potentially Habitable Worlds 100 Light-Years Away     - CNET;Say hello to the exoplanet zoo's newest additions.
https://www.cnet.com/rss/all/;https://www.cnet.com/health/sleep/best-mattress-pads/#ftag=CADf328eec;2022-09-07 11:00:29+00:00;False;Best Mattress Pads of 2022     - CNET;Our guide to snagging the best mattress pad for comfort and function, suited to your needs and budget.
https://www.cnet.com/rss/all/;https://www.cnet.com/health/nutrition/5-best-multivitamins-for-men-for-2022/#ftag=CADf328eec;2022-09-07 11:00:23+00:00;False;5 Best Multivitamins for Men for 2022     - CNET;Is your men's multivitamin worth the money? Here are our top picks.
https://www.cnet.com/rss/all/;https://www.cnet.com/news/best-food-processors/#ftag=CADf328eec;2022-09-07 11:00:16+00:00;False;Best Food Processors of 2022: KitchenAid, Cuisinart and More     - CNET;Are you looking for a kitchen appliance that chops, grinds, dices, purees and more? Then you need a food processor. Here's what we recommend.
https://www.cnet.com/rss/all/;https://www.cnet.com/culture/entertainment/she-hulk-release-schedule-when-does-episode-4-land-on-disney-plus/#ftag=CADf328eec;2022-09-07 11:00:03+00:00;False;'She-Hulk' Release Schedule: When Does Episode 4 Hit Disney Plus?     - CNET;The latest Marvel series has kicked off on Disney Plus! Here's exactly when the next episode arrives...
https://www.cnet.com/rss/all/;https://www.cnet.com/tech/services-and-software/customize-your-lock-screen-with-ios-16s-cool-clocks-and-handy-widgets/#ftag=CADf328eec;2022-09-07 10:19:02+00:00;False;iOS 16's New Customizable Lock Screen: How It Works     - CNET;iOS 16 gives the iPhone lock screen widgets, photos and new styles.
https://www.cnet.com/rss/all/;https://www.cnet.com/roadshow/pictures/2022-ford-bronco-raptor-review/#ftag=CADf328eec;2022-09-07 09:00:01+00:00;False;2022 Ford Bronco Raptor Is Built for Just About Everything     - CNET;The Raptor brings immense off-road capability with very few on-road drawbacks.
https://www.cnet.com/rss/all/;https://www.cnet.com/roadshow/news/best-xbox-racing-games/#ftag=CADf328eec;2022-09-07 07:00:11+00:00;False;Best Xbox Racing Games for 2022     - CNET;After a long day driving, shooting and writing about cars, I fire up my Xbox and spend my evenings driving digital cars. These are my favorites.
https://www.cnet.com/rss/all/;https://www.cnet.com/tech/mobile/google-ceo-sundar-pichai-spotted-wearing-possible-pixel-watch/#ftag=CADf328eec;2022-09-07 05:04:00+00:00;False;Google CEO Sundar Pichai Spotted Wearing Possible Pixel Watch     - CNET;Pichai may have revealed more than he intended about the upcoming smartwatch.
https://www.cnet.com/rss/all/;https://www.cnet.com/science/climate/please-stop-calling-it-the-doomsday-glacier/#ftag=CADf328eec;2022-09-07 04:31:09+00:00;False;Please Stop Calling It the 'Doomsday Glacier'     - CNET;Losing Thwaites Glacier would be troubling, but its overly-alarming nickname might do more harm than good.
https://www.cnet.com/rss/all/;https://www.cnet.com/tech/services-and-software/google-maps-update-brings-fuel-and-energy-estimates-based-on-your-vehicle-type/#ftag=CADf328eec;2022-09-07 04:00:02+00:00;False;Google Maps Update Brings Fuel and Energy Estimates Based on Your Vehicle Type     - CNET;Eco-friendly routing is also expanding to Europe.
https://www.cnet.com/rss/all/;https://www.cnet.com/culture/sports/jake-paul-vs-anderson-silva-fight-date-how-to-watch-press-conference-everything-to-know/#ftag=CADf328eec;2022-09-07 03:53:00+00:00;False;Jake Paul vs. Anderson Silva: Fight Date, How to Watch, Press Conference, Everything to Know     - CNET;Jake Paul's next opponent is arguably the greatest martial artist of his generation.
https://www.cnet.com/rss/all/;https://www.cnet.com/culture/entertainment/house-of-the-dragon-crabfeeder-actor-breaks-down-that-decaying-look/#ftag=CADf328eec;2022-09-07 02:40:00+00:00;False;'House of the Dragon': Crabfeeder Actor Breaks Down That 'Decaying' Look     - CNET;Actor Daniel Scott-Smith explains that mask and what lies underneath.
https://www.cnet.com/rss/all/;https://www.cnet.com/news/social-media/facebook-is-trying-to-be-more-like-tiktok-whistleblower-says-its-a-bad-idea/#ftag=CADf328eec;2022-09-07 02:33:00+00:00;False;Facebook Is Trying to Be More Like TikTok. Whistleblower Says It's a 'Bad Idea'     - CNET;Facebook whistleblower Frances Haugen weighs in on the social network's efforts to compete with TikTok.
https://www.cnet.com/rss/all/;https://www.cnet.com/tech/california-warned-of-blackouts-as-state-bakes-under-record-heat-wave/#ftag=CADf328eec;2022-09-07 01:54:00+00:00;False;California Warned of Blackouts as State Bakes Under Record Heat Wave     - CNET;Power demand expected to hit record level Tuesday night as the state suffers several days of excessive heat.
https://www.cnet.com/rss/all/;https://www.cnet.com/personal-finance/crypto/what-the-ethereum-merge-is-and-why-it-matters/#ftag=CADf328eec;2022-09-07 01:17:00+00:00;False;What The Ethereum Merge Is And Why It Matters     - CNET;The long-delayed Ethereum Merge is scheduled for next week. If all goes to plan, it will lower ethereum's carbon footprint by over 99%.
https://www.cnet.com/rss/all/;https://www.cnet.com/tech/computing/17-macbook-settings-you-need-to-try/#ftag=CADf328eec;2022-09-07 01:00:03+00:00;False;17 Essential MacBook Settings You Need to Try Today     - CNET;Customize your MacBook by following these tips during or after setup.
https://www.cnet.com/rss/all/;https://www.cnet.com/health/mental/best-teas-for-anxiety-and-stress/#ftag=CADf328eec;2022-09-07 01:00:00+00:00;False;6 Best Teas for Anxiety and Stress in 2022     - CNET;Try these herbal teas to ease your stress and nerves.
https://www.cnet.com/rss/all/;https://www.cnet.com/culture/entertainment/more-people-should-watch-the-absolute-best-tv-show-on-apple-tv-plus/#ftag=CADf328eec;2022-09-07 00:47:00+00:00;False;More People Should Watch the Absolute Best TV Show on Apple TV Plus     - CNET;It's arguably the best TV show of the year so far.
https://www.cnet.com/rss/all/;https://www.cnet.com/culture/entertainment/house-of-the-dragon-episode-3-recap-daemon-targaryens-big-bloody-day/#ftag=CADf328eec;2022-09-07 00:27:00+00:00;False;'House of the Dragon' Episode 3 Recap: Daemon Targaryen's Big, Bloody Day     - CNET;Well, that was a wild episode of television. Let's talk about it...
https://www.cnet.com/rss/all/;https://www.cnet.com/culture/entertainment/cm-punks-real-life-aew-backstage-fight-explained/#ftag=CADf328eec;2022-09-07 00:23:00+00:00;False;CM Punk's Real-Life AEW Backstage Fight Explained     - CNET;After winning the AEW Championship at All Out on Sunday, Punk reportedly got in real-life backstage melee with Kenny Omega and Matt and Nick Jackson.
https://www.cnet.com/rss/all/;https://www.cnet.com/culture/entertainment/chris-pine-tuning-out-is-the-internets-new-favorite-meme/#ftag=CADf328eec;2022-09-07 00:19:00+00:00;False;Chris Pine Tuning Out Is the Internet's New Favorite Meme     - CNET;Let's all join the Don't Worry Darling actor and just float away from the world for a while.
https://www.cnet.com/rss/all/;https://www.cnet.com/science/biology/cost-plus-drugs-nearing-1-million-customers-mark-cuban-says/#ftag=CADf328eec;2022-09-07 00:13:00+00:00;False;Cost Plus Drugs Nearing 1 Million Customers, Mark Cuban Says     - CNET;Cuban's affordable drugs company has attracted customers by circumventing pharmacy markup prices and selling directly from manufacturers.
https://www.cnet.com/rss/all/;https://www.cnet.com/culture/entertainment/when-does-house-of-the-dragon-episode-4-drop-in-your-time-zone/#ftag=CADf328eec;2022-09-07 00:07:00+00:00;False;When Does 'House of the Dragon' Episode 4 Drop in Your Time Zone     - CNET;Episode 3 was a barn burner. When can we watch the next episode?