https://www.wykop.pl/rss/index.xml/;https://www.wykop.pl/link/6805577/niemcy-tez-mieli-bliskich-ktorzy-zgineli-w-pol-ch-obozach-koncentracyjnych/;2022-09-05 21:50:01+00:00;False;"Niemcy też mieli bliskich, którzy zginęli w pol***ch obozach koncentracyjnych";<img src="https://www.wykop.pl/cdn/c3397993/link_1662409753WAZLL0uhVqEAU5XmD9W3uT,w104h74.jpg" /><br />
		 W telewizji Al Jazeera miała miejsce dyskusja dotycząca reparacji wojennych dla Polski. Zaproszony politolog Maximilian Hess stwierdził ze &quot;Niemcy też mieli bliskich, którzy zginęli w pol***ch obozach koncentracyjnych&quot; - wzorowa reakcja Michała Rachonia na to kłamstwo.
https://www.wykop.pl/rss/index.xml/;https://www.wykop.pl/link/6805473/top-gun-maverick-piatym-filmem-wszech-czasow-w-usa-czarna-pantera-pokonana/;2022-09-05 21:45:01+00:00;False;„Top Gun: Maverick” piątym filmem wszech czasów w USA. „Czarna Pantera” pokonana;<img src="https://www.wykop.pl/cdn/c3397993/link_1662402456kRdrTV9i7NhkjBR2PTaoOA,w104h74.jpg" /><br />
		 Tom Cruise jest tegorocznym królem kinowej branży. Jego „Top Gun: Maverick” został dzisiaj piątym filmem wszech czasów w amerykańskim rankingu. Tym samym produkcja studia Paramount Pictures już dzisiaj pokonała „Czarną Panterę”, która zamykała pierwszą piątkę historycznego rankingu.
https://www.wykop.pl/rss/index.xml/;https://www.wykop.pl/link/6804761/wicepremier-zatwierdzil-umowe-na-48-armatohaubic-krab/;2022-09-05 21:25:01+00:00;False;Wicepremier zatwierdził umowę na 48 armatohaubic "Krab";<img src="https://www.wykop.pl/cdn/c3397993/link_1662374273rbiP2auU0MN1NtGne7Lgjp,w104h74.jpg" /><br />
		 Zatwierdziłem umowę na 48 armatohaubic &quot;Krab&quot; i 36 wozów towarzyszących o wartości ponad 3,8 mld złotych - poinformował w poniedziałek wicepremier, szef MON Mariusz Błaszczak w Kielcach. Jak podkreślił, kiedy tylko możemy, zamawiamy sprzęt w polskim przemyśle zbrojeniowym.
https://www.wykop.pl/rss/index.xml/;https://www.wykop.pl/link/6805549/tej-zimy-bedziemy-musieli-palic-czym-sie-da-rzad-przyznaje-sie-do/;2022-09-05 21:21:01+00:00;False;Tej zimy będziemy musieli palić czym się da. "Rząd przyznaje się do...;<img src="https://www.wykop.pl/cdn/c3397993/link_1662407861r4sX7RucjYvcV9a0x92xs2,w104h74.jpg" /><br />
		 Jarosław Kaczyński zapowiedział na spotkaniu z wyborcami, że &quot;będzie można palić wszystkim, poza szkodliwymi rzeczami, bo Polska musi być ogrzana&quot;. Według ekspertów ta wypowiedź oznacza fiasko rządu w walce ze smogiem, świadczy też o braku pomysłu na walkę z kryzysem energetycznym....
https://www.wykop.pl/rss/index.xml/;https://www.wykop.pl/link/6805039/pis-zamowilo-sondaz-i-boi-sie-wyborczej-kleski-beda-robic-programy-pod-elektorat/;2022-09-05 21:11:01+00:00;False;PiS zamówiło sondaż i boi się wyborczej klęski.Będą robić programy pod elektorat;<img src="https://www.wykop.pl/cdn/c3397993/link_1662383714vIQ0dxJQwK2ImmW56uP2bO,w104h74.jpg" /><br />
		 PiS poznało wyniki najnowszego wewnętrznego sondażu. Politycy partii rządzącej mają obawy, że ich wyborcy nie pójdą do urn w 2023 r. — Do wyborów jeszcze rok, ale to może być dla nas najtrudniejszy rok — powiedział &quot;Gazecie Wyborczej&quot; jeden z posłów PiS.
https://www.wykop.pl/rss/index.xml/;https://www.wykop.pl/link/6805521/piw-paw-wygrywa-w-sadzie-lokal-publikuje-wyrok/;2022-09-05 20:47:01+00:00;False;Piw Paw wygrywa w sądzie. Lokal publikuje wyrok;<img src="https://www.wykop.pl/cdn/c3397993/link_1662406101YFvneDhQhZ7nGwU6g74EHY,w104h74.jpg" /><br />
		 Właściciel pubu Piw Paw przy ulicy Parkingowej w Warszawie poinformował w mediach społecznościowych, że sąd przychylił się do skargi na decyzję Mazowieckiego Państwowego Wojewódzkiego Inspektora Sanitarnego w sprawie działalności jego lokalu w trakcie lockdownu.
https://www.wykop.pl/rss/index.xml/;https://www.wykop.pl/link/6804735/oryginalny-material-filmowy-uzyty-do-animacji-pierwszego-mortal-kombat/;2022-09-05 20:26:01+00:00;False;Oryginalny materiał filmowy użyty do animacji pierwszego Mortal Kombat;<img src="https://www.wykop.pl/cdn/c3397993/link_1662373687C030UUYZftfEG6fkWlqlIe,w104h74.jpg" /><br />
		 W powiązaniach link do wszystkich Fatalities
https://www.wykop.pl/rss/index.xml/;https://www.wykop.pl/link/6805057/opanowalismy-jeden-straszliwy-mechanizm-mechanizm-okradania-polski/;2022-09-05 20:18:01+00:00;False;"Opanowaliśmy jeden straszliwy mechanizm… mechanizm okradania Polski.;<img src="https://www.wykop.pl/cdn/c3397993/link_1662383934csekYDsDazeHUY29Slc93U,w104h74.jpg" /><br />
		 Na gigantyczną skalę&quot; powiedział lider Prawa i Sprawiedliwości, Jarosław Kaczyński.
I niech ktoś powie, że nie mówi prawdy...
https://www.wykop.pl/rss/index.xml/;https://www.wykop.pl/link/6804929/franciszek-wyznal-ze-lekarz-nie-pozwala-mu-na-podroz-do-kijowa-robie-co-moge/;2022-09-05 20:14:02+00:00;False;Franciszek wyznał, że lekarz nie pozwala mu na podróż do Kijowa. "Robię co mogę";<img src="https://www.wykop.pl/cdn/c3397993/link_1662379349ZdS5URYbRpu6AHFTZ0TBJG,w104h74.jpg" /><br />
		 W wywiadzie dla tacji Tvi/CNN Portugal, którego całość zostanie wyemitowana w poniedziałek wieczorem, papież odniósł się do kwestii podróży do Kijowa.
https://www.wykop.pl/rss/index.xml/;https://www.wykop.pl/link/6804459/scholz-rosja-nie-jest-juz-wiarygodnym-dostawca-energii/;2022-09-05 20:05:01+00:00;False;Scholz: Rosja nie jest już wiarygodnym dostawcą energii;<img src="https://www.wykop.pl/cdn/c3397993/link_1662383534etxuGAzbBmKGVVjzEeQrno,w104h74.jpg" /><br />
		 Kto by się spodziewał....
https://www.wykop.pl/rss/index.xml/;https://www.wykop.pl/link/6804607/brendan-fraser-we-lzach-na-festiwalu-w-wenecji-6-minut-owacji-dla-aktora/;2022-09-05 20:04:01+00:00;False;Brendan Fraser we łzach na festiwalu w Wenecji. 6 minut owacji dla aktora;<img src="https://www.wykop.pl/cdn/c3397993/link_1662369094WCODQK9HkHgvV0VGRXhd87,w104h74.jpg" /><br />
		 Brendan Fraser Aktor znany z m.in. roli w &quot;Mumii&quot; przez kilka ostatnie lat był na uboczu Hollywood oraz zmagał się z licznymi problemami
https://www.wykop.pl/rss/index.xml/;https://www.wykop.pl/link/6804841/516-zl-miesiecznie-oto-co-wymyslil-proboszcz-z-warszawy/;2022-09-05 20:01:02+00:00;False;516 zł miesięcznie. Oto co wymyślił proboszcz z Warszawy;<img src="https://www.wykop.pl/cdn/c3397993/link_1662376129D0Az2WT7p2RZKzF29LPoAN,w104h74.jpg" /><br />
		 Były proboszcz parafii św. Barbary w Warszawie, która mieści się w ścisłym centrum w stolicy, wydzierżawił teren parafii pod płatny parking. Miesięczny abonament kosztuje 516 zł.
https://www.wykop.pl/rss/index.xml/;https://www.wykop.pl/link/6804693/wojna-z-rosja-ukrainskie-sluzby-rozbily-farmy-botow/;2022-09-05 19:47:01+00:00;False;Wojna z Rosją. Ukraińskie służby rozbiły farmy botów;<img src="https://www.wykop.pl/cdn/c3397993/link_1662385498YyEjphvE1tUMrIy5kdnp4w,w104h74.jpg" /><br />
		 Służba Bezpieczeństwa Ukrainy rozbiła dwie farmy botów, liczące blisko 7 tys. kont. Za ich pomocą rozpowszechniano treści uderzające w Kijów i równocześnie popierające agresję Moskwy.  Funkcjonariusze prowadzili działania w obwodzie kijowskim i Odessie.
https://www.wykop.pl/rss/index.xml/;https://www.wykop.pl/link/6804473/mroczna-przeszlosc-policjanta-byl-kibolem-nazista-i-hajlowal/;2022-09-05 19:40:01+00:00;False;Mroczna przeszłość policjanta. Był kibolem-nazistą i hajlował;<img src="https://www.wykop.pl/cdn/c3397993/link_16623655530JCT257WTV5xbQZ9a0zCln,w104h74.jpg" /><br />
		 Historia wydaje się nieprawdopodobna. Ujawniamy szokującą przeszłość funkcjonariusza policji, który w latach 90. był kibolem Avii Świdnik.
https://www.wykop.pl/rss/index.xml/;https://www.wykop.pl/link/6805469/morawiecki-chce-zamrozic-ceny-energii-ale-nie-bogatym-oni-placiliby-wiecej/;2022-09-05 19:39:01+00:00;False;Morawiecki chce zamrozić ceny energii, ale nie "bogatym". Oni "płaciliby więcej";<img src="https://www.wykop.pl/cdn/c3397993/link_1662402214GZwMgtSqRPj6oAssjdgFEk,w104h74.jpg" /><br />
		 &quot;Na przykład rozważamy zamrożenie cen energii elektrycznej, ale do jakiegoś pułapu zużycia&quot;. &quot;Są ludzie bardziej zamożni, mają większe domy albo po prostu stać ich na to, żeby korzystać z energii elektrycznej bez oszczędzania&quot;. Ci bogaci odbiorcy energii w takim rozwiązaniu, &quot;płaciliby więcej&quot;.
https://www.wykop.pl/rss/index.xml/;https://www.wykop.pl/link/6804311/tuby-rosyjskiej-propagandy-w-niemieckim-lubmin-opowiadaja-sie-za-otwarciem-ns2/;2022-09-05 19:33:01+00:00;False;Tuby rosyjskiej propagandy w niemieckim Lubmin opowiadają się za otwarciem NS2;<img src="https://www.wykop.pl/cdn/c3397993/link_166237318042owRjUsmKg8HHbfwQwN2a,w104h74.jpg" /><br />
		 W niemieckim Lubminie odbył się protest w obronie Nord Stream 2 i przeciwko sankcjom wobec Rosji z udziałem sił prorosyjskich.
https://www.wykop.pl/rss/index.xml/;https://www.wykop.pl/link/6804907/poufna-rozmowa-ujawnia-nowe-maile-prezes-kaczynski-na-mnie-warczy/;2022-09-05 19:28:01+00:00;False;Poufna Rozmowa ujawnia nowe maile. "Prezes Kaczyński na mnie warczy";<img src="https://www.wykop.pl/cdn/c3397993/link_1662378223ETaP5vruyKnG5OGs4HNA1a,w104h74.jpg" /><br />
		 W mailu do Morawieckiego z 2018 r. Obajtek miał napisać m.in. &quot;A jeśli chodzi o marketing w Orlenie tym razem donoszą na moich ludzi do prezesa Kaczyńskiego, który na mnie warczy bo z jednej strony marketing chcą przejąć ludzie Gowina, a z drugiej Ziobry&quot;.
https://www.wykop.pl/rss/index.xml/;https://www.wykop.pl/link/6804885/ue-3-lata-aktualizacji-kazdego-smartfona/;2022-09-05 19:28:01+00:00;False;UE: 3 lata aktualizacji każdego smartfona;<img src="https://www.wykop.pl/cdn/c3397993/link_1662377535JBoJtJHoSxsEdnSJPmtgFz,w104h74.jpg" /><br />
		 Smartfonów na rynku będzie mniej i na pewno będą znacznie droższe. A mimo to działania Unii Europejskiej oceniam na duży plus.
https://www.wykop.pl/rss/index.xml/;https://www.wykop.pl/link/6805175/chiny-blokuja-ponad-100-mld-dolarow-rosyjskich-rezerw/;2022-09-05 19:26:01+00:00;False;Chiny blokują ponad 100 mld dolarów rosyjskich rezerw;<img src="https://www.wykop.pl/cdn/c3397993/link_1662388513RujSGJJ4fk1zEdyH8Z04ZK,w104h74.jpg" /><br />
		 Według raportu przygotowanego przez rosyjski bank centralny, 17 procent rezerw walutowych zainwestowanych w chińskie juany jest „zablokowane” przez chińskie władze – donosi Bloomberg.
https://www.wykop.pl/rss/index.xml/;https://www.wykop.pl/link/6804635/czterech-rosyjskich-generalow-odwolano-z-funkcji-kierowniczych/;2022-09-05 19:25:02+00:00;False;Czterech rosyjskich generałów odwołano z funkcji kierowniczych;<img src="https://www.wykop.pl/cdn/c3397993/link_1662370229oDqTcrVcfw5Z4s2pfLmt7B,w104h74.jpg" /><br />
		 Czterej rosyjscy generałowie, w tym dowodzący zgrupowaniem sił Zachodniego Okręgu Wojskowego Andriej Syczewoj i dowódcy trzech armii, zostali odwołani z kierowniczych funkcji w związku z porażkami podczas wojny w Ukrainie - oznajmił na Telegramie ukraiński dziennikarz Roman Cymbaluk.
https://www.wykop.pl/rss/index.xml/;https://www.wykop.pl/link/6805359/ukraina-chce-byc-poligonem-doswiadczalnym-dla-australijskich-pojazdow-piechoty/;2022-09-05 19:25:02+00:00;False;Ukraina chce być poligonem doświadczalnym dla australijskich pojazdów piechoty;<img src="https://www.wykop.pl/cdn/c3397993/link_1662396147bcs1jhVSH8OmVhchtkibaL,w104h74.jpg" /><br />
		 Australia obiecała przekazać Ukrainie 60 Bushmasterów. To kołowe transportery piechoty, które trafią na Ukrainę w ramach pakietu pomocy o wartości 338 milionów dolarów.
https://www.wykop.pl/rss/index.xml/;https://www.wykop.pl/link/6805143/wypadek-samolotu-w-jastarni/;2022-09-05 19:25:02+00:00;False;Wypadek samolotu w Jastarni;<img src="https://www.wykop.pl/cdn/c3397993/link_1662387117lCUDt87HHHQBecjbXzndMd,w104h74.jpg" /><br />
		 Samolot startuje z wiatrem - nie udało mu się wznieść i spadł do Zatoki
https://www.wykop.pl/rss/index.xml/;https://www.wykop.pl/link/6805367/fakt-posiadania-wizy-schengen-nie-gwarantuje-rosjanom-wjazdu-do-ue/;2022-09-05 19:10:01+00:00;False;Fakt posiadania wizy Schengen nie gwarantuje Rosjanom wjazdu do UE!!!;<img src="https://www.wykop.pl/cdn/c3397993/link_1662396488O70whAQUu59HWqjlT1Qu3J,w104h74.jpg" /><br />
		 &quot;To, że mam wizę, nie oznacza, że mam prawo wjechać do tego czy innego kraju. Może dana osoba nie zostanie wpuszczona nawet z wizą. Na przykład w USA mając wizę można być odmówiono wjazdu z tego czy innego powodu. To samo dotyczy Europy”. Można? Można!!!
https://www.wykop.pl/rss/index.xml/;https://www.wykop.pl/link/6805425/dla-27-wyborcow-konfederacji-solidarna-polska-partia-drugiego-wyboru-xddd/;2022-09-05 19:07:01+00:00;False;Dla 27% wyborców Konfederacji Solidarna Polska partią drugiego wyboru XDDD;<img src="https://www.wykop.pl/cdn/c3397993/link_1662399141moH3srO222sXFskP5pyhuh,w104h74.jpg" /><br />
		 Elektorat Konfederacji w drugiej kolejności rozważałby swój głos na Solidarną Polskę (27 procent) i Polskę 2050 (9 proc.). Aż 64 procent wyborców Konfederacji nie ma partii drugiego wyboru.
https://www.wykop.pl/rss/index.xml/;https://www.wykop.pl/link/6804633/budka-mozliwe-reparacje-od-niemiec-moze-zapewnic-tylko-rzad-po/;2022-09-05 18:45:01+00:00;False;Budka: Możliwe reparacje od Niemiec może zapewnić tylko rząd PO;<img src="https://www.wykop.pl/cdn/c3397993/link_16623698196VqGp4eWsl5g724Bk3M5ih,w104h74.jpg" /><br />
		 „Jeżeli takie działania zostaną podjęte na arenie międzynarodowej, to oczywiście będziemy je kontynuować. Co więcej mogę zapewnić, że na pewno bardziej skutecznie, w sposób normalny, aniżeli robi to obecny rząd, bo tam nie ma dyplomacji” – PO już za reparacjami.
https://www.wykop.pl/rss/index.xml/;https://www.wykop.pl/link/6804943/pis-zapowiada-ze-zlamie-konstytucje-tak-to-jeszcze-ludziom-w-twarz-nie-napluli/;2022-09-05 18:37:01+00:00;False;PIS zapowiada, że złamie konstytucję. Tak to jeszcze ludziom w twarz nie napluli;Jarosław Kaczyński zapowiedział, że PIS złoży projekt ustawy ws wydłużenia kadencji samorządów o pół roku, mimo że jest to w oczywisty sposób sprzeczne z konstytucją. I to robi partia, która ma &quot;prawo&quot; w nazwie.
https://www.wykop.pl/rss/index.xml/;https://www.wykop.pl/link/6805331/nadbrzezne-dywizjony-ogniowe-nsm-zmiana-sytuacji-na-baltyku/;2022-09-05 18:31:02+00:00;False;Nadbrzeżne Dywizjony Ogniowe NSM: Zmiana sytuacji na Bałtyku;<img src="https://www.wykop.pl/cdn/c3397993/link_1662394404PUP8jy5sFJJpqUcYHSS3Bo,w104h74.jpg" /><br />
		 Wyprodukowane przez norweski koncern Kongsberg i wprowadzone w Marynarce Wojennej RP nadbrzeżne Dywizjony Ogniowe wyposażone w rakietowe pociski przeciwokrętowe NSM (Naval Strike Missile) całkowicie zmieniły sytuację na Bałtyku. Nawodne jednostki pływające rosyjskiej Floty Bałtyckiej nie...
https://www.wykop.pl/rss/index.xml/;https://www.wykop.pl/link/6804899/nietypowa-akcja-wielkopolskich-policjantow-ruchu-drogowego-pomachaj/;2022-09-05 18:31:02+00:00;False;Nietypowa akcja wielkopolskich policjantów ruchu drogowego.  "Pomachaj...;<img src="https://www.wykop.pl/cdn/c3397993/link_1662378411oCneoLdS4qzu9hC3zcJ4A3,w104h74.jpg" /><br />
		 W końcu całkiem udany pomysł policji! Jako kierowca i jako pieszy jestem jak najbardziej &quot;za&quot;!
https://www.wykop.pl/rss/index.xml/;https://www.wykop.pl/link/6804813/niemcy-zamrazaja-cene-wlasnych-uprawnien-do-emisji-co2/;2022-09-05 18:18:01+00:00;False;Niemcy zamrażają cenę własnych uprawnień do emisji CO2;<img src="https://www.wykop.pl/cdn/c3397993/link_1662383321X7OkUk63qw587PtrIPoXXt,w104h74.jpg" /><br />
		 Niemiecki rząd zawiesi na rok wzrost krajowej ceny węgla w ramach pakietu dopłat o wartości 65 mld euro, który ma złagodzić napięcia związane z rekordowymi cenami energii.
https://www.wykop.pl/rss/index.xml/;https://www.wykop.pl/link/6804439/zakonczono-pierwszy-etap-badan-przy-wiezy-arianskiej-w-krynicy/;2022-09-05 18:14:01+00:00;False;Zakończono pierwszy etap badań przy wieży ariańskiej w Krynicy;<img src="https://www.wykop.pl/cdn/c3397993/link_1662363994CqwRiULH5RrsgToCTNQ1XS,w104h74.jpg" /><br />
		 Jest to najstarsze polskie mauzoleum w kształcie piramidy! Grobowiec Orzechowskich, zwany również wieżą ariańską, położony jest w Krynicy, gm. Krasnystaw w woj. lubelskim. Niedawno zakończono tam pierwszy etap badań archeologicznych prowadzonych przez Muzeum Regionalne w Krasnymstawie.
https://www.wykop.pl/rss/index.xml/;https://www.wykop.pl/link/6804655/bialorus-zgadza-sie-na-transport-wegla-do-polski/;2022-09-05 18:11:01+00:00;False;Białoruś zgadza się na transport węgla do Polski;<img src="https://www.wykop.pl/cdn/c3397993/link_1662370227IRJOTXEFhbGmVk8SQoXWcl,w104h74.jpg" /><br />
		 Prezes Prawa i Sprawiedliwości powiedział, że rząd pracuje nad tym, by umożliwić transport węgla do Polski przez Łotwę i Białoruś. Na Białorusi znajduje się infrastruktura służąca do obróbki i przeładunku węgla. Strona białoruska zgadza się.
https://www.wykop.pl/rss/index.xml/;https://www.wykop.pl/link/6805353/joanna-kurska-wraca-do-tvp-pokieruje-pytaniem-na-sniadanie/;2022-09-05 18:10:01+00:00;False;Joanna Kurska wraca do TVP. Pokieruje "Pytaniem na śniadanie";<img src="https://www.wykop.pl/cdn/c3397993/link_16623958670A3gBAInpNOrjVF0pRUiNW,w104h74.jpg" /><br />
		 Joanna Kurska, żona Jacka Kurskiego, będzie kierować &quot;Pytaniem na śniadanie&quot; TVP 2 - dowiedział się &quot;Presserwis&quot;. Co w rodzinie to nie zginie.
https://www.wykop.pl/rss/index.xml/;https://www.wykop.pl/link/6805049/osoby-wysoko-wrazliwe-to-tak-naprawde-narcyzi/;2022-09-05 17:32:01+00:00;False;Osoby wysoko wrażliwe to tak naprawdę narcyzi;<img src="https://www.wykop.pl/cdn/c3397993/link_1662384013PjHRA2Ch5cCj0RC5Z4qdW6,w104h74.jpg" /><br />
		 Nowe badania niemiecko-austriackiego zespołu naukowego udowodniło, że &quot;wysoka wrażliwość&quot; to najprawdopodobniej narcystyczne zaburzenie osobowości.
https://www.wykop.pl/rss/index.xml/;https://www.wykop.pl/link/6804739/kaczynski-zrzucil-mieszkaniowa-bombe-kredyty-na-2-proc/;2022-09-05 16:59:01+00:00;False;Kaczyński zrzucił "mieszkaniową bombę". Kredyty na 2 proc.?;<img src="https://www.wykop.pl/cdn/c3397993/link_16623732700F9H0k996vFocTpVmfMgZC,w104h74.jpg" /><br />
		 Kaczyński zrzucił &quot;mieszkaniową bombę&quot;. Kredyty na 2 proc.? Raty nawet o połowę niższe. Weekendowa wypowiedź Jarosława Kaczyńskiego na temat hipotek to może być prawdziwa bomba dla rynku. Prezes PiS zdradził, że rząd pracuje nad programem kredytów oprocentowanych na 2 proc.
https://www.wykop.pl/rss/index.xml/;https://www.wykop.pl/link/6805193/covidowa-porazka-sanepidu-przed-sadami/;2022-09-05 16:58:01+00:00;False;Covidowa porażka sanepidu przed sądami;<img src="https://www.wykop.pl/cdn/c3397993/link_16623892872HAhgJNymoktjjquMVtOsv,w104h74.jpg" /><br />
		 Sanepid poniósł sromotną porażkę, walcząc z Covid-19. Z sądów zwycięsko wychodzą obywatele, właściciele restauracji czy basenów. Sanepid wygrał jedynie 7 proc. spraw związanych z zakazami i nakazami covidowymi – głównie w przypadkach złamania kwarantanny przez obywatela - ustalił...
https://www.wykop.pl/rss/index.xml/;https://www.wykop.pl/link/6805223/nie-chcieli-placic-za-uzywanie-chodnika-wiec-spoldzielnia-zasypala-go-glazami/;2022-09-05 16:48:01+00:00;False;Nie chcieli płacić za używanie chodnika, więc spółdzielnia zasypała go głazami;<img src="https://www.wykop.pl/cdn/c3397993/link_1662389939emPZEhZ0ovwWzTZMUM84Si,w104h74.jpg" /><br />
		 Mieszkańcy osiedla Pomorskiego w Zielonej Górze nie chcieli płacić ok. 1 tys. zł rocznie (od gospodarstwa) za użytkowanie wspólnego chodnika, więc spółdzielnia zdarła chodniki, potem na ich miejscu pomiędzy blokami pojawił się mur, potem zasieki, a teraz stos głazów.
https://www.wykop.pl/rss/index.xml/;https://www.wykop.pl/link/6804359/policjanci-z-archiwum-x-zatrzymali-podejrzanego-o-zabojstwo-sprzed-30-lat/;2022-09-05 16:45:02+00:00;False;Policjanci z Archiwum X zatrzymali podejrzanego o zabójstwo sprzed 30 lat;<img src="https://www.wykop.pl/cdn/c3397993/link_1662360671xXbSNuJaOPCMjlmnteH60p,w104h74.jpg" /><br />
		 Policjanci z podlaskiego Archiwum X zatrzymali podejrzanego o zabójstwo sprzed 30 lat. Chodzi o zabójstwo 40-letniego wówczas mężczyzny, który został znaleziony z raną ciętą na ul. Żelaznej w Białymstoku. Zatrzymany 50-latek usłyszał w Prokuraturze Okręgowej w Białymstoku zarzut zabójstwa...
https://www.wykop.pl/rss/index.xml/;https://www.wykop.pl/link/6804915/kupili-eko-autobusy-od-stycznia-za-prad-maja-placic-dziesiec-razy-wiecej/;2022-09-05 16:44:01+00:00;False;Kupili EKO autobusy. Od stycznia za prąd mają płacić dziesięć razy więcej.;<img src="https://www.wykop.pl/cdn/c3397993/link_16623784862xZ2QvDTuDMBzsRqMEwhge,w104h74.jpg" /><br />
		 MZK w Kutnie może wkrótce płacić nawet dziesięć razy więcej za prąd niż dotychczas. - Z końcem grudnia kończy się nam dotychczasowa umowa, przystępujemy do przetargu i pierwszą ofertę, jaką otrzymaliśmy, to podwyżka z 395 złotych za megawatogodzinę, na ponad trzy tysiące dwieście złotych.
https://www.wykop.pl/rss/index.xml/;https://www.wykop.pl/link/6805187/taki-ma-byc-tenis-stolowy/;2022-09-05 16:39:01+00:00;False;Taki ma być tenis stołowy;<img src="https://www.wykop.pl/cdn/c3397993/link_16623890433PDp8LxaqVhUiSbRY9HS2Z,w104h74.jpg" /><br />
		 Tenis stołowy w najwyższym wydaniu.
https://www.wykop.pl/rss/index.xml/;https://www.wykop.pl/link/6805157/jutro-rusza-proces-czy-kaczynski-jest-gejem-jest-oficjalne-potwierdzenie-walesy/;2022-09-05 16:35:02+00:00;False;Jutro rusza proces czy Kaczyński jest gejem. Jest oficjalne potwierdzenie Wałęsy;<img src="https://www.wykop.pl/cdn/c3397993/link_1662387296RazYHaecyIGyHQGqWwOaiS,w104h74.jpg" /><br />
		 Wałęsa w 1993 roku zaprosił na swoje urodziny „Lecha Kaczyńskiego z żoną i Jarosława z mężem”:
&quot;30 lat temu powiedziałem krótko, bo nie było czasu na większe dowodzenie. W telewizji prawdę powtórzyłem i zdania nie zmieniłem do teraz. Jak sąd mnie zobowiąże do podania szczegółów, to je zdradzę&quot;
https://www.wykop.pl/rss/index.xml/;https://www.wykop.pl/link/6805043/ukraincy-wiedza-coraz-wiecej-oto-kto-stal-na-czele-grupy-wostok/;2022-09-05 16:14:01+00:00;False;Ukraińcy wiedzą coraz więcej. Oto kto stał na czele grupy "Wostok";<img src="https://www.wykop.pl/cdn/c3397993/link_166238377940BKSA21ys0JdvcLI2agvm,w104h74.jpg" /><br />
		 Służba Bezpieczeństwa Ukrainy dotarła do dowodów na to, że rosyjscy generałowie wydawali rozkazy mordowania cywili w Buczy podczas próby zajęcia Kijowa. Dowódcy planowali i przygotowali inwazję Rosji w pierwszych dniach wojny.
https://www.wykop.pl/rss/index.xml/;https://www.wykop.pl/link/6805265/w-estonii-skazano-kobiete-ktora-wyslala-40-euro-na-rosyjskie-wojsko/;2022-09-05 16:13:02+00:00;False;W Estonii skazano kobietę, która wysłała 40 euro na rosyjskie wojsko;<img src="https://www.wykop.pl/cdn/c3397993/link_1662392196m7yshHc5AxMDNnGlicfohB,w104h74.jpg" /><br />
		 Skazana Olga Fiodorowa wysłała pieniądze Rosjaninowi Władimirowi Szyłowowi, który przewoził drony dla armii rosyjskiej.
https://www.wykop.pl/rss/index.xml/;https://www.wykop.pl/link/6805161/jacek-kurski-opuszczajac-tvp-otrzyma-ponad-100-tys-zl-odprawy/;2022-09-05 15:54:01+00:00;False;Jacek Kurski opuszczając TVP otrzyma ponad 100 tys. zł odprawy;<img src="https://www.wykop.pl/cdn/c3397993/link_1662387701E4QNESZKBcMZGEV72I6Jvy,w104h74.jpg" /><br />
		 Jacek Kurski, po odwołaniu z funkcji prezesa TVP, może dostać wysoką odprawę. Członkowie zarządu Telewizji Polskiej, którzy żegnają się ze spółką, mogą liczyć na trzykrotność swojej pensji.. Oznacza to, że Kurski może otrzymać ponad 100 tys. zł.
https://www.wykop.pl/rss/index.xml/;https://www.wykop.pl/link/6804629/giertych-za-chwile-polacy-zaczna-protestowac-z-powodu-ubostwa-i-glodu/;2022-09-05 15:43:01+00:00;False;Giertych: "Za chwilę Polacy zaczną protestować z powodu ubóstwa i głodu";<img src="https://www.wykop.pl/cdn/c3397993/link_16623700833EitBgdnJl7YR2VGolI2yE,w104h74.jpg" /><br />
		 &quot;Poziom bezczelności, złodziejstwa i agresji ze strony PiS przekracza wszelkie granice, przez co ludzie są zaszokowani, sparaliżowani bezczelnością sprawców&quot; - mówi Roman Giertych. &quot;Czasem tak jest w polityce, że po prostu nie można już nic zrobić, można tylko ładniej lub gorzej zejść ze sceny...&quot;
https://www.wykop.pl/rss/index.xml/;https://www.wykop.pl/link/6804961/holandia-ladowanie-elektryka-jest-drozsze-niz-tankowanie-benzyny-w-spalinowce/;2022-09-05 15:41:01+00:00;True;Holandia - Ładowanie elektryka jest droższe, niż tankowanie benzyny w spalinówce;<img src="https://www.wykop.pl/cdn/c3397993/link_1662380174BBDQswVEdkFtwjN6bEhJ85,w104h74.jpg" /><br />
		 Z uwagi na drastycznie rosnące ceny prądu, ładowanie samochodu elektrycznego jest droższe od tankowania benzyny do spalinówki. 1 kWh prądu w Holandii kosztuje obecnie 0,77 euro. Z tego powodu poruszanie się elektrykiem stało się mniej opłacalne, niż jazda spalinówką.
https://www.wykop.pl/rss/index.xml/;https://www.wykop.pl/link/6804451/2353-billboardy-gdzie-sa-te-dzieci-ile-wydaje-fundacja-kornice/;2022-09-05 15:33:01+00:00;False;2353 billboardy 'Gdzie są te dzieci'. Ile wydaje Fundacja Kornice?;<img src="https://www.wykop.pl/cdn/c3397993/link_1662364853Nj5BgkSFl6AVxFSCj2Puhd,w104h74.jpg" /><br />
		 Z wyliczeń, z którymi zapoznał się portal Wirtualnemedia.pl wynika, że łączna kwota wydana przez fundację &quot;Nasze dzieci&quot; na outdoor w czerwcu i lipcu to 26 236 877 zł.
https://www.wykop.pl/rss/index.xml/;https://www.wykop.pl/link/6805033/krytykowala-zmiany-sadownictwa-sedzia-piekarska-drazek-przymusowo-przeniesienia/;2022-09-05 15:29:01+00:00;False;Krytykowała zmiany sądownictwa. Sędzia Piekarska-Drążek przymusowo przeniesienia;<img src="https://www.wykop.pl/cdn/c3397993/link_1662383180ln6N9FXz5VPxolK3LWBuPm,w104h74.jpg" /><br />
		 Sędzia Marzanna Piekarska-Drążek z wydziału karnego warszawskiego Sądu Apelacyjnego zostaje od 12 września przymusowo przeniesiona do wydziału pracy tego sądu — ustalił Onet.
https://www.wykop.pl/rss/index.xml/;https://www.wykop.pl/link/6805079/autorka-natemat-ma-bol-d-py-ze-dicaprio-nie-spotyka-sie-ze-starszymi-niz-25-lat/;2022-09-05 15:12:01+00:00;False;Autorka naTemat ma ból d*py, że DiCaprio nie spotyka się ze starszymi niż 25 lat;<img src="https://www.wykop.pl/cdn/c3397993/link_1662384947VJBQyApckBeiCYptkZHzlW,w104h74.jpg" /><br />
		 28-letnia felietonistka tak kończy swój tekst: &quot;Podwójne standardy wobec płci są w tym przypadku naprawdę uderzające. Powiedzmy sobie szczerze – niemal 48-letniemu Leo obecnie daleko do wyglądu młodego boga z Romea i Julii czy Titanica, a umawia się jedynie z długonogimi pięknościami.&quot; ( ͡° ͜ʖ ͡°)
https://www.wykop.pl/rss/index.xml/;https://www.wykop.pl/link/6805011/morawiecki-tvp-dostanie-2-mld-zl-dotacji-z-budzetu-realizuje-wazna-misje/;2022-09-05 14:24:01+00:00;False;Morawiecki: "TVP dostanie 2 mld zł dotacji z budżetu. Realizuje ważną misję";<img src="https://www.wykop.pl/cdn/c3397993/link_1662382587ZELed7XbTPevMxtVtjBk0L,w104h74.jpg" /><br />
		 Morawiecki zadeklarował, że chociaż w budżecie na rok 2023 nie ma dotacji na media publiczne w wysokości ok. 2 mld zł. - Tak jak co roku, od kilku lat potwierdzam, że podobna kwota trafi do TVP - dodał zaznaczając, że telewizja publiczna &quot;realizuje ważną misję&quot;.
https://www.wykop.pl/rss/index.xml/;https://www.wykop.pl/link/6804983/o-rydzyk-wniosl-skarge-kasacyjna-w-sprawie-w-ktorej-przegral-z-16-latkiem/;2022-09-05 14:22:01+00:00;False;O. Rydzyk wniósł skargę kasacyjną w sprawie, w której przegrał z 16-latkiem;<img src="https://www.wykop.pl/cdn/c3397993/link_1662381422Ri7eXHRL9pprIek67GoCmk,w104h74.jpg" /><br />
		 Maciej Rauhut, 16-latek, który wygrał z Tadeuszem Rydzykiem w sądzie, poinformował, że ksiądz wniósł skargę kasacyjną w sprawie, w której sąd nakazał mu udostępnienie informacji o publicznych funduszach, które otrzymuje jego fundacja.
https://www.wykop.pl/rss/index.xml/;https://www.wykop.pl/link/6804993/minister-adamczyk-po-cichu-odebral-rowerzystom-pierwszenstwo-przed-przejazdami/;2022-09-05 13:47:02+00:00;False;Minister Adamczyk po cichu odebrał rowerzystom pierwszeństwo przed przejazdami;<img src="https://www.wykop.pl/cdn/c3397993/link_1662381755Md7oHF60UTZlY4IK7VYxvh,w104h74.jpg" /><br />
		 Od ubiegłego roku kierowca musi ustępować tylko rowerzystom znajdującym się na przejeździe. Minister infrastruktury Andrzej Adamczyk po cichu skasował w prawie obowiązek ustąpienia &quot;wjeżdżającym&quot;. O zmianie nikogo nie poinformowano
https://www.wykop.pl/rss/index.xml/;https://www.wykop.pl/link/6804877/czarnek-i-wieczna-rewolucja/;2022-09-05 13:18:01+00:00;False;Czarnek i wieczna rewolucja;<img src="https://www.wykop.pl/cdn/c3397993/link_1662377263xhEstEhdN4fyKutrbvscVr,w104h74.jpg" /><br />
		 Jak powiedział Przemysław Czarnek, „musimy być kontrrewolucjonistami, bo z rewolucjonistami można wygrać tylko kontrrewolucją”. Czy może wygrać?
https://www.wykop.pl/rss/index.xml/;https://www.wykop.pl/link/6804945/trzech-holenderskich-komandosow-postrzelonych-na-ulicy-w-usa-jeden-nie-zyje/;2022-09-05 13:11:01+00:00;False;Trzech holenderskich komandosów postrzelonych na ulicy w USA, jeden nie żyje.;<img src="https://www.wykop.pl/cdn/c3397993/link_1662378586BOZ6VXcoxCsVBQBnFVZoFz,w104h74.jpg" /><br />
		 27 sierpnia w Indianapolis w stanie Indiana trzech Holendrów zostało bez powodu zaatakowanych na ulicy. Po krótkiej bójce napastnik wyciągnął broń i postrzelił całą trójkę, jeden zmarł. Ofiary to holenderscy komandosi przebywający w USA na ćwiczeniach. Foto napastnika i ofiary w miniaturce.
https://www.wykop.pl/rss/index.xml/;https://www.wykop.pl/link/6804611/skutki-wojny-nuklearnej-gruz-z-kosmosu-impreza-wielorybow-czytamy-nature/;2022-09-05 13:10:01+00:00;False;Skutki wojny nuklearnej - Gruz z kosmosu - Impreza wielorybów [Czytamy Naturę];<img src="https://www.wykop.pl/cdn/c3397993/link_16623693622as2XaRwEhOYvil9cY8oeD,w104h74.jpg" /><br />
		 A dzisiaj: 1) o tym, że nawet lokalny konflikt nuklearny może przynieść zagładę całej ludzkości; 2) o tym, jak pobrać łychę gruzu z asteroidy zagrażającej Ziemi - i po co; 3) o tym, że w pobliżu Antarktydy doszło do pierwszej po 100 latach przerwy wielkiej imprezy finwali.
https://www.wykop.pl/rss/index.xml/;https://www.wykop.pl/link/6804799/prezydent-lotwy-rosja-powinna-byc-odizolowana-jak-korea-polnocna/;2022-09-05 12:49:01+00:00;False;Prezydent Łotwy: Rosja powinna być odizolowana jak Korea Północna;<img src="https://www.wykop.pl/cdn/c3397993/link_1662375466mTE5aMdSTdsADkapxIDxM0,w104h74.jpg" /><br />
		 Rosja, jako państwo wyznające tak imperialistyczną i szowinistyczną ideologię, powinno być maksymalnie odizolowane od cywilizowanego świata. Tak, jak to ma miejsce w przypadku Korei Północnej - powiedział w rozmowie z Wirtualną Polską Egils Levits, prezydent Łotwy.
https://www.wykop.pl/rss/index.xml/;https://www.wykop.pl/link/6804389/wojska-obrony-terytorialnej-buduja-struktury-lotnicze-beda-miec-wlasne-samoloty/;2022-09-05 12:49:01+00:00;False;Wojska Obrony Terytorialnej budują struktury lotnicze. Będą mieć własne samoloty;<img src="https://www.wykop.pl/cdn/c3397993/link_1662361801CzZFS6Z6xOJHl8XI00jJhC,w104h74.jpg" /><br />
		 Wojska Obrony Terytorialnej tworzą struktury lotnicze w każdej brygadzie. Formacja ma być otwarta na ochotników, pilotów cywilnych statków powietrznych.
https://www.wykop.pl/rss/index.xml/;https://www.wykop.pl/link/6804951/rosja-zakreca-nord-stream-1-do-czasu-usuniecia-zachodnich-sankcji/;2022-09-05 12:48:01+00:00;False;Rosja zakręca Nord Stream 1 do czasu usunięcia zachodnich sankcji.;<img src="https://www.wykop.pl/cdn/c3397993/link_1662379484HljHvW9hEkt5jEcbUgNnEz,w104h74.jpg" /><br />
		 Dostawy rosyjskiego gazu do Europy nie zostaną w pełni wznowione, dopóki „zbiorowy zachód” nie zniesie sankcji wobec Moskwy za inwazję na Ukrainę, powiedział Kreml.
https://www.wykop.pl/rss/index.xml/;https://www.wykop.pl/link/6804591/w-moim-miescie-wladze-masowo-pozbywaja-sie-miejskiej-zieleni/;2022-09-05 12:48:01+00:00;False;W moim mieście władze masowo pozbywają się miejskiej zieleni.;<img src="https://www.wykop.pl/cdn/c3397993/link_1662368202Ye97qtNOlR7ARgwB2D9NIg,w104h74.jpg" /><br />
		 10 lat temu rozpoczęła się rewitalizacja Starówki w Łęcznej. Trzy rynki tętniące zielenią - zabetonowane. Alejka drzew - wycięta pod kładkę po której nikt nie chodzi. Park Krajobrazowy - większość drzew na brzegu rzeki wycięta.
https://www.wykop.pl/rss/index.xml/;https://www.wykop.pl/link/6804385/isw-ukrainska-kontrofensywa-na-poludniu-czyni-realne-postepy/;2022-09-05 12:43:02+00:00;False;ISW: Ukraińska kontrofensywa na południu czyni realne postępy;<img src="https://www.wykop.pl/cdn/c3397993/link_1662361500KNeQAUeDvYbxwNK4jOrGPT,w104h74.jpg" /><br />
		 Jak ocenił amerykański Instytut Studiów nad Wojną (ISW), ukraińska kontrofensywa na południu i wschodzie kraju czyni możliwe do potwierdzenia postępy. Siły ukraińskie idą naprzód w kilku kierunkach w obwodzie chersońskim i zdobyły obszar za rzeką Doniec w obwodzie donieckim.
https://www.wykop.pl/rss/index.xml/;https://www.wykop.pl/link/6804759/ukraina-zada-przepuszczania-do-tysiaca-ciezarowek-dziennie/;2022-09-05 12:40:01+00:00;False;Ukraina żąda przepuszczania do tysiąca ciężarówek dziennie;<img src="https://www.wykop.pl/cdn/c3397993/link_1662374040oCYZVzamChiA5W9PfbLN3C,w104h74.jpg" /><br />
		 Ukraińcy zarzucają polskim służbom opieszałość i szantażują, że nie przywrócą ułatwień dla polskich ciężarówek wracających na pusto, dokąd polskie służby nie zwiększą tempa odpraw. Polscy kierowcy są obiektem napadu przez kierowców czekających w kolejce.
https://www.wykop.pl/rss/index.xml/;https://www.wykop.pl/link/6804213/polscy-siatkarze-awansowali-do-cwiercfinalu-mistrzostw-swiata/;2022-09-05 12:34:01+00:00;False;Polscy siatkarze awansowali do ćwierćfinału mistrzostw świata!;<img src="https://www.wykop.pl/cdn/c3397993/link_1662341211rlPW24Iqabj8uWgqGzdeUa,w104h74.jpg" /><br />
		 Polska wygrała z Tunezją 3:0 (25:20, 25:15, 25:20) i awansowała do ćwierćfinału mistrzostw świata siatkarzy. Biało-czerwoni powalczą o półfinał z reprezentantami Stanów Zjednoczonych.
https://www.wykop.pl/rss/index.xml/;https://www.wykop.pl/link/6804521/polski-nauczyciel-wcale-nie-ma-najgorzej-w-europie/;2022-09-05 12:29:01+00:00;False;Polski nauczyciel wcale nie ma najgorzej w Europie!;<img src="https://www.wykop.pl/cdn/c3397993/link_1662366863iXoXeIuoLgVz42Rza8kBqL,w104h74.jpg" /><br />
		 Wielki sukces polityki oświatowej PiS. Zgodnie z raportem Financial Times została ostatecznie obalona kłamliwa teza, jakoby polscy nauczyciele byli najgorzej wynagradzani w Europie. Pod względem siły nabywczej swoich wynagrodzeń są na drugim miejscu.  od końca.
https://www.wykop.pl/rss/index.xml/;https://www.wykop.pl/link/6804181/mariupol-wladze-kolejne-szczatki-pod-gruzami-czesc-z-nich-obgryzly-psy/;2022-09-05 12:17:01+00:00;False;Mariupol. Władze: Kolejne szczątki pod gruzami. Część z nich obgryzły psy;<img src="https://www.wykop.pl/cdn/c3397993/link_1662326398O8jQ4XOPyjnlNDsmhG7y7w,w104h74.jpg" /><br />
		 Nie ma słów na ruskich &quot;ludzi&quot;.
https://www.wykop.pl/rss/index.xml/;https://www.wykop.pl/link/6804131/stany-zjednoczone-bez-ambasadora-w-moskwie-nagle-odejscie-z-urzedu/;2022-09-05 11:55:01+00:00;False;Stany Zjednoczone bez ambasadora w Moskwie. "Nagłe odejście z urzędu";<img src="https://www.wykop.pl/cdn/c3397993/link_1662320907sIhIRPtjXeb10mGVkkUmfx,w104h74.jpg" /><br />
		 John Sullivan nie jest już ambasadorem Stanów Zjednoczonych w Rosji. Dziennik &quot;Washington Post&quot; poinformował, opierając się na źródłach w Departamencie Stanu, że &quot;odejście Sullivana było planowane i jest częścią normalnej rotacji dyplomatycznej&quot;.
https://www.wykop.pl/rss/index.xml/;https://www.wykop.pl/link/6804789/rzeczpospolita-trwaja-przygotowania-do-wejscia-kurskiego-do-rzadu/;2022-09-05 11:17:01+00:00;False;Rzeczpospolita: Trwają przygotowania do wejścia Kurskiego do rządu.;<img src="https://www.wykop.pl/cdn/c3397993/link_1662374904UsnPKc9YAwA6pU7ERNKH2x,w104h74.jpg" /><br />
		 Ministerstwo propagandy? Jak dowiedziała się „Rzeczpospolita” z rządowych źródeł, kilka dni temu trwały rozmowy nad przejściem Jacka Kurskiego do rządu. Wydarzenia mogły przyspieszyć i Kurski może wejść do rządu „na kogoś więcej, niż minister”
https://www.wykop.pl/rss/index.xml/;https://www.wykop.pl/link/6804349/druk-sejmowy-2359-obowiazkowa-kontrola-kotlow-od-20kw/;2022-09-05 11:13:01+00:00;False;Druk sejmowy 2359 - Obowiązkowa kontrola kotłów od 20kW;Lubicie nowe małe podatki? Rząd właśnie zgłosił projekt ustawy o obowiązkowych, płatnych kontrolach źródeł ciepła o mocy od 20kW.

https://orka.sejm.gov.pl/Druki9ka.nsf/0/9BB165A154BD444CC12588A30045D5E2/%24File/2539.pdf
https://www.wykop.pl/rss/index.xml/;https://www.wykop.pl/link/6803989/duza-niemiecka-fabryka-wstrzymuje-produkcje-adblue/;2022-09-05 11:08:02+00:00;False;Duża niemiecka fabryka wstrzymuje produkcję AdBlue;<img src="https://www.wykop.pl/cdn/c3397993/link_1662312057Wqxhjex0T9PJCSbxy52Bjv,w104h74.jpg" /><br />
		 Według rzecznika firmy, instalacje amoniakalne zostały wyłączone i bardzo możliwe, że od października firma przejdzie na skrócony czas pracy.
https://www.wykop.pl/rss/index.xml/;https://www.wykop.pl/link/6804395/ruch-osmiu-gwiazd-usuniete-z-facebooka/;2022-09-05 11:05:01+00:00;False;Ruch Ośmiu Gwiazd usunięte z Facebooka;<img src="https://www.wykop.pl/cdn/c3397993/link_1662361907DlKNDyLN8CEWbDUdFfxMXH,w104h74.jpg" /><br />
		 Zaczęły się czystki?
https://www.wykop.pl/rss/index.xml/;https://www.wykop.pl/link/6804283/lagos-portugalia-piekne-miasto-z-murami-obronnymi/;2022-09-05 11:01:01+00:00;False;Lagos (Portugalia) - piękne miasto z murami obronnymi;<img src="https://www.wykop.pl/cdn/c3397993/link_1662355091wrPoFfpTqsXFSBA4mhbhq2,w104h74.jpg" /><br />
		 Chciałbym Was dzisiaj zabrać do portugalskiego Lagos. To pierwsze miasto spoza Polski włączone do projektu &quot;Miasta stojące murem&quot;. W okolicy Lagos znajdują się piękne plaże oraz Ponta da Piedade, czyli Przylądek Miłosierdzia z niesamowitymi formacjami skalnymi.
https://www.wykop.pl/rss/index.xml/;https://www.wykop.pl/link/6804293/wypadek-na-karuzeli-w-mohali-indie/;2022-09-05 10:50:01+00:00;False;Wypadek na karuzeli w Mohali, Indie;<img src="https://www.wykop.pl/cdn/c3397993/link_1662356686xcVfgOXtS2m6rBFoRbEKAm,w104h74.jpg" /><br />
		 Kilkanaście osób rannych, brak informacji o ofiarach śmiertelnych
https://www.wykop.pl/rss/index.xml/;https://www.wykop.pl/link/6803837/nowe-badanie-bezpieczenstwa-szczepionki-u-kobiet-w-ciazy-z-11-08-2022/;2022-09-05 10:46:02+00:00;False;Nowe badanie bezpieczeństwa szczepionki u kobiet w ciąży z 11.08.2022.;<img src="https://www.wykop.pl/cdn/c3397993/link_1662299272B3FaLpYVzctU2lefrST4Xn,w104h74.jpg" /><br />
		 WYNIKI:

83 kobiety na 5597 (1.5%) poroniły w ciągu 7 dni od pierwszej dawki.
175 kobiet na 3114 (5.6%) poroniło pomiędzy pierwszą, a drugą dawką. 

WERDYKT AUTORÓW:

Szczepionki COVID-19 mRNA są bezpieczne w ciąży.

Badanie nie dotyczyło okresu powyżej 7 dni od szczepienia.
https://www.wykop.pl/rss/index.xml/;https://www.wykop.pl/link/6804743/jacek-kurski-odwolany-z-funkcji-prezesa-tvp/;2022-09-05 10:45:02+00:00;False;Jacek Kurski odwołany z funkcji prezesa TVP;<img src="https://www.wykop.pl/cdn/c3397993/link_1662373905usLPARC3HO9ld1BOuCUSoJ,w104h74.jpg" /><br />
		 Rada Mediów Narodowych odwołała Jacka Kurskiego z funkcji prezesa Telewizji Polskiej. W głosowaniu za odwołaniem Jacka Kurskiego byli wszyscy przedstawiciele partii rządzącej. RMN na stanowisko powołała Mateusza Matyszkowicza.
https://www.wykop.pl/rss/index.xml/;https://www.wykop.pl/link/6804121/4k-60fps-pokolorowane-1927-metropolis/;2022-09-05 10:37:01+00:00;False;[4k, 60fps, pokolorowane] (1927) Metropolis;<img src="https://www.wykop.pl/cdn/c3397993/link_1662320120mRsCyuSt2FW8joEWC7iltc,w104h74.jpg" /><br />
		 Fritz Lang. Scena taneczna.
https://www.wykop.pl/rss/index.xml/;https://www.wykop.pl/link/6804657/solowow-oburzony-dlaczego-zachod-nas-tak-nienawidzi/;2022-09-05 10:34:02+00:00;False;Sołowow oburzony dlaczego zachód nas tak nienawidzi!?;<img src="https://www.wykop.pl/cdn/c3397993/link_1662370747YA4at74W9aDuxvcGDQkzrU,w104h74.jpg" /><br />
		 Dlaczego nie mogę korzystać z Apple Pay, Google Pay dlaczego nie mogę polecieć tam gdzie chcę do swojego majątku dlaczego zachód tak nas traktuję pytał Sołowow
https://www.wykop.pl/rss/index.xml/;https://www.wykop.pl/link/6804137/najlepszy-spot-o-spalaniu-smieci-siekiera-w-domu-musi-byc/;2022-09-05 10:11:01+00:00;False;Najlepszy spot o spalaniu śmieci - "Siekiera w domu musi być.";<img src="https://www.wykop.pl/cdn/c3397993/link_1662321354Aa4QPSOeizGiW29N2iR9kd,w104h74.jpg" /><br />
		 Spot z udziałem Mariana Dziędziela oraz muzyków zespołu Tabu promujący akcję pod hasłem &quot;Nie truj sąsiada&quot; mającą na celu walkę z niską emisją oraz propagowanie społecznego sprzeciwu wobec spalania śmieci.
https://www.wykop.pl/rss/index.xml/;https://www.wykop.pl/link/6804307/do-konca-roku-rosjanom-braknie-pociskow-art-o-problemach-ros-zbrojeniowki/;2022-09-05 09:49:01+00:00;False;Do końca roku Rosjanom braknie pocisków - art. o problemach ros. zbrojeniówki;<img src="https://www.wykop.pl/cdn/c3397993/link_1662357428pt4tMWhYTaYoODSelUPRel,w104h74.jpg" /><br />
		 Rosjanom zaczyna brakować wszystkiego - pocisków, rakiet precyzyjnych, luf do czołgów, silników. A także wykwalifikowanej kadry roboczej. Do tego starzejący się park maszynowy. Nie są w stanie remontować czołgów i samolotów, a nowe produkują w coraz mniejszej ilości. Kolos zaczyna się chwiać.
https://www.wykop.pl/rss/index.xml/;https://www.wykop.pl/link/6804357/rozowa-na-polowaniu-na-sardynii/;2022-09-05 09:40:01+00:00;False;Różowa na polowaniu na Sardynii;<img src="https://www.wykop.pl/cdn/c3397993/link_1662360721cObIKo9un6YvVPLBZWVe32,w104h74.jpg" /><br />
		 *bonk bonk*
https://www.wykop.pl/rss/index.xml/;https://www.wykop.pl/link/6804405/podatek-na-chwile-towarzyszy-nam-od-20-lat-polacy-maja-dosc-tzw/;2022-09-05 09:35:01+00:00;False;Podatek „na chwilę” towarzyszy nam od 20 lat. Polacy mają dość tzw....;<img src="https://www.wykop.pl/cdn/c3397993/link_16623622736Xa5rBXZbeTw0RDsD9mfSl,w104h74.jpg" /><br />
		 19 proc. podatek od zysków kapitałowych, czyli popularny podatek Belki, zniechęca do oszczędzania i jest karą dla zaradnych – uważa prawie 70 proc. Polaków. Chcieliby, aby danina, która została wprowadzona jako tymczasowa, zakończyła swój żywot. Zwłaszcza że nawet najlepiej oprocentowane...
https://www.wykop.pl/rss/index.xml/;https://www.wykop.pl/link/6804351/pierwszy-sekretarz-zapewnia-o-dostepnosci-wegla/;2022-09-05 09:32:01+00:00;False;Pierwszy sekretarz zapewnia o dostępności węgla;<img src="https://www.wykop.pl/cdn/c3397993/link_1662359630bDrIMA515YmrfaU8NDrfRO,w104h74.jpg" /><br />
		 &quot;Jeżeli w gospodarstwie, które potrzebuje trzech ton węgla jest jedna tona, to nie denerwować się, ponieważ ten węgiel przyjdzie&quot; – powiedział Kaczyński.
https://www.wykop.pl/rss/index.xml/;https://www.wykop.pl/link/6803957/niemcy-2-tys-osob-demonstrowalo-w-kolonii-przeciw-sankcjom-wobec-rosji/;2022-09-05 09:15:01+00:00;False;Niemcy: 2 tys. osób demonstrowało w Kolonii przeciw sankcjom wobec Rosji;<img src="https://www.wykop.pl/cdn/c3397993/link_1662310166kmyoxC3bwXA91xdKlZxdqP,w104h74.jpg" /><br />
		 Ok. 2 tysięcy osób, w większości rosyjskojęzycznym, demonstrowało w niedzielę w Kolonii domagając się, by Niemcy przestały wspierać Ukrainę i zniosły sankcje nałożone na Rosję po jej inwazji na sąsiednie państwo.
https://www.wykop.pl/rss/index.xml/;https://www.wykop.pl/link/6803927/jaki-byl-przebieg-egzekucji-w-ponarach/;2022-09-05 09:14:01+00:00;False;Jaki był przebieg egzekucji w Ponarach?;<img src="https://www.wykop.pl/cdn/c3397993/link_1662308897UBY1Oqs3CFOKYVo6lfoi7G,w104h74.jpg" /><br />
		 W latach 1941–1944 niemieccy okupanci we współpracy z litewskimi kolaborantami dokonali szeregu zbiorowych egzekucji na Żydach, Polakach i przedstawicielach innych narodowości. Szacuje się, że w Ponarach wymordowano przynajmniej 80 tys. osób.
https://www.wykop.pl/rss/index.xml/;https://www.wykop.pl/link/6804247/rosjanie-wywolali-zamieszki-i-odmowili-walki-nie-ma-nawet-wody/;2022-09-05 09:03:01+00:00;False;Rosjanie wywołali zamieszki i odmówili walki. "Nie ma nawet wody";<img src="https://www.wykop.pl/cdn/c3397993/link_1662352377fITaewZQnpqPs5TIQyceXK,w104h74.jpg" /><br />
		 Ukraińskie Dowództwo Operacyjne &quot;Południe&quot; doniosło o buncie rosyjskich żołnierzy ze 127 pułku 1 korpusu armii, którzy odmówili udziału w walce. Rosjanie mieli wszcząć zamieszki. Jak wynika z ustaleń wywiadu armii Ukrainy, jednym z bezpośrednich przyczyn buntu i zamieszek było niezadowolenie...
https://www.wykop.pl/rss/index.xml/;https://www.wykop.pl/link/6804067/ukraina-raport-z-walk-czy-to-ofensywa-plk-piotr-lewandowski/;2022-09-05 08:24:01+00:00;False;UKRAINA RAPORT z WALK: CZY TO OFENSYWA? płk Piotr Lewandowski;<img src="https://www.wykop.pl/cdn/c3397993/link_16623166217PpGwv5TdRqAWnLLCdNg4T,w104h74.jpg" /><br />
		 Analiza działań ukraińskich i rosyjskich z ostatniego tygodnia oraz komentarza płk Piotra Lewandowskiego.
https://www.wykop.pl/rss/index.xml/;https://www.wykop.pl/link/6801623/szefowa-ke-potrzebujemy-limitu-cenowego-na-rosyjski-gaz-dostarczany-rurociagiem/;2022-09-05 08:05:01+00:00;False;Szefowa KE: potrzebujemy limitu cenowego na rosyjski gaz dostarczany rurociągiem;<img src="https://www.wykop.pl/cdn/c3397993/link_1662297570RaBCKVGSoT2YkzB71SEEty,w104h74.jpg" /><br />
		 Nadszedł czas, aby ustalić limit cenowy na rosyjski gaz dostarczany do Europy rurociągami - zaproponowała w piątek przewodnicząca Komisji Europejskiej Ursula von der Leyen, przebywająca z wizytą w Niemczech.
https://www.wykop.pl/rss/index.xml/;https://www.wykop.pl/link/6804239/dlaczego-rowery-miejskie-sa-w-takim-stanie-tutaj-znajdziecie-odpowiedz/;2022-09-05 07:53:01+00:00;False;Dlaczego rowery miejskie są w takim stanie tutaj znajdziecie odpowiedź;<img src="https://www.wykop.pl/cdn/c3397993/link_1662351361wrlNuTkXrZGIL7Wq2SbKKF,w104h74.jpg" /><br />
		 Nagranie z monitoringu
https://www.wykop.pl/rss/index.xml/;https://www.wykop.pl/link/6804289/bayraktar-niszczy-dwa-systemy-tor-w-rejonie-chersonia/;2022-09-05 07:50:02+00:00;False;Bayraktar niszczy dwa systemy TOR w rejonie Chersonia;<img src="https://www.wykop.pl/cdn/c3397993/link_16623564554yFQhkGFp3zVJUjJHOQlIS,w104h74.jpg" /><br />
		 Nagranie z ostatnich dni.
https://www.wykop.pl/rss/index.xml/;https://www.wykop.pl/link/6804219/complete-gopro-of-my-1st-mission-in-ukraine-kherson-amp-mykolaiv/;2022-09-05 07:50:02+00:00;False;Complete GoPro of my 1st mission in Ukraine - Kherson & Mykolaiv;<img src="https://www.wykop.pl/cdn/c3397993/link_1662342569ByOqpr1iSHe30oi1lrUoKo,w104h74.jpg" /><br />
		 #Ukraine #GoPro #Kherson Complete GoPro of my 1st mission in Ukraine - Kherson &amp; Mykolaiv The only purpose of today’s video is to shine a light on the early part of the war that people only saw a 1 minute a clip of. This is the full context, hope you learned something. No amount of...
https://www.wykop.pl/rss/index.xml/;https://www.wykop.pl/link/6803715/grob-wampira-odkryty-po-bydgoszcza/;2022-09-05 07:37:01+00:00;False;Grób wampira odkryty po Bydgoszczą.;<img src="https://www.wykop.pl/cdn/c3397993/link_1662293869yOPvjtiGkEMr1iGmPj1OF3,w104h74.jpg" /><br />
		 Unikat w skali Europejskiej
https://www.wykop.pl/rss/index.xml/;https://www.wykop.pl/link/6803673/wielka-wojna-o-pierscienie-wladzy-o-toksycznosci-hollywoodu-i-fandomow/;2022-09-05 07:32:02+00:00;False;Wielka wojna o Pierścienie Władzy - o toksyczności Hollywoodu i fandomów;<img src="https://www.wykop.pl/cdn/c3397993/link_1662291581vvB2aDwQd3a4Z2xcSusvcO,w104h74.jpg" /><br />
		 Sporo mówi się o tym, jak wszelkie próby wskrzeszenia kultowych marek podejmowane przez wielkie wytwórnie kończą się wylewaniem ścieków ze strony toksycznych fanów. A może problem nie leży tylko w fandomach, ale i w Hollywood, które nie umie przyznać się do błędu i jest okropnie zapatrzone w kasę?
https://www.wykop.pl/rss/index.xml/;https://www.wykop.pl/link/6804271/ben-hodges-jestesmy-swiadkami-poczatku-konca-rosji-w-jej-dzisiejszym-ksztalcie/;2022-09-05 07:20:02+00:00;False;Ben Hodges: jesteśmy świadkami początku końca Rosji w jej dzisiejszym kształcie;<img src="https://www.wykop.pl/cdn/c3397993/link_1662354313SlG7e1JKwlK2y87JmQ4wrp,w104h74.jpg" /><br />
		 Były wysoko postawiony amerykański wojskowy Ben Hodges przewiduje upadek Rosji. W jego ocenie świat powinien przygotować się na &quot;koniec Federacji Rosyjskiej w jej obecnym kształcie&quot;. Dodaje, że świat nie był przygotowany na rozpad ZSRR.
https://www.wykop.pl/rss/index.xml/;https://www.wykop.pl/link/6804297/prl-bis-3-dni-stania-w-kolejce-do-biura-kopalni-janina-do-zapisow-na-wegiel/;2022-09-05 07:18:02+00:00;False;"PRL-bis". 3 dni stania w kolejce do biura kopalni "Janina" do zapisów na węgiel;<img src="https://www.wykop.pl/cdn/c3397993/link_1662356745sEji9zaRj5JY1DxE633VkC,w104h74.jpg" /><br />
		 Długa kolejka do zapisów na węgiel przed kopalnią &quot;Janina&quot; w małopolskim Libiążu. Taką informację z tytułem &quot;PRL-bis&quot; o poranku razem ze zdjęciami dostaliśmy na Gorącą Linię RMF FM. Limit sprzedaży w kopalni Janina wynosi 3 tony węgla na kupującego. Cena - 1450 zł za tonę.
https://www.wykop.pl/rss/index.xml/;https://www.wykop.pl/link/6804243/wiecie-dlaczego-ceny-paliw-sa-takie-niskie/;2022-09-05 07:11:01+00:00;False;Wiecie dlaczego ceny paliw są takie niskie?;<img src="https://www.wykop.pl/cdn/c3397993/link_1662351725lfos3WlVquyiGNJeaJ31ZR,w104h74.jpg" /><br />
		 To dlatego, że Orlen jest firmą narodową... i chce pomóc polskim przedsiębiorcom i polskiej gospodarce.
https://www.wykop.pl/rss/index.xml/;https://www.wykop.pl/link/6804089/nieudany-start/;2022-09-05 06:50:01+00:00;False;Nieudany start;<img src="https://www.wykop.pl/cdn/c3397993/link_1662317643NfIkbmkdDOfaoQw9TQ3WqA,w104h74.jpg" /><br />
		 To najdłuższy i najszybszy bieg.
https://www.wykop.pl/rss/index.xml/;https://www.wykop.pl/link/6804065/kolejny-megakontrakt-polsko-brytyjski-system-przeciwlotniczy-nadchodzi/;2022-09-05 06:47:01+00:00;False;Kolejny megakontrakt: polsko-brytyjski system przeciwlotniczy nadchodzi;<img src="https://www.wykop.pl/cdn/c3397993/link_1662316407OcSsXZCLEDp51gbu1vhch1,w104h74.jpg" /><br />
		 Kończą się negocjacje w sprawie wersji rozwojowej artyleryjsko-rakietowego systemu przeciwlotniczego Pilica. Umowa zostanie podpisana w pierwszej połowie września. W ramach miliardowego kontraktu Wojsko Polskie pozyska 21 baterii systemu mającego chronić Wisłę przy użyciu CAMM
https://www.wykop.pl/rss/index.xml/;https://www.wykop.pl/link/6803917/uk-odszkodowanie-za-smierc-z-powodu-szczepionki-na-covid-19-astrazeneca/;2022-09-05 06:07:01+00:00;True;UK - odszkodowanie za śmierć z powodu szczepionki na covid-19 AstraZeneca;<img src="https://www.wykop.pl/cdn/c3397993/link_16623083662qkcfosoOV5XnbUyirqZdg,w104h74.jpg" /><br />
		 Kobieta, której partner zmarł po szczepieniu AstraZeneca, stała się pierwszą osobą, która otrzymała odszkodowanie z powodu śmierci spowodowanej szczepionką Covid. Były narzeczony piosenkarki rockowej Vikki Spit, 48-letni Zion z Alston w Kumbrii, zachorował osiem dni po zastrzyku i zmarł w maju 2021r
https://www.wykop.pl/rss/index.xml/;https://www.wykop.pl/link/6803623/technika-prostowania-plomieniowego-eng/;2022-09-05 06:01:01+00:00;False;Technika prostowania płomieniowego [Eng];<img src="https://www.wykop.pl/cdn/c3397993/link_1662289010gR4clW7bB2nFk47d3T6pqg,w104h74.jpg" /><br />
		 Stare nagranie szkoleniowe.
Jeśli ktoś potrzebuje można dać w youtube automatyczne tłumaczenie napisów na PL, ale nawet bez napisów jest zrozumiale.
https://www.wykop.pl/rss/index.xml/;https://www.wykop.pl/link/6804041/putin-nie-jest-zainteresowany-zakonczeniem-wojny/;2022-09-05 05:53:02+00:00;False;"Putin nie jest zainteresowany zakończeniem wojny";<img src="https://www.wykop.pl/cdn/c3397993/link_1662315103Jr43t1VCQ36cFR5hoHSrxb,w104h74.jpg" /><br />
		 Stany Zjednoczone nie mają nadziei, że prezydent Rosji Władimir Putin jest gotowy do zakończenia wojny na Ukrainie - powiedział rzecznik Rady Bezpieczeństwa Narodowego USA John Kirby w wywiadzie dla niezależnej rosyjskiej telewizji &quot;Dożd&quot;, którego fragmenty cytuje portal Ukraińska Prawda.
https://www.wykop.pl/rss/index.xml/;https://www.wykop.pl/link/6803821/skad-wiadomo-ze-ziemia-ma-4-5-miliarda-lat/;2022-09-05 04:52:01+00:00;False;Skąd wiadomo że Ziemia ma 4,5 MILIARDA LAT?;<img src="https://www.wykop.pl/cdn/c3397993/link_16623036782Ib3vlta58LFo4ntPzKRIM,w104h74.jpg" /><br />
		 Wiek Ziemi wynosi 4,5 miliarda lat - jesteśmy tego pewni, mamy niepodważalne dowody na taki stan rzeczy. Jak do tej wiedzy doszliśmy i jaki związek ma z tym chemia? Zapraszam na odcinek!  Patron odcinka ➫ Copernicus Center Press Link do książki ➫...
https://www.wykop.pl/rss/index.xml/;https://www.wykop.pl/link/6804051/ukraina-twierdzi-ze-operacja-na-poludniu-idzie-zgodnie-z-planem/;2022-09-05 04:26:01+00:00;False;Ukraina twierdzi, że operacja na południu „idzie zgodnie z planem”;<img src="https://www.wykop.pl/cdn/c3397993/link_1662315907ZsETPINieVtZFOg9hWlglH,w104h74.jpg" /><br />
		 Nie ma pośpiechu, systematycznie „mielimy wojska Putina” – powiedział doradca prezydenta Ukrainy Ołeksij Arestowycz.
https://www.wykop.pl/rss/index.xml/;https://www.wykop.pl/link/6803551/makabra-na-kremlu-wystawili-zweglone-szczatki-kosmonauty/;2022-09-05 04:06:01+00:00;False;Makabra na Kremlu. Wystawili zwęglone szczątki kosmonauty;<img src="https://www.wykop.pl/cdn/c3397993/link_1662284245NoylwKOzg0uuo8TxSQFFHx,w104h74.jpg" /><br />
		 Wladimir Komarow, którego szczątki z honorami wystawiono na Kremlu w ponurym sowieckim spektaklu już krążąc po orbicie ziemskiej wiedział, że czeka go śmierć bo źle skonstruowana kabina Sojuz 1 spali się w atmosferze.
https://www.wykop.pl/rss/index.xml/;https://www.wykop.pl/link/6803971/chiny-kupuja-gaz-od-rosji-a-nastepnie-sprzedaja-go-europie-ze-spora-marza/;2022-09-05 03:49:01+00:00;False;Chiny kupują gaz od Rosji, a następnie sprzedają go Europie ze sporą marżą.;<img src="https://www.wykop.pl/cdn/c3397993/link_1662310588fhZ9z4HFCDpnPmQeAsITtm,w104h74.jpg" /><br />
		 Import gazu z Rosji do Chin w tym roku wzrósł o 60% (w powiązanych). Zaawansowana logika i hipokryzja.
https://www.wykop.pl/rss/index.xml/;https://www.wykop.pl/link/6804107/niesamowity-peruwianski-wyscig-rowerowy-zjazdowy/;2022-09-05 00:21:01+00:00;False;Niesamowity peruwiański wyścig rowerowy zjazdowy;<img src="https://www.wykop.pl/cdn/c3397993/link_1662319063gWkkzH3tq7OoQHnGkpumhz,w104h74.jpg" /><br />
		 Inka Avalanche to wyścig zjazdowy ze startu wspólnego. 300 rowerzystów górskich ściga się razem, aby ukończyć 15 kilometrów niżej, w słynnej świętej dolinie - Peru.