http://www.zdnet.com/news/rss.xml;https://www.zdnet.com/article/how-far-out-is-apples-next-big-thing/#ftag=RSSbaffb68;2022-09-05 14:13:55+00:00;False;How 'Far Out' is Apple's next big thing?;VR headsets and driverless cars may be on the horizon, but this week is all about iPhone.
http://www.zdnet.com/news/rss.xml;https://www.zdnet.com/article/beyond-the-iphone-how-far-out-is-apples-next-big-thing-really/#ftag=RSSbaffb68;2022-09-05 14:13:00+00:00;False;Beyond the iPhone: How 'Far Out' is Apple's next big thing, really?;VR headsets and driverless cars may be on the horizon, but right now is all about iPhone. And that might not change for a while.
http://www.zdnet.com/news/rss.xml;https://www.zdnet.com/article/dell-precision-5470-workstation-review/#ftag=RSSbaffb68;2022-09-05 11:57:00+00:00;False;Dell Precision 5470 Workstation review: Portable workstation power;It's slim and lighweight, and performs well, but the Precision 5470 does make some disappointing trade-offs considering the price.
http://www.zdnet.com/news/rss.xml;https://www.zdnet.com/article/google-chrome-zero-day-flaw-users-urged-to-install-update-immediately/#ftag=RSSbaffb68;2022-09-05 11:04:39+00:00;False;Google Chrome zero-day flaw: Users urged to install update 'immediately';Google says a new vulnerability is already being exploited by cyberattacks, with Chrome users on Windows, Mac and Linux told to apply the fix as soon as possible.
http://www.zdnet.com/news/rss.xml;https://www.zdnet.com/home-and-office/best-labor-day-appliance-deals/#ftag=RSSbaffb68;2022-09-05 09:59:00+00:00;False;The 19 best Labor Day 2022 appliance deals;From outdoor grills to kitchen appliances, ZDNET has you covered.
http://www.zdnet.com/news/rss.xml;https://www.zdnet.com/home-and-office/smart-home/best-labor-day-security-camera-deals/#ftag=RSSbaffb68;2022-09-05 09:42:00+00:00;False;The 15 best Labor Day 2022 security camera deals;ZDNET lists the best Labor Day deals on security cameras that US vendors have to offer.
http://www.zdnet.com/news/rss.xml;https://www.zdnet.com/home-and-office/best-labor-day-deals-under-100/#ftag=RSSbaffb68;2022-09-05 09:32:00+00:00;False;The 14 best Labor Day 2022 deals under $100;From Fitbits to Chromebooks, here are the best deals under $100.
http://www.zdnet.com/news/rss.xml;https://www.zdnet.com/article/work-smarter-with-over-70-off-this-smooth-note-taking-app/#ftag=RSSbaffb68;2022-09-05 05:40:00+00:00;False;Need a note-taking app? Agenda Premium 14 is 70% off;Agenda Premium 14 is the most powerful version yet, with more ways to tag and organize your notes
http://www.zdnet.com/news/rss.xml;https://www.zdnet.com/article/study-for-it-interviews-and-certification-exams-with-20-aws-comptia-e-books/#ftag=RSSbaffb68;2022-09-05 04:37:00+00:00;False;AWS & CompTIA ebooks for $20: Study for IT interviews, certification exams;Give yourself an edge to start or advance in the IT field with training questions for CompTIA, AWS, Cisco, Microsoft and Google
http://www.zdnet.com/news/rss.xml;https://www.zdnet.com/article/best-travel-pillow/#ftag=RSSbaffb68;2022-09-05 03:16:00+00:00;False;The 5 best travel pillows of 2022;It's hard to sleep on a plane or in a train or car. It's impossible to get comfy. Finally fed up with that reality, I set out to find the best travel pillow. I researched and judged them based on value, construction, and user reviews to determine a No. 1 pick and other honorable mentions. The Trtl Pillow is my top choice, but here's how it compares to the others.
http://www.zdnet.com/news/rss.xml;https://www.zdnet.com/home-and-office/home-entertainment/best-gaming-tv/#ftag=RSSbaffb68;2022-09-05 02:58:00+00:00;False;The 5 best gaming TVs of 2022;A dedicated gaming TV not only frees up your living room for other people to watch movies and shows, it can also elevate your gaming experience with enhanced color and contrast as well as VRR support for smoother gameplay. ZDNET's expert pick for the best gaming TV is the Samsung Q90B for its excellent picture quality, object tracking sound, and robust, dedicated game mode.
http://www.zdnet.com/news/rss.xml;https://www.zdnet.com/article/best-free-vpn/#ftag=RSSbaffb68;2022-09-05 02:46:00+00:00;False;The 3 best free VPNs (and why you get what you pay for);If you're not paying for your VPN service, you could be putting yourself at risk. But there are limited-service free VPNs provided by reputable companies you could try out, such as ProtonVPN. Here's why there isn't one best free VPN, but there are options we like.
http://www.zdnet.com/news/rss.xml;https://www.zdnet.com/article/best-rv/#ftag=RSSbaffb68;2022-09-05 02:35:00+00:00;False;The 5 best RVs of 2022: Top motorhomes and campers;We found the best family RV, best value RV, best luxurious RV, the most reliable RV, and the best RV for full-time living. These come from the top brands and span Class A, B, and C types. The Coachmen RV Pursuit 27XPS is ZDNET's top choice overall, but there is something here for anyone looking to live more economically or adventurously.
http://www.zdnet.com/news/rss.xml;https://www.zdnet.com/home-and-office/yard-outdoors/best-smokeless-fire-pit/#ftag=RSSbaffb68;2022-09-05 02:33:00+00:00;False;The 5 best smokeless fire pits of 2022;If you love the idea of sitting around the fire with friends or family but you don't love the smoke that lingers on your clothes and hair after, a smokeless fire pit could be right for you. The TIKI Stainless Steel Low-Smoke Fire Pit is ZDNET's top pick for its minimal smoke, beautiful design, and easy cleanup, but there are plenty of good options available.
http://www.zdnet.com/news/rss.xml;https://www.zdnet.com/home-and-office/home-entertainment/best-sony-tv/#ftag=RSSbaffb68;2022-09-05 02:27:00+00:00;False;The 5 best Sony TV models of 2022;If you have your heart set on a Sony TV but don't know which model is right for you or even what the primary differences are between each one -- no worries. ZDNET researched and compared the top five models and even found the best Sony TV overall. Our expert pick is the Bravia X95J with its support for both Dolby Vision and HDR10, an AI-assisted processor, and an Acoustic Multi Audio feature.
http://www.zdnet.com/news/rss.xml;https://www.zdnet.com/home-and-office/yard-outdoors/best-labor-day-deals-outdoor-appliances/#ftag=RSSbaffb68;2022-09-05 02:06:00+00:00;False;The best Labor Day 2022 deals on outdoor equipment;Shop Wayfair, Lowe's, and Amazon for the best Labor Day deals that support your outdoor grilling and grooming needs. There are fantastic sales to be found on everything from a Pit Boss grill to a Yeti power station.
http://www.zdnet.com/news/rss.xml;https://www.zdnet.com/home-and-office/home-entertainment/hisense-4k-uhd-google-tv-deal-coupon-promo-code-sale/#ftag=RSSbaffb68;2022-09-05 02:01:00+00:00;False;This 65-inch Hisense 4K UHD Google TV is $450 off;The 2022 model just dropped in price by $450 -- its lowest price ever. With 1500-nit HDR10+ and Dolby Vision picture, this is a steal of a deal. Get a $100 rebate after 100 days to save even more.
http://www.zdnet.com/news/rss.xml;https://www.zdnet.com/article/best-apple-labor-day-deals/#ftag=RSSbaffb68;2022-09-05 01:57:00+00:00;False;The 7 best Apple Labor Day 2022 deals: $120 off AirPods;Expand your Apple ecosystem with these great deals just in time for Labor Day.
http://www.zdnet.com/news/rss.xml;https://www.zdnet.com/home-and-office/smart-home/philips-hue-smart-bulbs-deal-promo-code-coupon-sale/#ftag=RSSbaffb68;2022-09-05 01:55:00+00:00;False;Philips Hue deal: Smart bulbs just dropped 56% on Amazon;These smart bulbs can be programmed to work in sync with your TV for optimal viewing, adjusting the ambiance for reading fall books with a cup of tea, and more.
http://www.zdnet.com/news/rss.xml;https://www.zdnet.com/article/best-amazon-labor-day-deals/#ftag=RSSbaffb68;2022-09-05 01:54:00+00:00;False;The 7 best Amazon Labor Day 2022 deals;While Amazon may not have an official Labor Day sale, it does have some low prices and great deals starting now and others to look out for come September 5.
http://www.zdnet.com/news/rss.xml;https://www.zdnet.com/article/best-labor-day-sale-deals/#ftag=RSSbaffb68;2022-09-05 01:50:00+00:00;False;9 great Labor Day deals on tech: Save $85 on AirPods;Labor Day is this upcoming weekend, but you can save right now on great tech deals. Check out our best picks on deals you can buy today.
http://www.zdnet.com/news/rss.xml;https://www.zdnet.com/home-and-office/smart-home/best-robot-vacuum-deals-labor-day/#ftag=RSSbaffb68;2022-09-05 01:46:00+00:00;False;The 6 best Labor Day 2022 deals on robot vacuums;Like all major appliances on Labor Day, you can find deep discounts on robot vacuums. Here are our top finds.
http://www.zdnet.com/news/rss.xml;https://www.zdnet.com/home-and-office/home-entertainment/best-labor-day-tv-deals/#ftag=RSSbaffb68;2022-09-05 01:41:00+00:00;False;Best Labor Day 2022 TV deals: 65-inch 4K TV for $249;Check out our list for the best Labor Day deals on TVs ranging from budget-friendly to high-end smart TVs.