https://lifehacker.com/rss;https://lifehacker.com/which-event-ticket-sites-have-the-best-deals-1849501508;2022-09-06 20:00:00+00:00;False;Which Event Ticket Sites Have the Best Deals?;<img src="https://i.kinja-img.com/gawker-media/image/upload/s--PuhAAwh1--/c_fit,fl_progressive,q_80,w_636/18cf410dbc7d65886bbf82aac75affdb.jpg" /><p>Ticket revenue <a href="https://www.hollywoodreporter.com/business/business-news/live-nation-revenue-soars-as-concert-ticket-sales-recover-1235141653/" rel="noopener noreferrer" target="_blank">is way up</a> after the lull caused by the COVID-19 lockdowns. We may never want to take live events for granted again, and it seems like every major artist 
https://lifehacker.com/rss;https://lifehacker.com/how-to-promote-your-work-online-without-sounding-like-a-1849501266;2022-09-06 19:30:00+00:00;False;How to Promote Your Work Without Sounding Like a Total Jerk;<img src="https://i.kinja-img.com/gawker-media/image/upload/s--8OfME1OS--/c_fit,fl_progressive,q_80,w_636/bb3f1daa1aa906121bdee93344993400.jpg" /><p>One of the <a href="https://www.newsweek.com/lena-wilson-film-critic-amandla-stenberg-bodies-bodies-bodes-1735879" rel="noopener noreferrer" target="_blank">worst ways to promote your work</a> online is by exhibiting a <a href="https://lifehacker.com/the-three-types-of-narcissists-and-how-to-recognize-the-1846734477">god complex</a>. Sure, it pays t
https://lifehacker.com/rss;https://lifehacker.com/how-to-kill-at-karaoke-even-if-you-can-t-sing-1849501417;2022-09-06 19:00:00+00:00;False;How to Kill at Karaoke Even If You Can’t Sing;<img src="https://i.kinja-img.com/gawker-media/image/upload/s--iC8v3gYL--/c_fit,fl_progressive,q_80,w_636/246bd9ec220e626f67545c2a5f31bb63.jpg" /><p>Have you ever gone to karaoke and watched enviously as others took the stage while you were too trapped by your own anxiety to give it a shot? Or, worse, have you actually conquered your fear of getting up there only to discover in real-time that you cannot sing a note, and you have the stage presence of soggy pasta?…</p><p><a href="https://lifehack
https://lifehacker.com/rss;https://lifehacker.com/this-site-reviews-products-after-they-break-1849500233;2022-09-06 18:30:00+00:00;False;This Site Reviews Products After They Break;<img src="https://i.kinja-img.com/gawker-media/image/upload/s--zSrVV1R5--/c_fit,fl_progressive,q_80,w_636/af7c80043bf6f0f056cbd72fe242356f.jpg" /><p>We’ve come to rely on reviews when researching what products to buy. After all, everything’s getting more expensive (<a href="https://lifehacker.com/how-to-identify-and-deal-with-grocery-store-shrinkflati-1849332746">or getting smaller</a>), and you want to be sure the purchases you make are smart. Reviews offer you real-life experience from someone
https://lifehacker.com/rss;https://lifehacker.com/10-surprising-ways-to-use-q-tips-that-dont-involve-your-1849500647;2022-09-06 18:00:00+00:00;False;Ten Surprising Ways to Use Q-tips That Don't Involve Your Ears;<img src="https://i.kinja-img.com/gawker-media/image/upload/s--0GpERv6N--/c_fit,fl_progressive,q_80,w_636/0992322ce15bd2c974025b6a450e520d.jpg" /><p>Q-tips are one of a very short list of products that are routinely bought for a purpose <a href="https://www.washingtonpost.com/news/wonk/wp/2016/01/20/we-have-a-q-tips-problem/" rel="noopener noreferrer" target="_blank">they are explicitly <em>not</em> to be used for</a> (seriously—<a href="https://lifehacker.com/how-to-clean-your-ears-if-youre-not
https://lifehacker.com/rss;https://lifehacker.com/this-treatment-protects-immunocompromised-people-from-c-1849500894;2022-09-06 17:32:40+00:00;False;This Treatment Protects Immunocompromised People From COVID;<img src="https://i.kinja-img.com/gawker-media/image/upload/s--LL-AR9SH--/c_fit,fl_progressive,q_80,w_636/d3faf5f169cf6c42b6114e3682763d6a.jpg" /><p>When the CDC was preparing to recommend the new bivalent COVID booster vaccines (speaking of which, <a href="https://lifehacker.com/there-s-a-new-covid-booster-you-should-probably-get-thi-1849490154">most of us should make plans to get one</a>), they also mentioned that more people should be aware of Evusheld, which can provide extra protection for 
https://lifehacker.com/rss;https://lifehacker.com/cool-off-with-a-late-summer-nimbu-pani-1849500663;2022-09-06 17:00:28+00:00;False;Cool Off With a Late-Summer Nimbu Pani;<img src="https://i.kinja-img.com/gawker-media/image/upload/s--8YQPc9s_--/c_fit,fl_progressive,q_80,w_636/4f0caab34e47638bc20f7487e07fb701.jpg" /><p>It may be September, but that doesn’t mean it’s not still hot out there—you may have heard <a href="https://www.washingtonpost.com/climate-environment/2022/09/04/western-heatwave-california-records-climate/" rel="noopener noreferrer" target="_blank">a heat wave is blanketing the western U.S.</a> The ideal way to beat the heat is by sitting poolside 
https://lifehacker.com/rss;https://lifehacker.com/how-to-recognize-a-male-yeast-infection-1849500010;2022-09-06 16:00:00+00:00;False;How to Recognize a Male Yeast Infection;<img src="https://i.kinja-img.com/gawker-media/image/upload/s--ChCRbLe1--/c_fit,fl_progressive,q_80,w_636/8837315b4e602d2cac8208fe3052caa4.jpg" /><p>You might not have known that people with penises can get yeast infections, given that advertising for over-the-counter relief is widely geared toward those who do not. Prevention advice is usually aimed at vaginas, and yeast infection treatment is typically categorized as women’s health. In fairness, vaginas get the…</p><p><a href="https://lifehack
https://lifehacker.com/rss;https://lifehacker.com/update-google-chrome-asap-to-patch-this-security-flaw-1849499843;2022-09-06 15:30:00+00:00;False;Update Google Chrome ASAP to Patch This Security Flaw;<img src="https://i.kinja-img.com/gawker-media/image/upload/s--iMOuyWXu--/c_fit,fl_progressive,q_80,w_636/469a23734932a43399c9749e85634622.jpg" /><p>If it seems like you just updated Chrome, that’s because you did. Google <a href="https://lifehacker.com/everything-new-in-chrome-105-1849478347">refreshed its web browser to version 105</a> on Wednesday, introducing new features and security patches. However, only days later, Google has provided yet another update. The company doesn’t usually issue
https://lifehacker.com/rss;https://lifehacker.com/what-parents-need-to-know-about-digital-self-harm-1849497518;2022-09-06 15:00:00+00:00;False;What Parents Need to Know About 'Digital Self-Harm';<img src="https://i.kinja-img.com/gawker-media/image/upload/s--Nnn9mIzd--/c_fit,fl_progressive,q_80,w_636/9f09214e10b546037c4f129d14e2192c.jpg" /><p>As every parent is acutely aware of, social media comes with a number of risks, many of which are new and unfamiliar to us. Although many parents are aware of cyber-bullying, and the self-esteem issues associated with social media, there is another phenomenon called digital self-harm, that has been increasing in…</p><p><a href="https://lifehacker.co
https://lifehacker.com/rss;https://lifehacker.com/the-7-deadly-sins-of-breaking-up-with-someone-1849491290;2022-09-06 14:30:00+00:00;False;The 7 Deadly Sins of Breaking Up With Someone;<img src="https://i.kinja-img.com/gawker-media/image/upload/s--6TiFHbYO--/c_fit,fl_progressive,q_80,w_636/82a2790bff464cc1ba6e3fc4144b754e.jpg" /><p>Whether it’s a summer fling who’s turning needy, or a longterm partnership that has lost all its shine, autumn may feel like the perfect time to end your relationship and start anew. But when you grab your emotional-scissors and cut out your once-soulmate’s heart, at least try to do it with as much grace and maturity…</p><p><a href="https://lifehack
https://lifehacker.com/rss;https://lifehacker.com/the-easiest-ways-to-entertain-a-baby-1849492637;2022-09-06 14:00:00+00:00;False;The Easiest Ways to Entertain a Baby;<img src="https://i.kinja-img.com/gawker-media/image/upload/s--Cw2W6E93--/c_fit,fl_progressive,q_80,w_636/7cb3edca3af778780b56a0a94e9b7c8c.jpg" /><p>Babies are, undeniably, adorable. On the other hand, they can also be very boring—and you are in charge of virtually all of their entertainment. Fortunately, the world is brand new to them, so the “entertainment” possibilities are all around you. However, you are exhausted and want to create maximum joy with minimal…</p><p><a href="https://lifehacke
https://lifehacker.com/rss;https://lifehacker.com/how-to-keep-carpets-from-polluting-your-indoor-air-1849497372;2022-09-06 13:30:00+00:00;False;How to Keep Carpets From Polluting Your Indoor Air;<img src="https://i.kinja-img.com/gawker-media/image/upload/s--DLCagTIc--/c_fit,fl_progressive,q_80,w_636/c3e4348c96d386b20cc98adf7f56997e.jpg" /><p>For every person who loves the feel of carpet on their bare feet, there are others who regard carpet as the Worst Flooring and the First Thing We’re Ripping Out When We Move In. Hating carpet isn’t just aesthetic, either—carpet can be <a href="https://lifehacker.com/use-baking-soda-and-vinegar-to-clean-your-carpet-5992036">difficult</a> <a href="htt
https://lifehacker.com/rss;https://lifehacker.com/you-should-eat-cilantro-roots-1849491217;2022-09-06 13:00:00+00:00;False;You Should Eat Cilantro Roots;<img src="https://i.kinja-img.com/gawker-media/image/upload/s--fKSWkOH8--/c_fit,fl_progressive,q_80,w_636/db142ade3bb8fac1bb1744db1343246f.jpg" /><p>Cilantro is one of the most divisive flavors in the culinary world. You’re either in the “it’s soapy” party or the “it’s absolute magic” party. (Or maybe we just like the taste of soap? Who’s to know.) One thing’s for sure—it’s a powerful herb. The stem and the leaves pack a strong herbal kick, but there’s a more…</p><p><a href="https://lifehacker.c