https://tvn24.pl/najnowsze.xml;https://tvn24.pl/swiat/kongo-kinszasa-kladka-zawalila-sie-po-przecieciu-wstegi-podczas-uroczystosci-oficjele-wpadli-do-strumyka-6102210?source=rss;2022-09-07 19:55:12+00:00;False;Przecięli wstęgę, by uroczyście otworzyć kładkę. Zawaliła się pod nimi;<img alt="Przecięli wstęgę, by uroczyście otworzyć kładkę. Zawaliła się pod nimi" src="https://tvn24.pl/najnowsze/cdn-zdjecie-w0z5fr-kongo-weszli-na-kladke-by-ja-uroczyscie-otworzyc-i-przecieli-wstege-konstrukcja-zawalila-sie-6102246/alternates/LANDSCAPE_1280" />
    Uroczyste przekazanie do użytku kładki dla pieszych w stolicy Demokratycznej Republiki Konga nie poszło zgodnie z planem. Gdy tylko urzędnicy przecięli wstążkę, konstrukcja zawaliła się pod ich stopami.
https://tvn24.pl/najnowsze.xml;https://tvn24.pl/tvnmeteo/nauka/nalozyli-karaluchom-plecaki-tak-stworzyli-cyborgi-ktorych-nie-ma-co-sie-bac-6101891?source=rss;2022-09-07 19:39:12+00:00;False;Nałożyli karaluchom plecaki. Tak stworzyli cyborgi, których nie ma co się bać;<img alt="Nałożyli karaluchom plecaki. Tak stworzyli cyborgi, których nie ma co się bać" src="https://tvn24.pl/tvnmeteo/najnowsze/cdn-zdjecie-jc73d3-karaluchy-cyborgi-wyposazone-sa-w-malenki-modul-sterowania-bezprzewodowego-6101960/alternates/LANDSCAPE_1280" />
    Japońscy inżynierowie opracowali system, który pozwala zdalnie sterować karaluchami. Po co? W przyszłości specjalnie wyposażone owady mogą posłużyć chociażby do przeczesywania trudno dostępnych miejsc.
https://tvn24.pl/najnowsze.xml;https://tvn24.pl/tvnwarszawa/najnowsze/warszawa-maluja-buspas-na-pulawskiej-kiedy-zacznie-dzialac-6102008?source=rss;2022-09-07 19:35:05+00:00;False;Drogowcy wytyczają 10-kilometrowy buspas na Puławskiej;<img alt="Drogowcy wytyczają 10-kilometrowy buspas na Puławskiej" src="https://tvn24.pl/tvnwarszawa/najnowsze/cdn-zdjecie-dhd8h8-na-pulawskiej-powstaje-buspas-6102063/alternates/LANDSCAPE_1280" />
    Zarząd Dróg Miejskich prowadzi prace przy wyznaczaniu buspasa na Puławskiej. Pas dla autobusów będzie rozpoczynał się na granicy miasta i ciągnął do ulicy rotmistrza Pileckiego. Prace potrwają do października.
https://tvn24.pl/najnowsze.xml;https://tvn24.pl/biznes/z-kraju/ukraina-ile-ma-kosztowac-odbudowa-ukrainskiej-infrastruktury-analiza-german-marshall-fund-gmf-6102031?source=rss;2022-09-07 19:23:37+00:00;False;Obliczono koszty odbudowy ukraińskiej infrastruktury. Najnowsza analiza;<img alt="Obliczono koszty odbudowy ukraińskiej infrastruktury. Najnowsza analiza" src="https://tvn24.pl/poznan/cdn-zdjecie-axjmua-miejsce-trafienia-rakiety-w-centrum-charkowa-6087012/alternates/LANDSCAPE_1280" />
    Około 100 miliardów dolarów ma kosztować odbudowa ukraińskiej infrastruktury ze zniszczeń wojennych - dowiadujemy się z analizy German Marshall Fund (GMF). W dokumencie podkreślono konieczność ścisłego nadzoru nad środkami pomocowymi i wzmocnienia mechanizmów antykorupcyjnych na Uk
https://tvn24.pl/najnowsze.xml;https://tvn24.pl/polska/co-z-pieniedzmi-ze-sprzedazy-praw-do-emisji-co2-ministerstwo-klimatu-i-srodowiska-polska-przeznaczyla-na-cele-klimatyczne-ponad-100-miliardow-zlotych-od-2013-roku-6101976?source=rss;2022-09-07 19:21:56+00:00;False;Ministerstwo Klimatu i Środowiska: Polska przeznaczyła na cele klimatyczne ponad 100 miliardów złotych od 2013 roku;<img alt="Ministerstwo Klimatu i Środowiska: Polska przeznaczyła na cele klimatyczne ponad 100 miliardów złotych od 2013 roku" src="https://tvn24.pl/najnowsze/cdn-zdjecie-xyntms-farma-wiatrowa-na-baltyku-5979387/alternates/LANDSCAPE_1280" />
    Komisja Europejska nie zgłaszała uwag do sprawozdań z wydatkowania środków ze sprzedaży uprawnień do emisji gazów cieplarnianych, jakie Polska przedłożyła od 2013 roku - oświadczyło w środę w komunikacie Ministerstwo Klimatu i Środowiska. Przekazało, że 
https://tvn24.pl/najnowsze.xml;https://tvn24.pl/polska/mateusz-morawiecki-objezdza-polske-spotyka-sie-z-wyborcami-krytykuje-opozycje-joanna-mucha-i-joanna-kluzik-rostkowska-komentuja-6102178?source=rss;2022-09-07 18:59:32+00:00;False;Kluzik-Rostkowska: ta pielgrzymka Morawieckiego po Polsce to jest akt rozpaczy;<img alt="Kluzik-Rostkowska: ta pielgrzymka Morawieckiego po Polsce to jest akt rozpaczy" src="https://tvn24.pl/najnowsze/cdn-zdjecie-ndhi37-premier-mateusz-morawiecki-6102183/alternates/LANDSCAPE_1280" />
    Premier Mateusz Morawiecki nie rządzi w Polsce. On jest tylko osobą, która jest powołana do tego, żeby dawać swoją twarz - powiedziała w "Kropce nad i" posłanka Polski 2050 Joanna Mucha. Odniosła się do objazdu szefa rządu po kraju i jego wystąpień. Joanna Kluzik-Rostkowska z Platformy Oby
https://tvn24.pl/najnowsze.xml;https://tvn24.pl/biznes/z-kraju/wegiel-w-polsce-embargo-na-wegiel-z-rosji-jacek-piechota-byly-minister-gospodarki-komentuje-6102069?source=rss;2022-09-07 18:35:54+00:00;False;Były minister gospodarki o polityce rządu: ocenę skutków regulacji zastąpiła ocena skutków PR-u;<img alt="Były minister gospodarki o polityce rządu: ocenę skutków regulacji zastąpiła ocena skutków PR-u" src="https://tvn24.pl/najnowsze/cdn-zdjecie-qydzx9-jacek-piechota-6102144/alternates/LANDSCAPE_1280" />
    W Polsce występują problemy z dostępnością węgla. - Rodzi się pytanie, czy wtedy, kiedy nawoływaliśmy do szybkiego embarga na dostawy węgla z Rosji, czy wtedy ocenialiśmy skutki takich decyzji - powiedział w "Faktach po Faktach" w TVN24 Jacek Piechota, były minister gospodarki. W jego
https://tvn24.pl/najnowsze.xml;https://tvn24.pl/tvnwarszawa/ulice/halinow-wypadek-z-udzialem-motocyklisty-ranne-dziecko-6102117?source=rss;2022-09-07 18:19:26+00:00;False;Motocyklista uderzył w bok auta osobowego. Do szpitala trafiło także 10-letnie dziecko;<img alt="Motocyklista uderzył w bok auta osobowego. Do szpitala trafiło także 10-letnie dziecko" src="https://tvn24.pl/tvnwarszawa/najnowsze/cdn-zdjecie-238tsp-zderzenie-w-halinowie-6102134/alternates/LANDSCAPE_1280" />
    Wypadek z udziałem dwóch pojazdów na pograniczu Halinowa i Cisia. Na drodze serwisowej przy autostradzie A2 zderzyły się motocykl i samochód osobowy. Do szpitala trafili: motocyklista i 10-letnie dziecko.
https://tvn24.pl/najnowsze.xml;https://tvn24.pl/swiat/agencja-reutera-pentagon-wstrzymal-zatwierdzanie-nowych-mysliwcow-f-35-6102149?source=rss;2022-09-07 18:14:14+00:00;False;Reuters: Chiński komponent i przerwa w zatwierdzaniu nowych myśliwców F-35;<img alt="Reuters: Chiński komponent i przerwa w zatwierdzaniu nowych myśliwców F-35  " src="https://tvn24.pl/najnowsze/cdn-zdjecie-rlh8i6-amerykanskie-mysliwce-f-35-5612456/alternates/LANDSCAPE_1280" />
    Agencja Reutera, powołując się na własne źródła, podała, że Pentagon wstrzymał zatwierdzanie nowych myśliwców F-35. Powodem są wątpliwości, czy pochodzący z Chin komponent jednej z części silnika spełnia wymagania prawne dotyczące importu części z zagranicy.
https://tvn24.pl/najnowsze.xml;https://tvn24.pl/polska/jaroslaw-kaczynski-o-obcosci-kulturowej-poczulem-ja-kiedy-pierwszy-raz-bylem-na-zachodzie-w-wiedniu-tam-rozne-rzeczy-zobaczylem-6101798?source=rss;2022-09-07 18:09:41+00:00;False;"Poczułem ją, kiedy pierwszy raz byłem na Zachodzie". Jarosław Kaczyński o "obcości kulturowej";<img alt="" src="https://tvn24.pl/najnowsze/cdn-zdjecie-7vl9zg-07-1710-karpacz-kaczynski-0008-6101997/alternates/LANDSCAPE_1280" />
    Myśmy przecież nie podpisywali umowy o tym, że przyjmujemy cały ten zespół kulturowy, który reprezentuje zachodnia Europa, który już wtedy reprezentowała, który promowała - mówił prezes PiS Jarosław Kaczyński, nawiązując do wstąpienia Polski do Unii Europejskiej. Przekonywał, że "nikt, albo prawie nikt, pośród nas nie kwestionował tej obcości kulturowej". - Pocz
https://tvn24.pl/najnowsze.xml;https://tvn24.pl/tvnwarszawa/najnowsze/warszawa-znalazla-w-bieszczadach-egzotyczna-jaszczurke-przywiozla-ja-do-warszawy-6101915?source=rss;2022-09-07 17:47:41+00:00;False;W Bieszczadach znalazła egzotyczną jaszczurkę. Przywiozła ją do Warszawy;<img alt="W Bieszczadach znalazła egzotyczną jaszczurkę. Przywiozła ją do Warszawy" src="https://tvn24.pl/tvnwarszawa/najnowsze/cdn-zdjecie-8wj4z1-jaszczurka-znaleziona-w-bieszczadach-6101917/alternates/LANDSCAPE_1280" />
    Mieszkanka Wilanowa z wycieczki w Bieszczady przywiozła jaszczurkę. Zwierzę nad Soliną zauważyło dziecko, a kiedy kobieta spostrzegła, że jest to gatunek egzotyczny i może nie przetrwać zimy, zdecydowała się na zabranie go ze sobą do Warszawy. W stolicy jaszczurkę przekazał
https://tvn24.pl/najnowsze.xml;https://tvn24.pl/biznes/z-kraju/rada-polityki-pienieznej-sklad-joanna-tyrowicz-powolana-przez-senat-do-rpp-6102084?source=rss;2022-09-07 17:21:38+00:00;False;Nowa członkini RPP: rząd utrudnia pracę RPP, RPP utrudnia pracę rządowi i nic z tego nie wychodzi;<img alt="Nowa członkini RPP: rząd utrudnia pracę RPP, RPP utrudnia pracę rządowi i nic z tego nie wychodzi" src="https://tvn24.pl/biznes/najnowsze/cdn-zdjecie-1zue3r-joanna-tyrowicz-nowym-czlonkiem-rpp-6102129/alternates/LANDSCAPE_1280" />
    Joanna Tyrowicz została powołana przez Senat do Rady Polityki Pieniężnej. Za głosowało 51 senatorów, przeciw było 43, nikt się nie wstrzymał od głosu. Tyrowicz zastąpi Rafała Surę, którego Senat odwołał w lipcu w związku ze złożoną przez niego rezygnacją.
https://tvn24.pl/najnowsze.xml;https://tvn24.pl/biznes/z-kraju/kia-polska-prezes-uokik-postawil-zarzuty-zmowy-cenowej-i-podzialu-rynku-oswiadczenie-spolki-6100970?source=rss;2022-09-07 17:05:12+00:00;False;KIA Polska z zarzutami zmowy cenowej. Jest oświadczenie spółki;<img alt="KIA Polska z zarzutami zmowy cenowej. Jest oświadczenie spółki" src="https://tvn24.pl/najnowsze/cdn-zdjecie-hc2oei-samochod-auto-salon-dealer-kluczyki-nowe-nowy-s-shutterstock394138174-5119108/alternates/LANDSCAPE_1280" />
    Urząd Ochrony Konkurencji i Konsumentów (UOKiK) postawił zarzuty zmowy cenowej i podziału rynku spółce KIA Polska, 10 dealerom jej pojazdów oraz sześciu menadżerom. Urząd podał, że potencjalni nabywcy aut mogli być pozbawieni wyboru sprzedawcy i otrzymania tańsze
https://tvn24.pl/najnowsze.xml;https://tvn24.pl/tvnmeteo/prognoza/pogoda-na-jutro-czwartek-0809-do-czesci-kraju-dotrze-goraco-bedzie-az-28-stopni-w-cieniu-6101978?source=rss;2022-09-07 17:03:56+00:00;False;Pogoda na jutro - czwartek 08.09. Do części kraju dotrze gorąco. Będzie aż 28 stopni w cieniu;<img alt="Pogoda na jutro - czwartek 08.09. Do części kraju dotrze gorąco. Będzie aż 28 stopni w cieniu" src="https://tvn24.pl/tvnmeteo/najnowsze/cdn-zdjecie-04v6j1-deszcz-6102019/alternates/LANDSCAPE_1280" />
    Co mówi nam prognoza pogody na najbliższe godziny? Ta noc w części kraju będzie zimna. Czwartek 08.09 na dużym obszarze Polski zapowiada się bardzo ciepło, aurę za to zacznie psuć front atmosferyczny.
https://tvn24.pl/najnowsze.xml;https://tvn24.pl/swiat/ukraina-ekspert-wojskowy-kostiantyn-maszowec-rosjanie-nie-zrozumieli-zamiarow-ukrainskiego-dowodztwa-6101944?source=rss;2022-09-07 16:45:30+00:00;False;"Rosjanie nie trafili z miejscem i nie zrozumieli zamiarów ukraińskiego dowództwa";<img alt="" src="https://tvn24.pl/najnowsze/cdn-zdjecie-42stns-ukraina-wojsko-6101943/alternates/LANDSCAPE_1280" />
    Władze Ukrainy nie informują o postępach kontrofensywy na południu kraju. Tymczasem wojska ukraińskie - według nieoficjalnych doniesień - nacierają także w Donbasie i w obwodzie charkowskim. - Rosjanie zapewne wiedzieli o szykujących się natarciach (na innych odcinkach), ale najprawdopodobniej nie trafili z miejscem, nie znali też planu ukraińskich dowódców - powiedział w rozmo
https://tvn24.pl/najnowsze.xml;https://tvn24.pl/polska/jaroslaw-kaczynski-do-2025-roku-prezesem-partii-jestem-ja-jezeli-nie-umre-6102013?source=rss;2022-09-07 16:36:00+00:00;False;Błaszczak zostanie prezesem PiS? Kaczyński: na razie, do 2025 roku, jestem ja. Jeżeli nie umrę;<img alt="Błaszczak zostanie prezesem PiS? Kaczyński: na razie, do 2025 roku, jestem ja. Jeżeli nie umrę" src="https://tvn24.pl/najnowsze/cdn-zdjecie-k7koz8-kaczynski-5-6102037/alternates/LANDSCAPE_1280" />
    Prezes Prawa i Sprawiedliwości Jarosław Kaczyński odniósł się w Karpaczu do przyszłego przywództwa w partii. - Na razie, do 2025 roku, jestem ja. Jeżeli nie umrę, to pewnie będę - w ten sposób odpowiedział na pytanie, czy prezesem PiS zostanie wicepremier Mariusz Błaszczak.
https://tvn24.pl/najnowsze.xml;https://tvn24.pl/biznes/z-kraju/ceny-energii-fotowoltaika-w-polsce-7-wrzesnia-2022-ustanowila-nowy-rekord-marek-jozefiak-z-greenpeace-polska-komentuje-6101984?source=rss;2022-09-07 16:29:36+00:00;False;Padł nowy rekord wytwarzania energii z fotowoltaiki. "Zaoszczędzimy 100 tysięcy wagonów z węglem";<img alt="Padł nowy rekord wytwarzania energii z fotowoltaiki. " src="https://tvn24.pl/biznes/najnowsze/cdn-zdjecie8d59fba62ae62324b0ab3e4da5b26498-rynek-fotowoltaiczny-jest-jednym-z-najszybciej-rozwijajacych-sie-sektorow-oze-4375248/alternates/LANDSCAPE_1280" />
    Fotowoltaika znów wykręciła rekord - napisał na Twitterze Marek Józefiak, rzecznik prasowy Greenpeace Polska. Jak przekazał, w środę w godzinach 12-13 elektrownie wyprodukowały 6711 megawatogodzin (MWh) energii. Tym samym poprawiono
https://tvn24.pl/najnowsze.xml;https://tvn24.pl/polska/przemyslaw-czarnek-pytany-o-ustawowy-zakaz-seksu-dla-przyjemnosci-szef-mein-pani-jest-glupia-czy-po-prostu-tak-mowi-6101940?source=rss;2022-09-07 16:13:41+00:00;False;Dziennikarka: pan by chciał ustawowo zakazać seksu dla przyjemności? Czarnek: pani jest głupia?;<img alt="Dziennikarka: pan by chciał ustawowo zakazać seksu dla przyjemności? Czarnek: pani jest głupia?" src="https://tvn24.pl/najnowsze/cdn-zdjecie-fe14j5-dziennikarka-gazety-wyborczej-rozmawiala-z-ministrem-czarnkiem-6101965/alternates/LANDSCAPE_1280" />
    Czy pan by chciał ustawowo zakazać seksu dla przyjemności? - z takim pytanie zwróciła się do ministra edukacji i nauki Przemysława Czarnka dziennikarka "Gazety Wyborczej" Justyna Dobrosz-Oracz. - Pani jest głupia, czy pani po prostu tak 
https://tvn24.pl/najnowsze.xml;https://tvn24.pl/swiat/ukraina-ukrinform-walerij-zaluzny-naczelny-dowodca-sil-zbrojnych-ukrainy-potrzebujemy-broni-dalekiego-zasiegu-to-zapewni-przelom-w-wojnie-6101955?source=rss;2022-09-07 15:46:58+00:00;False;Naczelny dowódca sił zbrojnych Ukrainy: potrzebujemy broni dalekiego zasięgu, to zapewni przełom w wojnie;<img alt="Naczelny dowódca sił zbrojnych Ukrainy: potrzebujemy broni dalekiego zasięgu, to zapewni przełom w wojnie" src="https://tvn24.pl/najnowsze/cdn-zdjecie-l5sg28-ukraina-wojsko-6101963/alternates/LANDSCAPE_1280" />
    Naczelny dowódca sił zbrojnych Ukrainy generał Wałerij Załużny uważa, że przełom w odparciu rosyjskiej inwazji może nastąpić, gdy państwa zachodnie dostarczą Kijowowi broń dalekiego zasięgu.  W opublikowanym przez agencję Ukrinform artykule generał stwierdził, że siły zbrojn
https://tvn24.pl/najnowsze.xml;https://tvn24.pl/biznes/nieruchomosci/nowe-mieszkania-na-sprzedaz-wiceprezes-grupy-robyg-eyal-keltsh-o-sytuacji-na-rynku-6101939?source=rss;2022-09-07 15:42:45+00:00;False;Tak kupują mieszkania Polacy. Wiceprezes dużej firmy deweloperskiej o "zmianie struktury klientów";<img alt="Tak kupują mieszkania Polacy. Wiceprezes dużej firmy deweloperskiej o " src="https://tvn24.pl/najnowsze/cdn-zdjecie-ythjr8-budownictwo-dom-domy-osiedle-mieszkania-shutterstock2078612056-5724647/alternates/LANDSCAPE_1280" />
    Sprzedaż nowych mieszkań w Polsce w sierpniu była lepsza niż w lipcu i czerwcu. Tak wynika z wypowiedzi wiceprezesa spółki Robyg Eyala Keltsha. - Klienci - widząc, że ceny mieszkań nie spadają, tak jak niektórzy mogli oczekiwać, wrócili. Ale są to głównie kupują
https://tvn24.pl/najnowsze.xml;https://tvn24.pl/tvnmeteo/swiat/chiny-rosnie-liczba-ofiar-trzesienia-ziemi-poszukiwania-zaginionych-meteorolodzy-ostrzegaja-przed-ulewami-6101877?source=rss;2022-09-07 15:35:36+00:00;False;Ziemia zadrżała i pozbawiła życia ponad 70 osób. Na horyzoncie zagrożenie ze strony innego żywiołu;<img alt="Ziemia zadrżała i pozbawiła życia ponad 70 osób. Na horyzoncie zagrożenie ze strony innego żywiołu" src="https://tvn24.pl/tvnmeteo/najnowsze/cdn-zdjecie-b25k5f-trzesienie-ziemi-w-prowincji-syczuan-6101912/alternates/LANDSCAPE_1280" />
    Liczba zabitych w wyniku trzęsienia ziemi w chińskiej prowincji Syczuan wzrosła do 74 - poinformowały w środę państwowe media. Trwają poszukiwania prawie 30 zaginionych. Służby w miejscu trzęsienia zarejestrowały wstrząs wtórny. Meteorolodzy ostrzegaj
https://tvn24.pl/najnowsze.xml;https://tvn24.pl/tvnwarszawa/najnowsze/warszawa-zawyje-syrena-w-ministerstwie-spraw-wewnetrznych-dlaczego-6101933?source=rss;2022-09-07 15:28:39+00:00;False;W czwartek zawyje syrena w ministerstwie;<img alt="W czwartek zawyje syrena w ministerstwie" src="https://tvn24.pl/tvnwarszawa/najnowsze/cdn-zdjecie-c03zpd-syreny-alarmowe-zdjecie-ilustracyjne-6101936/alternates/LANDSCAPE_1280" />
    W czwartek rano w Ministerstwie Spraw Wewnętrznych i Administracji będzie testowana nowa syrena alarmowa. - Włączenie syreny ma mieć również cel ćwiczebny, stanowiący sprawdzian działania systemu alarmowania i powiadamiania ludności o zagrożeniach - poinformowano.
https://tvn24.pl/najnowsze.xml;https://tvn24.pl/polska/nowy-sacz-grabarze-stracili-przytomnosc-po-wejsciu-do-grobowca-6101932?source=rss;2022-09-07 15:22:22+00:00;False;Grabarze stracili przytomność po wejściu do grobowca w Nowym Sączu;<img alt="Grabarze stracili przytomność po wejściu do grobowca w Nowym Sączu" src="https://tvn24.pl/najnowsze/cdn-zdjecie-59z419-cmentarz-komunalny-w-nowym-saczu-6101952/alternates/LANDSCAPE_1280" />
    Dwaj grabarze, którzy przygotowywali w środę pochówek na cmentarzu komunalnym w Nowym Sączu, stracili przytomność po wejściu do grobowca. Jeden z poszkodowanych, po wydobyciu przez strażaków, był reanimowany. Obaj trafili do szpitala.
https://tvn24.pl/najnowsze.xml;https://tvn24.pl/swiat/ue-komisja-europejska-chce-wymusic-na-producentach-smartfonow-dluzsza-zywotnosc-baterii-i-czesci-zamienne-6098028?source=rss;2022-09-07 15:22:10+00:00;False;UE chce wymusić na producentach smartfonów dłuższą żywotność baterii i części zamienne na 5 lat;<img alt="UE chce wymusić na producentach smartfonów dłuższą żywotność baterii i części zamienne na 5 lat" src="https://tvn24.pl/biznes/najnowsze/cdn-zdjecie-9ot9oj-smartfony-podrozeja-4222899/alternates/LANDSCAPE_1280" />
    Komisja Europejska chce zmusić producentów smartfonów i tabletów do poprawienia żywotności tych urządzeń. Chodzi o wydłużenie działania baterii, czy zapewnienie możliwości naprawy przez kilka lat po zakupie. EEB (European Environmental Bureau) chciałoby wydłużenia cyklu ży
https://tvn24.pl/najnowsze.xml;https://tvn24.pl/swiat/wielka-brytania-potrafi-wykryc-chorobe-parkinsona-za-pomoca-wechu-pomogla-naukowcom-w-przelomowym-odkryciu-6101651?source=rss;2022-09-07 14:59:26+00:00;False;Wrażliwy węch Brytyjki potrafi wykryć chorobę Parkinsona. Pomogła naukowcom w ważnym odkryciu;<img alt="Wrażliwy węch Brytyjki potrafi wykryć chorobę Parkinsona. Pomogła naukowcom w ważnym odkryciu" src="https://tvn24.pl/najnowsze/cdn-zdjecie-obi0e4-72-letnia-joy-milne-za-pomoca-wechu-jest-w-stanie-rozpoznac-chorobe-parkinsona-6101662/alternates/LANDSCAPE_1280" />
    Badania brytyjskich naukowców potwierdziły, że 72-letnia Joy Milne za pomocą węchu jest w stanie rozpoznać chorobę Parkinsona na jej wczesnym etapie. Niezwykła przypadłość kobiety zainspirowała ich do badań, które mogą pomó
https://tvn24.pl/najnowsze.xml;https://tvn24.pl/tvnwarszawa/najnowsze/raszyn-wypadek-w-alei-krakowskiej-uszkodzone-auta-nagranie-6101648?source=rss;2022-09-07 14:53:32+00:00;False;Zjechał z drogi, wpadł w zaparkowane auta. Ucierpiały trzy osoby. Nagranie;<img alt="Zjechał z drogi, wpadł w zaparkowane auta. Ucierpiały trzy osoby. Nagranie" src="https://tvn24.pl/tvnwarszawa/najnowsze/cdn-zdjecie-wor8rm-wypadek-w-raszynie-6101887/alternates/LANDSCAPE_1280" />
    Wypadek w alei Krakowskiej w Raszynie. Kierowca auta osobowego wypadł z drogi i uderzył w zaparkowane wzdłuż jezdni samochody. - Łącznie mamy uszkodzonych dziesięć pojazdów - podała straż pożarna. Dwie osoby trafiły do szpitala.
https://tvn24.pl/najnowsze.xml;https://tvn24.pl/biznes/rynki/kurs-zlotego-euro-dolar-frank-i-funt-notowania-pln-eur-usd-chf-gbp-7092022-6101881?source=rss;2022-09-07 14:48:23+00:00;False;Złoty odporny na decyzję RPP. "Pozostaje stabilny";<img alt="Złoty odporny na decyzję RPP. " src="https://tvn24.pl/najnowsze/cdn-zdjecie-z8aaq6-shutterstock1585907587-5623230/alternates/LANDSCAPE_1280" />
    W środę złoty umacniał się w stosunku do głównych walut. Polska waluta odnotowała wzrost o około jeden grosz do euro i funta, w stosunku do franka szwajcarskiego umocniła się o dwa grosze, a do dolara - trzy grosze. Podczas środowego posiedzenia Rada Polityki Pieniężnej podjęła decyzję o podniesieniu stóp procentowych.
https://tvn24.pl/najnowsze.xml;https://tvn24.pl/tvnmeteo/pogoda/pogoda-na-weekend-pogoda-na-5-dni-pogoda-w-polsce-burze-przed-nami-dynamiczny-koniec-tygodnia-sprawdz-gdzie-zagrzmi-i-spadnie-deszcz-6101694?source=rss;2022-09-07 14:48:18+00:00;False;Wizyta gorącego powietrza będzie w Polsce krótka. Wyprosi je wir niżowy, który namiesza w pogodzie;<img alt="Wizyta gorącego powietrza będzie w Polsce krótka. Wyprosi je wir niżowy, który namiesza w pogodzie" src="https://tvn24.pl/tvnmeteo/najnowsze/cdn-zdjecie-94s0ir-pojawia-sie-burze-6101840/alternates/LANDSCAPE_1280" />
    W nadchodzących dniach Polska dostanie się we władanie pochmurnych układów niżowych, które przyniosą opady deszczu oraz burze. Taka aura zostanie z nami aż do niedzieli, poprawa nastąpi dopiero na początku kolejnego tygodnia.
https://tvn24.pl/najnowsze.xml;https://tvn24.pl/tvnmeteo/swiat/ukraina-borowik-gigant-znaleziony-w-karpatach-6101838?source=rss;2022-09-07 14:25:46+00:00;False;Borowik gigant z karpackich lasów. Jego waga liczona jest w kilogramach;<img alt="Borowik gigant z karpackich lasów. Jego waga liczona jest w kilogramach" src="https://tvn24.pl/tvnmeteo/najnowsze/cdn-zdjecie-k38t0b-maxigrzyb-6101841/alternates/LANDSCAPE_1280" />
    Ukraiński Karpacki Park Narodowy pokazał w mediach społecznościowych gigantycznego borowika znalezionego w górskich lasach. Po zważeniu okazało się, że okaz waży aż trzy kilogramy.
https://tvn24.pl/najnowsze.xml;https://tvn24.pl/biznes/pieniadze/stopy-procentowe-wrzesien-2022-jest-decyzja-rpp-o-ile-moga-wzrosnac-raty-kredytow-wyliczenia-6101718?source=rss;2022-09-07 14:25:04+00:00;False;Do jakiego poziomu mogą wzrosnąć raty kredytów? Wyliczenia;<img alt="Do jakiego poziomu mogą wzrosnąć raty kredytów? Wyliczenia" src="https://tvn24.pl/najnowsze/cdn-zdjecie-8e4d6i-inflacja-rachunki-kalkulator-5508163/alternates/LANDSCAPE_1280" />
    Stopy procentowe wzrosną o 25 punktów bazowych. Do jakiego poziomu mogą wzrosnąć raty kredytów hipotecznych? Wyliczenia w tej sprawie przygotował Jarosław Sadowski, główny analityk Expander Advisors. Jak zaznaczył, najmocniej wzrosną raty kredytów udzielonych stosunkowo niedawno.
https://tvn24.pl/najnowsze.xml;https://tvn24.pl/tvnwarszawa/najnowsze/warszawa-kierowcy-tira-fotoradary-zrobily-19-zdjec-mandat-6101836?source=rss;2022-09-07 14:22:28+00:00;False;Przyznał, że "zdarza mu się przekraczać prędkość". W rok fotoradary zrobiły mu zdjęcia 19 razy;<img alt="Przyznał, że " src="https://tvn24.pl/tvnwarszawa/najnowsze/cdn-zdjecie-4urket-67-latek-z-litwy-zostal-19-razy-zarejestrowany-przez-stoleczne-fotoradary-6101842/alternates/LANDSCAPE_1280" />
    19 razy w ciągu roku stołeczne fotoradary zarejestrowały kierowcę tira z Litwy. Mężczyzna przyznał, że zdarza mu się przekraczać prędkość. Musiał zapłacić mandaty na łączną kwotę ponad trzech tysięcy złotych.
https://tvn24.pl/najnowsze.xml;https://tvn24.pl/bialystok/lublin-pracownicy-teatru-osterwy-dostali-nagrody-teraz-maja-je-zwracac-nie-wszyscy-sie-na-to-godza-6100889?source=rss;2022-09-07 14:18:13+00:00;False;Pracownicy teatru dostali nagrody, teraz mają je zwracać;<img alt="Pracownicy teatru dostali nagrody, teraz mają je zwracać" src="https://tvn24.pl/najnowsze/cdn-zdjecie-13xjyu-dyrektorem-teatru-jest-redbad-klynstra-komarnicki-6101866/alternates/LANDSCAPE_1280" />
    Po kontroli urzędu marszałkowskiego w Teatrze im. Juliusza Osterwy w Lublinie okazało się, że dyrektor tej instytucji Redbad Klynstra-Komarnicki wypłacił swoim pracownikom nienależne świadczenia. Na konto na przykład byłej już wicedyrektorki instytucji wpłynęło ponad 17 tysięcy złotych. T
https://tvn24.pl/najnowsze.xml;https://tvn24.pl/polska/krakow-czterokrotne-podwyzki-cen-za-prad-i-gaz-wlasciciele-obawiaja-sie-upadku-jesienia-6101783?source=rss;2022-09-07 14:10:27+00:00;False;Dostają czterokrotnie wyższe rachunki. Obawiają się, że ich restauracja jesienią upadnie. "Zostaniemy z długami";<img alt="Dostają czterokrotnie wyższe rachunki. Obawiają się, że ich restauracja jesienią upadnie. " src="https://tvn24.pl/najnowsze/cdn-zdjecie-z9ij4w-wlasciciele-restauracji-portobello-w-krakowie-6101867/alternates/LANDSCAPE_1280" />
    Jeżeli jesienią przyjdą tak potężne rachunki do zapłacenia, nie będziemy w stanie prowadzić dalej tego biznesu - tak Justyna Czekaj-Grochowska, która z mężem prowadzi restaurację Portobello w Woli Justowskiej w Krakowie, opowiada o efekcie wzrostu cen prądu i
https://tvn24.pl/najnowsze.xml;https://tvn24.pl/polska/ustawa-o-wsparciu-odbiorcow-ciepla-w-senacie-senatorowie-opozycji-zapowiadaja-poprawki-6101719?source=rss;2022-09-07 14:09:28+00:00;False;Ustawa o wsparciu odbiorców ciepła. Senatorowie zapowiadają poprawki. "Będziemy korygować to, co robi rząd, ale już mocno spóźnieni";<img alt="Ustawa o wsparciu odbiorców ciepła. Senatorowie zapowiadają poprawki. " src="https://tvn24.pl/najnowsze/cdn-zdjecie-osozyo-senat-6101817/alternates/LANDSCAPE_1280" />
    Senatorowie opozycji zapowiadają poprawki do ustawy o wsparciu odbiorców ciepła, którą zajmą się na środowym posiedzeniu. Chcą między innymi, by dodatek wynosił trzy tysiące złotych bez względu na źródło ogrzewania. - Straciliśmy czas. Gdyby wtedy rząd posłuchał głosu Senatu, bylibyśmy już po uchwaleniu lepszego prawa
https://tvn24.pl/najnowsze.xml;https://tvn24.pl/biznes/z-kraju/stopy-procentowe-wrzesien-2022-decyzje-rpp-komentuja-malgorzata-starczewska-krzysztoszek-i-tomasz-narkun-6101723?source=rss;2022-09-07 14:07:58+00:00;False;"Nigdy nie osiągniemy skuteczności w walce z inflacją, jeśli będziemy mieli takie zachowania";<img alt="" src="https://tvn24.pl/najnowsze/cdn-zdjecie-y80v8f-ulica-ludzie-shutterstock144058351-5782327/alternates/LANDSCAPE_1280" />
    Myślę, że te dzisiejsze 25 punktów bazowych nie powstrzyma dalszego wzrostu inflacji, nie powstrzyma dalszego wzrostu cen - tak skomentowała decyzję Rady Polityki Pieniężnej w sprawie stóp procentowych na antenie TVN24 doktor Małgorzata Starczewska-Krzysztoszek z Wydziału Nauk Ekonomicznych Uniwersytetu Warszawskiego i Towarzystwa Ekonomistów Polskich. O syt
https://tvn24.pl/najnowsze.xml;https://tvn24.pl/biznes/z-kraju/stopy-procentowe-wrzesien-2022-decyzje-rpp-komentuja-malgorzata-starczewska-krzysztoszek-tomasz-narkun-i-marek-zuber-6101723?source=rss;2022-09-07 14:07:58+00:00;False;"Widzimy już efekty podwyższania stóp procentowych";<img alt="" src="https://tvn24.pl/najnowsze/cdn-zdjecie-y80v8f-ulica-ludzie-shutterstock144058351-5782327/alternates/LANDSCAPE_1280" />
    Myślę, że te dzisiejsze 25 punktów bazowych nie powstrzyma dalszego wzrostu inflacji, nie powstrzyma dalszego wzrostu cen - tak skomentowała decyzję Rady Polityki Pieniężnej w sprawie stóp procentowych na antenie TVN24 doktor Małgorzata Starczewska-Krzysztoszek z Wydziału Nauk Ekonomicznych Uniwersytetu Warszawskiego i Towarzystwa Ekonomistów Polskich. Ekono
https://tvn24.pl/najnowsze.xml;https://tvn24.pl/tvnmeteo/swiat/usa-floryda-aligator-odgryzl-mu-reke-mezczyzna-trzy-dni-po-tym-przetrwal-w-lesie-6101696?source=rss;2022-09-07 13:58:38+00:00;False;Stracił rękę w starciu z aligatorem. Ranny mężczyzna trzy dni szukał wyjścia z lasu;<img alt="Stracił rękę w starciu z aligatorem. Ranny mężczyzna trzy dni szukał wyjścia z lasu" src="https://tvn24.pl/tvnmeteo/najnowsze/cdn-zdjecie-9ratg4-mezczyzna-ktory-stracil-reke-w-ataku-aligatora-6101833/alternates/LANDSCAPE_1280" />
    Mężczyzna z Florydy przetrwał trzy dni w lesie po tym, jak aligator odgryzł mu rękę. Prawie dwa miesiące później 43-latek opisał swoją trudną walkę z gadem.
https://tvn24.pl/najnowsze.xml;https://tvn24.pl/swiat/niemcy-olaf-scholz-zerwalem-z-kilkudziesiecioletnia-tradycja-dostarczamy-ukrainie-ciezka-bron-6101744?source=rss;2022-09-07 13:31:31+00:00;False;Scholz: zerwałem z kilkudziesięcioletnią tradycją, od miesięcy dostarczamy Ukrainie ciężką broń;<img alt="Scholz: zerwałem z kilkudziesięcioletnią tradycją, od miesięcy dostarczamy Ukrainie ciężką broń" src="https://tvn24.pl/najnowsze/cdn-zdjecie-vpi8us-olaf-scholz-6101750/alternates/LANDSCAPE_1280" />
    Od miesięcy dostarczamy Ukrainie ciężką broń, w tym działa przeciwlotnicze Gepard, wyrzutnie rakiet i haubicoarmaty Panzerhaubitze 2000 - mówi kanclerz Niemiec Olaf Scholz w opublikowanym w środę wywiadzie dla "Frankfurter Allgemeine Zeitung". Odrzuca pojawiające się zarzuty, że Niemcy o
https://tvn24.pl/najnowsze.xml;https://tvn24.pl/biznes/z-kraju/stopy-procentowe-wrzesien-2022-stopy-procentowe-w-gore-rpp-oglosila-decyzje-6101586?source=rss;2022-09-07 13:22:14+00:00;False;Jest decyzja w sprawie stóp procentowych. Kolejna podwyżka;<img alt="Jest decyzja w sprawie stóp procentowych. Kolejna podwyżka" src="https://tvn24.pl/najnowsze/cdn-zdjecie-v7g200-pap202207080wr-6101669/alternates/LANDSCAPE_1280" />
    Stopy procentowe w górę. Rada Polityki Pieniężnej w środę zdecydowała o podniesieniu głównej, referencyjnej stopy procentowej o 25 punktów bazowych. Stopa referencyjna wzrośnie z 6,50 do 6,75 procent. Była to już jedenasta podwyżka stóp procentowych w trwającym cyklu. Większość ekonomistów spodziewała się podwyżki o 25 p
https://tvn24.pl/najnowsze.xml;https://tvn24.pl/poznan/z-nozem-w-reku-wpadl-do-sklepu-i-zazadal-pieniedzy-policja-publikuje-nagranie-z-napadu-6101752?source=rss;2022-09-07 13:14:24+00:00;False;Z nożem w ręku wpadł do sklepu i zażądał pieniędzy. Policja publikuje nagranie z napadu;<img alt="Z nożem w ręku wpadł do sklepu i zażądał pieniędzy. Policja publikuje nagranie z napadu" src="https://tvn24.pl/poznan/cdn-zdjecie-2zt5bq-nozownik-6101755/alternates/LANDSCAPE_1280" />
    Ma około 60 lat, jest szczupły i wysoki, ma siwe włosy, wyłupiaste oczy - tak policja opisuje mężczyznę, którego szuka w związku z próbą rozboju w sklepie w Gnieźnie. Nie udało mu się nic ukraść, bo spłoszył go inny klient, który wszedł do sklepu.
https://tvn24.pl/najnowsze.xml;https://tvn24.pl/polska/senat-przewodniczacy-bundesratu-bodo-ramelow-w-warszawie-spotkanie-z-marszalkiem-senatu-tomaszem-grodzkim-6101667?source=rss;2022-09-07 13:12:13+00:00;False;Przewodniczący Bundesratu Bodo Ramelow w Warszawie. Spotkał się z marszałkiem Senatu;<img alt="Przewodniczący Bundesratu Bodo Ramelow w Warszawie. Spotkał się z marszałkiem Senatu " src="https://tvn24.pl/najnowsze/cdn-zdjecie-s3us5q-bodo-ramelow-i-tomasz-grodzki-6101672/alternates/LANDSCAPE_1280" />
    Przewodniczący niemieckiego Bundesratu Bodo Ramelow powiedział w Warszawie, że Nord Stream 1 i Nord Stream 2 były błędnymi drogami w polityce energetycznej jego kraju. Jak podkreślił, na Europę musimy patrzeć z perspektywy Trójkąta Weimarskiego - Paryża, Warszawy i Berlina - i tr
https://tvn24.pl/najnowsze.xml;https://tvn24.pl/swiat/estonia-kupi-polskie-przenosne-zestawy-przeciwlotnicze-piorun-6101701?source=rss;2022-09-07 13:07:22+00:00;False;Estonia kupi polskie przenośne zestawy przeciwlotnicze Piorun;<img alt="Estonia kupi polskie przenośne zestawy przeciwlotnicze Piorun" src="https://tvn24.pl/najnowsze/cdn-zdjecie-vuoiw2-przeciwlotnicze-zestawy-rakietowe-piorun-6101668/alternates/LANDSCAPE_1280" />
    Estonia podpisała w środę kontrakt z Polską na dostawy przenośnych zestawów przeciwlotniczych typu Piorun. - To historyczny moment dla naszej dwustronnej współpracy w dziedzinie obronności - powiedział estoński minister obrony Hanno Pevkur. Wicepremier, szef MON Mariusz Błaszczak zapewniał na
https://tvn24.pl/najnowsze.xml;https://tvn24.pl/tvnwarszawa/najnowsze/warszawa-pozar-bloku-na-ursynowie-na-ulicy-pasaz-ursynowski-6101621?source=rss;2022-09-07 12:20:44+00:00;False;Płonie blok mieszkalny na Ursynowie. Z budynku ewakuowano kilka osób;<img alt="Płonie blok mieszkalny na Ursynowie. Z budynku ewakuowano kilka osób" src="https://tvn24.pl/tvnwarszawa/najnowsze/cdn-zdjecie-tab9by-pozar-w-bloku-zdjecie-ilustracyjne-6101625/alternates/LANDSCAPE_1280" />
    Płonie poddasze czteropiętrowego bloku mieszkalnego na Ursynowie. W związku z pożarem z budynku ewakuowano siedem osób - przekazał kapitan Szymon Kisieliński z zespołu prasowego warszawskiej straży pożarnej.
https://tvn24.pl/najnowsze.xml;https://tvn24.pl/poznan/jarocin-23-latek-wyprzedzal-na-przejsciu-dla-pieszych-6101465?source=rss;2022-09-07 12:07:38+00:00;False;Niebezpieczne wyprzedzanie na przejściu dla pieszych. 23-latek nie wiedział, że mija radiowóz;<img alt="Niebezpieczne wyprzedzanie na przejściu dla pieszych. 23-latek nie wiedział, że mija radiowóz" src="https://tvn24.pl/poznan/cdn-zdjecie-h6ilmq-wyprzedzanie-6101461/alternates/LANDSCAPE_1280" />
    3100 złotych mandatu i 14 punktów karnych - taką karą zakończyła się niebezpieczna jazda 23-latka w Jarocinie (woj. wielkopolskie). Mężczyzna łamiąc przepisy nie zdawał sobie sprawy, że właśnie wyprzedza nieoznakowany radiowóz.
https://tvn24.pl/najnowsze.xml;https://tvn24.pl/pomorze/gdansk-wlasciciel-nalesnikarni-obawia-sie-nadchodzacej-zimy-przy-wzroscie-cen-i-spadku-obrotow-to-wyglada-to-bardzo-zle-6101490?source=rss;2022-09-07 11:58:55+00:00;False;Właściciel naleśnikarni obawia się nadchodzącej zimy. "Przy wzroście cen i spadku obrotów wygląda to bardzo źle";<img alt="Właściciel naleśnikarni obawia się nadchodzącej zimy. " src="https://tvn24.pl/najnowsze/cdn-zdjecie-u6f1so-pan-krzysztof-prowadzi-w-gdansku-nalesnikarnie-6101269/alternates/LANDSCAPE_1280" />
    Coraz wyższe rachunki za prąd i gaz wpływają na sytuację restauratorów. Właściciel jednej z naleśnikarni w Gdańsku przyznaje, że boi się nadchodzącej zimy, bo to oznacza spadek obrotów. A ceny produktów i opłat stale rosną.
https://tvn24.pl/najnowsze.xml;https://tvn24.pl/katowice/trzy-tony-snietych-ryb-wylowiono-z-kanalu-gliwickiego-sa-pierwsze-wyniki-badan-wody-6101399?source=rss;2022-09-07 11:56:28+00:00;False;Trzy tony śniętych ryb wyłowiono z Kanału Gliwickiego. Są pierwsze wyniki badań wody;<img alt="Trzy tony śniętych ryb wyłowiono z Kanału Gliwickiego. Są pierwsze wyniki badań wody " src="https://tvn24.pl/najnowsze/cdn-zdjecie-gtly6o-akcja-odlawiania-snietych-ryb-z-kanalu-gliwickiego-6097183/alternates/LANDSCAPE_1280" />
    Dwa województwa, śląskie i opolskie wprowadziły zakaz korzystania z Kanału Gliwickiego. Ta droga wodna łączy się z rzeką Odrą. Od niedzieli wyłowiono z niej trzy tony śniętych ryb. Służby badają wodę. Pierwsze wyniki wskazują między innymi na zasolenie i obec
https://tvn24.pl/najnowsze.xml;https://tvn24.pl/lodz/lodzkie-brak-polskiego-wegla-w-skladach-opalu-dostepny-jest-tylko-importowany-ekogroszek-6101320?source=rss;2022-09-07 11:51:37+00:00;False;Nie ma węgla w składach. "Dobrze, że jest jeszcze ciepło, ale przyjdą te chłodniejsze dni i zacznie się problem";<img alt="Nie ma węgla w składach. " src="https://tvn24.pl/najnowsze/cdn-zdjecie-keb23z-pan-miroslaw-mieszkaniec-galkowa-malego-6101348/alternates/LANDSCAPE_1280" />
    W ubiegłym roku przed sezonem grzewczym pan Mirosław, mieszkaniec Gałkowa Małego pod Łodzią, kupił pięć ton ekogroszku za cztery tysiące złotych. W tym, za taką samą ilość musiałby zapłacić ponad dwadzieścia tysięcy. - Dobrze, że jest jeszcze ciepło - zauważa w rozmowie z reportem TVN24.
https://tvn24.pl/najnowsze.xml;https://tvn24.pl/biznes/moto/wzrosla-oplata-za-przejazd-na-a2-6101493?source=rss;2022-09-07 11:50:52+00:00;False;Drożej na autostradzie A2. Nowe stawki od piątku;<img alt="Drożej na autostradzie A2. Nowe stawki od piątku" src="https://tvn24.pl/najnowsze/cdn-zdjecie-6peg77-autostrada-a2-5774512/alternates/LANDSCAPE_1280" />
    Od piątku przejazd autostradą A2 będzie droższy. Wzrastają stawki opłat za przejazd pomiędzy Nowym Tomyślem a Koninem (województwo wielkopolskie). Kierowcy aut osobowych i motocykli za przejechanie każdego z trzech 50 kilometrów odcinków trasy zapłacą 26 złotych - o złotówkę więcej niż obecnie. Zmiana cen podyktowana jest wzrostem 
https://tvn24.pl/najnowsze.xml;https://tvn24.pl/tvnwarszawa/okolice/lomianki-wieliszew-policja-straz-pozarna-sluzba-wiezienna-w-lomiankach-mieszkancy-zaniepokojeni-co-sie-dzieje-6101456?source=rss;2022-09-07 11:44:20+00:00;False;Policja, straż pożarna i służba więzienna w Łomiankach i Wieliszewie. Mieszkańcy zaniepokojeni, ale to tylko ćwiczenia;<img alt="Policja, straż pożarna i służba więzienna w Łomiankach i Wieliszewie. Mieszkańcy zaniepokojeni, ale to tylko ćwiczenia" src="https://tvn24.pl/tvnwarszawa/najnowsze/cdn-zdjecie-cqjetp-na-miejscu-jest-policja-zdj-ilustracyjne-6066183/alternates/LANDSCAPE_1280" />
    Mieszkańcy Łomianek zaniepokojeni akcją służb w ich mieście. Urząd wojewódzki uspokaja: to tylko ćwiczenia.
https://tvn24.pl/najnowsze.xml;https://tvn24.pl/swiat/wietnam-pozar-w-barze-karaoke-nie-zyje-12-osob-6101022?source=rss;2022-09-07 11:42:15+00:00;False;Pożar w wietnamskim barze karaoke. Nie żyje 12 osób;<img alt="Pożar w wietnamskim barze karaoke. Nie żyje 12 osób " src="https://tvn24.pl/najnowsze/cdn-zdjecie-dtpblp-pozar-baru-karaoke-w-miescie-thuan-an-w-poludniowym-wietnamie-6100996/alternates/LANDSCAPE_1280" />
    12 osób zginęło, a kilkadziesiąt innych odniosło obrażenia w pożarze baru karaoke, do którego doszło we wtorek wieczorem w mieście Thuan An w południowym Wietnamie. Stan 11 rannych ocenia się jako ciężki, łącznie do szpitala trafiło około 40 poszkodowanych - donoszą miejscowe medi
https://tvn24.pl/najnowsze.xml;https://tvn24.pl/premium/warszawa-nastoletnia-rolkarka-zginela-w-parku-stawy-kellera-rozpoczal-sie-proces-6101197?source=rss;2022-09-07 11:38:35+00:00;False;Z niedokończonej ścieżki Magda wjechała na jezdnię. Zginęła. Były burmistrz w sądzie: sprawa polityczna;<img alt="Z niedokończonej ścieżki Magda wjechała na jezdnię. Zginęła. Były burmistrz w sądzie: sprawa polityczna" src="https://tvn24.pl/tvnwarszawa/najnowsze/cdn-zdjecie-6ovl1s-magda-podczas-wakacji-na-cyprze-6101497/alternates/LANDSCAPE_1280" />
    Kierownik prac twierdzi, że już po zakończeniu budowy piesi i rowerzyści korzystali bezpiecznie z niedokończonej jeszcze ścieżki w parku Stawy Kellera. Były burmistrz warszawskich Bielan nie rozumie aktu oskarżenia przygotowanego przez prokuraturę.
https://tvn24.pl/najnowsze.xml;https://tvn24.pl/swiat/albania-zrywa-stosunki-dyplomatyczne-z-iranem-ma-to-zwiazek-ze-zmasowanym-cyberatakiem-6101463?source=rss;2022-09-07 11:36:36+00:00;False;Albania zrywa stosunki dyplomatyczne z Iranem. Ma to związek ze zmasowanym cyberatakiem;<img alt="Albania zrywa stosunki dyplomatyczne z Iranem. Ma to związek ze zmasowanym cyberatakiem" src="https://tvn24.pl/najnowsze/cdn-zdjecie-myb48c-ambasada-iranu-w-tiranie-6101475/alternates/LANDSCAPE_1280" />
    Albania zerwała stosunki dyplomatyczne z Iranem, nakazując irańskim dyplomatom i innym pracownikom ambasady opuścić kraj w ciągu 24 godzin. Ma to związek ze zmasowanym cyberatakiem na albańskie serwery, do którego doszło w lipcu tego roku - przekazał w środę premier Edi Rama, dodają
https://tvn24.pl/najnowsze.xml;https://tvn24.pl/tvnwarszawa/bielany/warszawa-pozar-trawy-przy-szkieletorze-na-bielanach-6101476?source=rss;2022-09-07 11:33:55+00:00;False;Pożar trawy przy bielańskim "szkieletorze";<img alt="Pożar trawy przy bielańskim " src="https://tvn24.pl/tvnwarszawa/najnowsze/cdn-zdjecie-3ymq8d-pozar-przy-literackiej-6101445/alternates/LANDSCAPE_1280" />
    Dwa zastępy straży pożarnej walczyły z pożarem trawy wokół niedokończonego biurowca EuRoPol GAZ-u na Bielanach. Strażacy przekazali, że ogień udało się szybko opanować.
https://tvn24.pl/najnowsze.xml;https://tvn24.pl/polska/krakow-ceny-pradu-gazu-i-jedzenia-sola-w-oku-barow-mlecznych-spoldzielcy-obawiaja-sie-ze-nie-przetrwaja-kryzysu-6101343?source=rss;2022-09-07 11:32:15+00:00;False;Za gaz w ubiegłym roku 53 tysiące złotych, w tym już 112 tysięcy. Pracownice barów mlecznych pokazują rachunki;<img alt="Za gaz w ubiegłym roku 53 tysiące złotych, w tym już 112 tysięcy. Pracownice barów mlecznych pokazują rachunki" src="https://tvn24.pl/najnowsze/cdn-zdjecie-kd8al1-marta-biel-ze-spolem-nowa-huta-6101485/alternates/LANDSCAPE_1280" />
    Krakowskie bary mleczne, podobnie jak inne lokale gastronomiczne, mierzą się z coraz wyższymi opłatami za prąd, gaz i produkty spożywcze. Podwyżki są znaczące. Jak poinformowała nas pani Marta Biel ze "Społem" Nowa Huta, gaz w czterech znajdujących się n
https://tvn24.pl/najnowsze.xml;https://tvn24.pl/tvnmeteo/nauka/tak-szczegolowych-zdjec-slonca-jeszcze-nie-widzielismy-nowa-era-zdjecia-6101147?source=rss;2022-09-07 11:29:48+00:00;False;Tak szczegółowych zdjęć Słońca jeszcze nie widzieliśmy. "Nowa era";<img alt="Tak szczegółowych zdjęć Słońca jeszcze nie widzieliśmy. " src="https://tvn24.pl/tvnmeteo/najnowsze/cdn-zdjecie-tyoyhe-najnowsze-zdjecia-atmosfery-slonca-z-teleskopu-dkist-6101180/alternates/LANDSCAPE_1280" />
    Daniel K. Inouye Solar Telescope (DKIST) to urządzenie, które zawsze skierowane jest w stronę Słońca. Badacze pracujący nad instrumentem opublikowali nowe zdjęcia, przedstawiające atmosferę naszej dziennej gwiazdy w niezwykłych szczegółach. Jak dodali, dzięki teleskopowi i fot
https://tvn24.pl/najnowsze.xml;https://tvn24.pl/swiat/usa-memphis-zabojstwo-elizy-fletcher-nowe-informacje-ws-poszukiwan-34-latki-6101213?source=rss;2022-09-07 11:21:11+00:00;False;Nowe fakty w sprawie zabójstwa Elizy Fletcher: opuszczony dom, dziwny zapach, worek na śmieci;<img alt="Nowe fakty w sprawie zabójstwa Elizy Fletcher: opuszczony dom, dziwny zapach, worek na śmieci" src="https://tvn24.pl/najnowsze/cdn-zdjecie-xn65z8-eliza-fletcher-po-raz-ostatni-byla-widziana-w-piatek-w-memphis-6097794/alternates/LANDSCAPE_1280" />
    Ciało 34-letniej Elizy Fletcher zostało odnalezione w poniedziałek po południu w pobliżu opuszczonego domu, wokół którego unosił się intensywny zapach zgnilizny - poinformowała policja z Memphis. Nauczycielka i spadkobierczyni miliardowej 
https://tvn24.pl/najnowsze.xml;https://tvn24.pl/swiat/usa-dziennikarka-julie-chin-dostala-udaru-na-wizji-nagranie-6101241?source=rss;2022-09-07 11:10:05+00:00;False;Dziennikarka dostała udaru na wizji. Nagranie;<img alt="Dziennikarka dostała udaru na wizji. Nagranie" src="https://tvn24.pl/najnowsze/cdn-zdjecie-kn7awp-zrzut-ekranu-2022-09-7-o-12-6101286/alternates/LANDSCAPE_1280" />
    Prezenterka wiadomości z Oklahomy doznała udaru w trakcie prowadzenia programu na żywo. Dziennikarka straciła wzrok w jednym oku, ręka zaczęła jej drętwieć, pojawiły się problemy z mową. Prezenterka przeprosiła widzów i zeszła z wizji. Jej koledzy szybko wezwali pogotowie. Okazało się, że miała dużo szczęścia. Jej histor
https://tvn24.pl/najnowsze.xml;https://tvn24.pl/biznes/najnowsze/jest-unijny-plan-na-kryzys-energetyczny-6101400?source=rss;2022-09-07 11:09:58+00:00;False;Jest unijny plan na kryzys energetyczny;<img alt="Jest unijny plan na kryzys energetyczny" src="https://tvn24.pl/najnowsze/cdn-zdjecie-fb5o2c-gaz-kuchenka-palnik-5792469/alternates/LANDSCAPE_1280" />
    Komisja Europejska zaproponuje limit cen gazu z Rosji, a także obowiązkową redukcję zużycia energii elektrycznej w UE w godzinach szczytu - poinformowała w środę szefowa KE Ursula von der Leyen. Środki te mają być odpowiedzią na pogłębiający się w Europie kryzys energetyczny.
https://tvn24.pl/najnowsze.xml;https://tvn24.pl/tvnmeteo/polska/zamkna-szlak-na-rysy-gore-bedzie-mozna-zdobyc-jedynie-od-strony-slowacji-tpn-informuje-6101392?source=rss;2022-09-07 11:09:26+00:00;False;Zamkną szlak na Rysy. Górę będzie można zdobyć jedynie od strony Słowacji;<img alt="Zamkną szlak na Rysy. Górę będzie można zdobyć jedynie od strony Słowacji" src="https://tvn24.pl/najnowsze/cdn-zdjecie-5md7gn-rysy-6101411/alternates/LANDSCAPE_1280" />
    Pracownicy Tatrzańskiego Parku Narodowego zamkną w czwartek szlak wiodący na najwyższą górę w Polsce - Rysy. Tego dnia będzie można na nią wejść jedynie od strony słowackiej. Przyczyną jest zaplanowana na czwartek wymiana łańcuchów, które umieszczone są dla ułatwienia wejścia.
https://tvn24.pl/najnowsze.xml;https://tvn24.pl/polska/zamieszanie-wokol-rezolucji-w-sprawie-aborcji-ambasador-polski-przy-onz-krzysztof-szczerski-zabral-glos-6101404?source=rss;2022-09-07 11:09:19+00:00;False;Zamieszanie wokół rezolucji w sprawie aborcji. Ambasador Polski przy ONZ zabrał głos;<img alt="Zamieszanie wokół rezolucji w sprawie aborcji. Ambasador Polski przy ONZ zabrał głos" src="https://tvn24.pl/najnowsze/cdn-zdjecie-pjfwjo-un79386256-6-22ed8989-6101423/alternates/LANDSCAPE_1280" />
    W mediach pojawiły się doniesienia o tym, że Polska poparła rezolucję ONZ, która uznaje bezpieczną aborcję za element praw człowieka. Jako pierwsza taką informację podała fundacja Ordo Iuris. Doniesienia te zdementował jednak w środę Stały Przedstawiciel RP przy ONZ Krzysztof Szczerski.
https://tvn24.pl/najnowsze.xml;https://tvn24.pl/swiat/zmiana-czasu-wloscy-naukowcy-chca-by-czas-letni-obowiazywal-caly-rok-6101152?source=rss;2022-09-07 11:06:06+00:00;False;Pozostawienie czasu letniego pomoże obniżyć rachunki za energię? Naukowcy apelują, by nie przestawiać zegarków;<img alt="Pozostawienie czasu letniego pomoże obniżyć rachunki za energię? Naukowcy apelują, by nie przestawiać zegarków" src="https://tvn24.pl/najnowsze/article4515754.ece/alternates/LANDSCAPE_1280" />
    Włoscy naukowcy wzywają rząd, by nie zmieniał czasu na zimowy. Według Włoskiego Towarzystwa Medycyny Środowiskowej, miałoby to pomóc w obniżeniu rachunków za energię, zmniejszyć zanieczyszczenie, a także poprawić zdrowie ludzi.
https://tvn24.pl/najnowsze.xml;https://tvn24.pl/swiat/rosja-kraje-baltyckie-porozumialy-sie-w-sprawie-ograniczenia-mozliwosci-wjazdu-dla-rosjan-6101375?source=rss;2022-09-07 11:04:00+00:00;False;Łotwa, Litwa i Estonia porozumiały się w sprawie ograniczenia możliwości wjazdu dla Rosjan;<img alt="Łotwa, Litwa i Estonia porozumiały się w sprawie ograniczenia możliwości wjazdu dla Rosjan" src="https://tvn24.pl/najnowsze/cdn-zdjecie-48h6ac-przejscie-graniczne-miedzy-litwa-i-rosyjskim-obwodem-kaliningradzkim-6101437/alternates/LANDSCAPE_1280" />
    Szef dyplomacji Łotwy Edgars Rinkevics przekzał w środę, że kraje bałtyckie uzgodniły porozumienie w sprawie znacznego ograniczenia, z pewnymi wyjątkami, możliwości przekraczania granic przez obywateli Federacji Rosyjskiej, posiadającyc
https://tvn24.pl/najnowsze.xml;https://tvn24.pl/tvnmeteo/swiat/bahamy-atak-rekina-nie-zyje-58-letnia-amerykanka-6101279?source=rss;2022-09-07 10:57:38+00:00;False;Atak rekina na Bahamach. Nie żyje pasażerka statku wycieczkowego;<img alt="Atak rekina na Bahamach. Nie żyje pasażerka statku wycieczkowego" src="https://tvn24.pl/tvnmeteo/najnowsze/cdn-zdjecie-nqweu9-zarlacz-tepoglowy-6101282/alternates/LANDSCAPE_1280" />
    58-letnia Amerykanka zmarła po tym, jak w trakcie pływania zaatakował ją żarłacz tępogłowy. Kobieta brała udział w rejsie wycieczkowym po Bahamach. Do ataku doszło w okolicach Rose Island.
https://tvn24.pl/najnowsze.xml;https://tvn24.pl/biznes/z-kraju/ceny-gazu-premier-zapowiada-specjalny-pakiet-6101230?source=rss;2022-09-07 10:57:31+00:00;False;Premier zapowiada "specjalny pakiet" dla firm energochłonnych;<img alt="Premier zapowiada " src="https://tvn24.pl/najnowsze/cdn-zdjecie-7b7zlt-premier-mateusz-morawiecki-w-karpaczu-6101245/alternates/LANDSCAPE_1280" />
    Będziemy w najbliższym czasie proponować dla co najmniej kilkuset przedsiębiorstw - dużych, średnich i największych - w tym także tych, które produkują nawozy, specjalny pakiet dla przedsiębiorstw energochłonnych - powiedział podczas XXXI Forum Ekonomicznego w Karpaczu premier Mateusz Morawiecki.
https://tvn24.pl/najnowsze.xml;https://tvn24.pl/swiat/ukraina-brytyjski-resort-obrony-rosyjscy-dowodcy-przed-dylematem-gdzie-skierowac-dodatkowe-sily-6101303?source=rss;2022-09-07 10:56:29+00:00;False;Walki na "trzech frontach" i "dylemat" rosyjskich dowódców. Nowe dane wywiadowcze;<img alt="Walki na " src="https://tvn24.pl/najnowsze/cdn-zdjecie-61498u-rosyjski-zolnierz-w-doniecku-30-sierpnia-6091655/alternates/LANDSCAPE_1280" />
    Trwa inwazja Rosji na Ukrainę. Jak podał brytyjski resort obrony, rosyjskie dowództwo stoi przed dylematem, czy skierować dodatkowe siły do ofensywy na Bachmut, czy do obrony przed ukraińskim natarciem na południu. W komunikacie dodano, że ciągu ostatniej doby walki toczyły się na trzech frontach.
https://tvn24.pl/najnowsze.xml;https://tvn24.pl/pomorze/gdansk-pan-szymon-prowadzi-restauracje-za-rachunki-placi-dwa-razy-wiecej--sytuacja-moze-wymknac-sie-spod-kontroli-6101238?source=rss;2022-09-07 10:53:17+00:00;False;Sprzedaje hot-dogi, opłaty wzrosły mu ponad 100 procent. "Nie chodzi o to, żeby nam coś dawać";<img alt="Sprzedaje hot-dogi, opłaty wzrosły mu ponad 100 procent. " src="https://tvn24.pl/najnowsze/cdn-zdjecie-jq0fey-pan-szymon-prowadzi-w-gdansku-restauracje-6101270/alternates/LANDSCAPE_1280" />
    Właściciel jednej z restauracji w Gdańsku mówi, że opłaty za prąd i gaz wzrosły mu o ponad 100 procent. - Nie mamy pewności, czy ktoś ma jakiś plan na to, żebyśmy my mogli działać normalnie. Nam nie chodzi o to, żeby nam coś dawać, tylko żeby nam nie zabierać za dużo - tłumaczy pan Szymon.
https://tvn24.pl/najnowsze.xml;https://tvn24.pl/tvnwarszawa/bemowo/warszawa-metro-na-karolin-na-jakim-etapie-budowa-pozwolenia-wojewody-6100871?source=rss;2022-09-07 10:46:41+00:00;False;Metro na Karolin. Są kolejne pozwolenia wojewody;<img alt="Metro na Karolin. Są kolejne pozwolenia wojewody " src="https://tvn24.pl/tvnwarszawa/najnowsze/cdn-zdjecie-a0dew2-tak-ma-wygladac-stacja-karolin-5763177/alternates/LANDSCAPE_1280" />
    Wojewoda mazowiecki wydał kolejne pozwolenia dla budowę zachodniego odcinka drugiej linii metra na Karolin. Dotyczą wentylatorni oraz budowy przyłączy i sieci uzbrojenia terenu oraz dróg zewnętrznych na terenie Stacji Techniczno–Postojowej. Decyzje mają rygor natychmiastowej wykonalności.
https://tvn24.pl/najnowsze.xml;https://tvn24.pl/lodz/sieradz-62-letni-mezczyzna-zginal-w-pozarze-na-jego-posesji-zapalil-sie-samochod-i-stodola-6101055?source=rss;2022-09-07 10:43:08+00:00;False;Palił się samochód i stodoła. "Pięć metrów od pojazdu leżały zwłoki mężczyzny";<img alt="Palił się samochód i stodoła. " src="https://tvn24.pl/najnowsze/cdn-zdjecie-7co42x-pozar-w-sieradzu-nie-zyje-62-letni-mezczyzna-6100988/alternates/LANDSCAPE_1280" />
    62-letni mężczyzna zginął w pożarze, który wybuchł rano przy ulicy Wierzbowej w Sieradzu (województwo łódzkie). Jak informuje straż pożarna - palił się samochód i drewniana stodoła. Nieopodal, leżały częściowo spalone zwłoki właściciela posesji. Okoliczności zdarzenia wyjaśnia prokuratura w Sieradzu.
https://tvn24.pl/najnowsze.xml;https://tvn24.pl/pomorze/wyzsze-rachunki-drozsza-karma-i-wizyty-u-weterynarzy-azyle-dla-dzikich-zwierzat-przezywaja-ciezkie-chwile-6101227?source=rss;2022-09-07 10:40:29+00:00;False;Wyższe rachunki, droższa karma i wizyty u weterynarzy. Azyle dla dzikich zwierząt przeżywają ciężkie chwile;<img alt="Wyższe rachunki, droższa karma i wizyty u weterynarzy. Azyle dla dzikich zwierząt przeżywają ciężkie chwile" src="https://tvn24.pl/poznan/cdn-zdjecie-ajqvvs-mala-wiewiorka-z-azylu-6101313/alternates/LANDSCAPE_1280" />
    Wybudowanie woliery jest ponad trzy razy droższe niż rok temu, a rachunki podskoczyły niemal dwukrotnie. - Przez to, co się dzieje na świecie, zmniejszyło się też wsparcie dla takich ośrodków jak nasz - mówi Marzena Białowolska z Fundacji Dzikich Zwierząt, która prowa
https://tvn24.pl/najnowsze.xml;https://tvn24.pl/katowice/wysokie-ceny-energii-slasko-dabrowska-solidarnosc-oglosila-pogotowie-protestacyjne-postulaty-do-rzadu-6101225?source=rss;2022-09-07 10:28:48+00:00;False;Śląsko-dąbrowska Solidarność ogłosiła pogotowie protestacyjne;<img alt="Śląsko-dąbrowska Solidarność ogłosiła pogotowie protestacyjne" src="https://tvn24.pl/najnowsze/cdn-zdjecie-kranek-slasko-dabrowska-solidarnosc-oglosila-w-srode-pogotowie-protestacyjne-6101240/alternates/LANDSCAPE_1280" />
    Śląsko-dąbrowska Solidarność ogłosiła pogotowie protestacyjne związane z coraz trudniejszą sytuacją finansową gospodarstw domowych i drastycznym pogorszeniem się kondycji przedsiębiorstw. Związkowcy skierowali do rządu kilka postulatów, których celem ma być obniże
https://tvn24.pl/najnowsze.xml;https://tvn24.pl/swiat/bialorus-wladze-zarekwirowaly-mieszkanie-liderki-opozycji-swiatlany-cichanouskiej-6101244?source=rss;2022-09-07 10:16:21+00:00;False;Cichanouska: Białoruski reżim zarekwirował nasze mieszkanie. Wszystko ma być sprzedane;<img alt="Cichanouska: Białoruski reżim zarekwirował nasze mieszkanie. Wszystko ma być sprzedane" src="https://tvn24.pl/najnowsze/cdn-zdjecie-ms2ir1-swiatlana-cichanouska-6063444/alternates/LANDSCAPE_1280" />
    Liderka białoruskiej opozycji Swiatłana Cichanouska przekazała, że władze Białorusi zarekwirowały mieszkanie jej rodziny w Mińsku. Wszystko ma zostać sprzedane, łącznie z akwarelami dzieci - napisała na Twitterze.
https://tvn24.pl/najnowsze.xml;https://tvn24.pl/kultura-i-styl/britney-spears-ostro-odpowiada-15-letniemu-synowi-nie-potrzebuje-rodziny-szepczacej-za-moimi-plecami-6101261?source=rss;2022-09-07 10:09:15+00:00;False;Britney Spears ostro odpowiada 15-letniemu synowi. "Nie potrzebuję rodziny szepczącej za moimi plecami";<img alt="Britney Spears ostro odpowiada 15-letniemu synowi. " src="https://tvn24.pl/najnowsze/cdn-zdjecie-qvg8rk-britney-spears-6094362/alternates/LANDSCAPE_1280" />
    Młodszy syn Britney Spears, Jayden Federline, w wywiadzie telewizyjnym mówił: "Myślę, że mama miała problem z poświęcaniem nam obu uwagi". Zarazem zapewnił, że "bardzo kocha mamę" i jest przekonany, iż ich relacje "mogą zostać naprawione". Wokalistka nie wierzy jednak w jego czyste intencje. "Chłopcy, czy chcecie, żeby mi się p
https://tvn24.pl/najnowsze.xml;https://tvn24.pl/polska/polskie-wojsko-dostawy-szef-mon-mariusz-blaszczak-podpisal-umowy-na-dostarczenie-uzbrojenia-i-sprzetu-wojskowego-6101071?source=rss;2022-09-07 10:08:09+00:00;False;Szef MON podpisał umowy na kolejne dostawy sprzętu i uzbrojenia dla wojska;<img alt="Szef MON podpisał umowy na kolejne dostawy sprzętu i uzbrojenia dla wojska" src="https://tvn24.pl/najnowsze/cdn-zdjecie-dwzuus-szef-mon-mariusz-blaszczak-podpisal-umowy-na-kolejne-dostawy-sprzetu-i-uzbrojenia-dla-wojska-6101096/alternates/LANDSCAPE_1280" />
    Minister obrony narodowej, wicepremier Mariusz Błaszczak podpisał umowy związane z wyposażeniem wojska, między innymi na artyleryjskie wozy rozpoznania Rosomak oraz na rozwój systemów obrony przeciwlotniczej i przeciwrakietowej 
https://tvn24.pl/najnowsze.xml;https://tvn24.pl/polska/krakow-zabojstwo-przy-ul-chelmonskiego-zarzuty-dla-malzenstwa-prokuratura-wnioskuje-o-areszt-6100869?source=rss;2022-09-07 10:07:10+00:00;False;Ciało mężczyzny przy torach. Śledczy: konkubina zwabiła go w krzaki, tam z nożem czekał jej mąż;<img alt="Ciało mężczyzny przy torach. Śledczy: konkubina zwabiła go w krzaki, tam z nożem czekał jej mąż " src="https://tvn24.pl/najnowsze/cdn-zdjecie-b8le3k-cialo-27-letniego-mezczyzny-znaleziono-w-krzakach-przy-ulicy-chelmonskiego-w-krakowie-6100938/alternates/LANDSCAPE_1280" />
    Według prokuratury, zabójstwo mężczyzny, którego zwłoki w niedzielę znalazł przechodzień w rejonie torów w Krakowie, było zaplanowane. Prokuratura postawiła zarzut morderstwa konkubinie zmarłego mężczyzny i jej mę
https://tvn24.pl/najnowsze.xml;https://tvn24.pl/tvnmeteo/swiat/wrak-titanica-w-jakosci-8k-szczegoly-ktorych-do-tej-pory-nie-moglismy-dostrzec-podwodne-nagranie-wideo-6101053?source=rss;2022-09-07 09:58:33+00:00;False;Pierwsze takie nagranie wraku Titanica. "Ekscytujące";<img alt="Pierwsze takie nagranie wraku Titanica. " src="https://tvn24.pl/tvnmeteo/najnowsze/cdn-zdjecie-bxdof8-dziob-titanica-w-jakosci-8k-6101080/alternates/LANDSCAPE_1280" />
    Fundacja OceanGate Expeditions opublikowała w mediach społecznościowych wyjątkowe nagranie z wyprawy do najsłynniejszego podmorskiego wraku świata - Titanica. Film został zrealizowany w jakości 8K i pełnym kolorze, co umożliwia zauważenie detali, które do tej pory były niemożliwe do dostrzeżenia.
https://tvn24.pl/najnowsze.xml;https://tvn24.pl/pomorze/wloclawek-wladze-miasta-od-2023-roku-beda-placic-za-prad-siedem-razy-wiecej-apeluja-do-premiera-6101187?source=rss;2022-09-07 09:57:33+00:00;False;Cena za prąd na przyszły rok wzrosła siedmiokrotnie. Prezydent Włocławka: jesteśmy przerażeni;<img alt="Cena za prąd na przyszły rok wzrosła siedmiokrotnie. Prezydent Włocławka: jesteśmy przerażeni" src="https://tvn24.pl/najnowsze/cdn-zdjecie-g820mb-wloclawek-4770553/alternates/LANDSCAPE_1280" />
    Ostatni przetarg na sprzedaż energii dla miasta Włocławek wygrała państwowa spółka, która zażądała siedem razy więcej za prąd w 2023 roku. Dla samorządu oznacza to wzrost wydatków o 20 milionów złotych. - Spodziewaliśmy się wszystkiego, natomiast siedmiokrotny wzrost nas przeraża - mówi prez
https://tvn24.pl/najnowsze.xml;https://tvn24.pl/polska/andrzej-duda-w-afryce-prezydent-przybyl-do-wybrzeza-kosci-sloniowej-6101141?source=rss;2022-09-07 09:42:00+00:00;False;Prezydent Andrzej Duda przybył do Wybrzeża Kości Słoniowej;<img alt="Prezydent Andrzej Duda przybył do Wybrzeża Kości Słoniowej" src="https://tvn24.pl/najnowsze/cdn-zdjecie-e35ued-prezydent-andrzej-duda-z-wizyta-w-wybrzezu-kosci-sloniowej-6101129/alternates/LANDSCAPE_1280" />
    Do Wybrzeża Kości Słoniowej przybył w środę rano prezydent Andrzej Duda. Jest to jego drugi przystanek w podróży po zachodniej Afryce, gdzie rozmawia na temat dostaw surowców energetycznych do Polski, rosyjskiego szantażu żywnościowego i rosyjskiej propagandy. Wcześniej Duda od
https://tvn24.pl/najnowsze.xml;https://tvn24.pl/tvnwarszawa/najnowsze/warszawa-pomnik-zlotej-waginy-oburzyl-ordo-iuris-zapowiedzieli-interwencje-6101104?source=rss;2022-09-07 09:37:02+00:00;False;"Wilgotna Pani" oburzyła Ordo Iuris. Sprawdzą, czy obraża uczucia religijne;<img alt="" src="https://tvn24.pl/najnowsze/cdn-zdjecie-iofy3j-rzezba-w-galerii-teatru-dramatycznego-6101106/alternates/LANDSCAPE_1280" />
    Rzeźba złotej waginy - instalacja artystyczna, która stanęła na początku września w Teatrze Dramatycznym - oburzyła organizację Ordo Iuris. Jej prezes zapowiedział między innymi sprawdzenie, czy doszło do naruszenia uczyć religijnych.
https://tvn24.pl/najnowsze.xml;https://tvn24.pl/polska/piotrowice-malopolska-obywatelskie-zatrzymanie-pijanego-kierowcy-mial-trzy-promile-alkoholu-w-organizmie-6101051?source=rss;2022-09-07 09:32:58+00:00;False;Pijany kierowca wjechał na ich posesję, kobiety ruszyły w pościg. Obywatelskie zatrzymanie;<img alt="Pijany kierowca wjechał na ich posesję, kobiety ruszyły w pościg. Obywatelskie zatrzymanie" src="https://tvn24.pl/najnowsze/cdn-zdjecie-6qqjx7-w-samochodzie-58-latka-lezala-butelka-wodki-6100997/alternates/LANDSCAPE_1280" />
    Pijany zaparkował na cudzej posesji, spłoszony przez właścicielkę rzucił się do ucieczki. Dwie mieszkanki Piotrowic (Małopolska) goniły samochodem nietrzeźwego kierowcę, który po przejechaniu kilkuset metrów zatrzymał się na skarpie. W obywatelskim ujęciu 58-la
https://tvn24.pl/najnowsze.xml;https://tvn24.pl/tvnmeteo/swiat/usa-kalifornia-zamkniete-szkoly-dwie-ofiary-smiertelne-ewakuowani-ludzie-na-poludniu-kalifornii-szaleje-pozar-6101049?source=rss;2022-09-07 09:24:52+00:00;False;Zamknięte szkoły, dwie ofiary śmiertelne, ewakuowani ludzie. Na południu Kalifornii szaleje pożar;<img alt="Zamknięte szkoły, dwie ofiary śmiertelne, ewakuowani ludzie. Na południu Kalifornii szaleje pożar" src="https://tvn24.pl/tvnmeteo/najnowsze/cdn-zdjecie-is0sjd-pozar-fairview-fire-w-kalifornii-6101098/alternates/LANDSCAPE_1280" />
    Niszczycielski pożar, nazwany Fairview Fire, pochłonął prawie dwa tysiące hektarów ziem. Wybuchł w pobliżu miasta Hemet, położonym w południowej Kalifornii. W wyniku żywiołu zginęły dwie osoby.
https://tvn24.pl/najnowsze.xml;https://tvn24.pl/biznes/nieruchomosci/kredyty-mieszkaniowe-liczba-wnioskow-dane-bik-za-sierpien-2022-6101048?source=rss;2022-09-07 09:20:15+00:00;False;Tąpnięcie na rynku kredytów mieszkaniowych. "Nie widać żadnych oznak odbicia od dna";<img alt="Tąpnięcie na rynku kredytów mieszkaniowych. " src="https://tvn24.pl/biznes/najnowsze/cdn-zdjecie45358a4d1c516228dbeb343e2976f30e-spowolnienie-gospodarcze-nigdy-nie-pozostaje-bez-wplywu-na-branze-nieruchomosci-czytamy-w-komentarzu-home-broker-4945650/alternates/LANDSCAPE_1280" />
    Liczba osób wnioskujących o kredyt mieszkaniowych zmniejszyła się w sierpniu o 70,9 procent - wynika z danych Biura Informacji Kredytowej. Spada też średnia wartość wnioskowanego kredytu. Zdaniem ekspertów 
https://tvn24.pl/najnowsze.xml;https://tvn24.pl/bialystok/kopalnia-bogdanka-wstrzymali-wrzesniowe-zapisy-na-wegiel-o-tych-na-kolejne-miesiace-beda-informowac-6100950?source=rss;2022-09-07 09:09:46+00:00;False;Kopalnia wstrzymała wrześniowe zapisy na zakup węgla. O tych na kolejne miesiące będą informować;<img alt="Kopalnia wstrzymała wrześniowe zapisy na zakup węgla. O tych na kolejne miesiące będą informować" src="https://tvn24.pl/biznes/najnowsze/cdn-zdjecie-47ur6y-spolka-bogdanka-jest-jedna-z-najwiekszych-kopaln-wegla-kamiennego-w-polsce-4222832/alternates/LANDSCAPE_1280" />
    Kopalnia Bogdanka pod Łęczną (woj. lubelskie) wstrzymała zapisy na zakup węgla z wrześniowej puli przeznaczonej dla gospodarstw domowych. Informacje o zapisach na kolejne miesiące mają się pojawić na stronie spółki. P
https://tvn24.pl/najnowsze.xml;https://tvn24.pl/biznes/z-kraju/zamykaja-sie-male-sklepy-liczne-bankructwa-6100797?source=rss;2022-09-07 09:08:24+00:00;False;Fala bankructw w handlu. Tak dużych zmian nie było od lat;<img alt="Fala bankructw w handlu. Tak dużych zmian nie było od lat" src="https://tvn24.pl/najnowsze/cdn-zdjecie-1xv9bz-sklep-zakupy-koszyk-shutterstock1474739102-5754031/alternates/LANDSCAPE_1280" />
    Od początku roku zniknęło 3762 placówek handlu detalicznego, tylko w czasie wakacji liczba sklepów zmniejszyła się o ponad 700 - pisze "Dziennik Gazeta Prawna", powołując się na analizę przygotowaną przez Dun&amp;Bradstreet. Ponad 10 tysięcy polskich detalistów zbankrutowało, zamknęło lub zawie
https://tvn24.pl/najnowsze.xml;https://tvn24.pl/swiat/indie-tygrys-zaatakowal-niemowle-matka-bronila-go-golymi-rekami-zostala-ranna-6100828?source=rss;2022-09-07 09:04:50+00:00;False;Matka gołymi rękami obroniła niemowlę przed tygrysem.  Zwierzę wbiło kły w głowę dziecka i próbowało je porwać;<img alt="Matka gołymi rękami obroniła niemowlę przed tygrysem.  Zwierzę wbiło kły w głowę dziecka i próbowało je porwać" src="https://tvn24.pl/tvnmeteo/najnowsze/cdn-zdjecie-i9gvtn-tygrys-zdjecie-pogladowe-5548304/alternates/LANDSCAPE_1280" />
    Dwudziestopięciolatka ze stanu Madhya Pradesh w środkowych Indiach doznała poważnych obrażeń, gdy broniła swojego 15-miesięcznego dziecka przed atakiem tygrysa - informują lokalne media. Kobieta została ranna w brzuch, zwierzę przebiło jej płuco. Niem
https://tvn24.pl/najnowsze.xml;https://tvn24.pl/biznes/z-kraju/pgg-sklep-problemy-z-zakupem-wegla-6100987?source=rss;2022-09-07 08:56:14+00:00;False;Problemy z zakupem węgla. "Proszę spróbować ponownie później";<img alt="Problemy z zakupem węgla. " src="https://tvn24.pl/biznes/najnowsze/cdn-zdjecie-coxab7-reporter-tvn24-probuje-kupic-wegiel-6100903/alternates/LANDSCAPE_1280" />
    We wtorek ponownie wystąpiły utrudnienia w dostępie do sklepu internetowego Polskiej Grupy Górniczej. To za jego pośrednictwem jest sprzedawany węgiel. Reporter TVN24 Adrian Zaborowski potrzebował prawie godzinę, aby dostać się na stronę e-sklepu jednak wówczas żaden z towarów nie był już dostępny do nabycia.
https://tvn24.pl/najnowsze.xml;https://tvn24.pl/tvnwarszawa/wilanow/warszawa-zabojstwo-miesiecznego-dziecka-w-wilanowie-areszt-dla-32-latki-6101008?source=rss;2022-09-07 08:55:12+00:00;False;Zabójstwo miesięcznej dziewczynki w Wilanowie. Areszt dla 32-letniej matki;<img alt="Zabójstwo miesięcznej dziewczynki w Wilanowie. Areszt dla 32-letniej matki " src="https://tvn24.pl/tvnwarszawa/najnowsze/cdn-zdjecie-ralxb5-areszt-dla-32-latki-podejrzanej-o-zabojstwo-miesiecznej-corki-zdj-ilustracyjne-6101016/alternates/LANDSCAPE_1280" />
    Sąd zadecydował o tymczasowym areszcie na trzy miesiące dla 32-letniej Magdaleny D.-M. Kobieta jest podejrzana o zabójstwo miesięcznej córeczki oraz o usiłowanie zabójstwa dwóch synów. Ciało niemowlaka znaleziono w mieszkaniu w W
https://tvn24.pl/najnowsze.xml;https://tvn24.pl/polska/koronawirus-w-polsce-mapa-zakazen-ile-szczepien-ile-nowych-przypadkow-wykryto-7-wrzesnia-2022-4344739?source=rss;2022-09-07 08:52:00+00:00;False;Koronawirus w Polsce. Mapa zakażeń. Ile szczepień wykonano;<img alt="Koronawirus w Polsce. Mapa zakażeń. Ile szczepień wykonano" src="https://tvn24.pl/najnowsze/cdn-zdjecie-yzb5nl-covid-dzienny-bilans-6101099/alternates/LANDSCAPE_1280" />
    W środę na stronie gov.pl poinformowano o 4450 nowych, potwierdzonych zakażeniach SARS-CoV-2. Jak wynika z danych z minionej doby, zmarło 20 pacjentów z COVID-19. Zobacz najnowsze, zaktualizowane dane.
https://tvn24.pl/najnowsze.xml;https://tvn24.pl/pomorze/gdansk-prowadzi-piekarnie-prawie-50-lat-teraz-boi-sie-ze-przez-wysokie-ceny-bedzie-musial-ja-zamknac-6100984?source=rss;2022-09-07 08:49:26+00:00;False;Pan Ryszard nie pamięta tak "trudnych czasów". Obawia się, że przez drożyznę będzie musiał zamknąć piekarnię;<img alt="Pan Ryszard nie pamięta tak " src="https://tvn24.pl/najnowsze/cdn-zdjecie-i4lrxk-pan-ryszard-prowadzi-piekarnie-prawie-50-lat-6100963/alternates/LANDSCAPE_1280" />
    Pierwszy chleb z piekarni pana Ryszarda wyszedł z pieca w 1973 roku. Jak mówi mężczyzna, chociaż prowadzi swój biznes już tyle lat, nie pamięta tak trudnych i niepewnych czasów. - Wszystko się zmienia z dnia na dzień, z dostawy na dostawę. Nie wiadomo, na czym w tej chwili człowiek bazuje - przyznaje.
https://tvn24.pl/najnowsze.xml;https://tvn24.pl/swiat/ukraina-raport-maea-w-sprawie-elektrowni-atomowej-ukrainski-ambasador-przy-onz-komentuje-6101011?source=rss;2022-09-07 08:40:00+00:00;False;Ambasador Ukrainy przy ONZ: Rosja naciskała na MAEA w sprawie raportu z Zaporoskiej Elektrowni Atomowej;<img alt="Ambasador Ukrainy przy ONZ: Rosja naciskała na MAEA w sprawie raportu z Zaporoskiej Elektrowni Atomowej" src="https://tvn24.pl/najnowsze/cdn-zdjecie-hsqvd2-eksperci-maea-w-zaporoskiej-elektrowni-atomowej-6094234/alternates/LANDSCAPE_1280" />
    Rosja próbowała wywierać naciski na szefa Międzynarodowej Agencji Energii Atomowej (MAEA) Rafaela Grossiego podczas przygotowywania przez tę organizację raportu dotyczącego Zaporoskiej Elektrowni Atomowej - przekazał ambasador Ukrainy przy ONZ 
https://tvn24.pl/najnowsze.xml;https://tvn24.pl/swiat/ukraina-inwazja-rosji-kontrofensywa-ukrainska-zagraniczni-ochotnicy-na-froncie-reportaz-cnn-6100941?source=rss;2022-09-07 08:16:33+00:00;False;Pojechali walczyć z armią Putina, zostali ranni. "Usłyszałem odgłos strzału. Przez chwilę nic nie widziałem";<img alt="Pojechali walczyć z armią Putina, zostali ranni. " src="https://tvn24.pl/najnowsze/cdn-zdjecie-u0m3jv-screenshot-2022-09-07-at-09-6100911/alternates/LANDSCAPE_1280" />
    Telewizja CNN pokazała nagranie z frontu w rejonie Chersonia, gdzie trwa kontrofensywa sił ukraińskich. Ramię w ramię z Ukraińcami przeciw armii Putina walczą tam zagraniczni ochotnicy. Stacja rozmawiała z dwoma z nich - Amerykaninem i Brytyjczykiem. Obaj zostali ranni.
https://tvn24.pl/najnowsze.xml;https://tvn24.pl/polska/jacek-kurski-odwolany-z-funkcji-prezesa-tvp-rzecznik-pis-pytany-co-bedzie-robic-byly-szef-telewizji-rzadowej-6100917?source=rss;2022-09-07 07:42:45+00:00;False;Rzecznik PiS o nowej roli odwołanego z telewizji Jacka Kurskiego: nie mówimy o stanowisku;<img alt="Rzecznik PiS o nowej roli odwołanego z telewizji Jacka Kurskiego: nie mówimy o stanowisku" src="https://tvn24.pl/najnowsze/cdn-zdjecie-gd09mm-mateusz-morawiecki-jacek-kurski-i-arkadiusz-mularczyk-6100925/alternates/LANDSCAPE_1280" />
    Będę mógł powiedzieć więcej, jak decyzje już zapadną - mówił rzecznik PiS Radosław Fogiel, pytany o przyszłość Jacka Kurskiego, odwołanego prezesa telewizji rządowej. Zapowiedział, że "nie mówimy o ważnym stanowisku, tylko o odpowiedzialnych zadaniach 
https://tvn24.pl/najnowsze.xml;https://tvn24.pl/biznes/ze-swiata/usa-chiny-amerykanskie-firmy-technologiczne-otrzymaly-zakaz-inwestowania-w-chinach-6100809?source=rss;2022-09-07 07:37:16+00:00;False;Amerykańskie firmy z zakazem inwestowania w Chinach;<img alt="Amerykańskie firmy z zakazem inwestowania w Chinach" src="https://tvn24.pl/najnowsze/cdn-zdjecie-llxvkt-chip-shutterstock684989755-5453506/alternates/LANDSCAPE_1280" />
    Amerykańskie firmy technologiczne finansowane z budżetu państwa nie będą mogły w ciągu najbliższych 10 lat budować nowych zakładów produkcyjnych w Chinach. Ograniczenia wprowadzone przez Waszyngton mają służyć uniezależnieniu się USA od półprzewodników importowanych z Państwa Środka.
https://tvn24.pl/najnowsze.xml;https://tvn24.pl/tvnmeteo/swiat/korea-poludniowa-parking-zmienil-sie-w-smiertelna-pulapke-mieszkancy-wciaz-zmagaja-sie-ze-skutkami-tajfunu-hinnamnor-6100876?source=rss;2022-09-07 07:34:07+00:00;False;Parking zmienił się w śmiertelną pułapkę. Siedem osób utonęło;<img alt="Parking zmienił się w śmiertelną pułapkę. Siedem osób utonęło" src="https://tvn24.pl/tvnmeteo/najnowsze/cdn-zdjecie-2hsjv0-akcja-ratunkowa-w-zalanym-parkingu-podziemnym-6100931/alternates/LANDSCAPE_1280" />
https://tvn24.pl/najnowsze.xml;https://tvn24.pl/poznan/sroda-wielkopolska-ewakuacja-cukrowni-siedem-osob-podtrutych-gazem-6100874?source=rss;2022-09-07 07:20:57+00:00;False;Ewakuacja cukrowni w Środzie Wielkopolskiej. Siedem osób podtrutych gazem;<img alt="Ewakuacja cukrowni w Środzie Wielkopolskiej. Siedem osób podtrutych gazem" src="https://tvn24.pl/poznan/cdn-zdjecie-89kjik-cukrownia-w-srodzie-wlkp-6100879/alternates/LANDSCAPE_1280" />
    Ponad 180 osób zostało ewakuowanych z cukrowni na terenie Środy Wielkopolskiej. Doszło tam do rozszczelnienia zbiornika z mieszaniną gazów. Poszkodowanych zostało 7 pracowników.
https://tvn24.pl/najnowsze.xml;https://tvn24.pl/tvnwarszawa/okolice/rzazew-na-mazowszu-mieszkancy-martwia-sie-o-braki-wegla-i-drewna-przed-zima-6100882?source=rss;2022-09-07 07:13:46+00:00;False;"Gdyby nie rodziców las, to w ogóle nie byłoby mnie stać, żeby dzieciom dać ogrzewanie";<img alt="" src="https://tvn24.pl/tvnwarszawa/najnowsze/cdn-zdjecie-droown-pan-adam-z-rzazewa-martwi-sie-ze-zabraknie-dla-jego-rodziny-wegla-i-drewna-na-zime-6100883/alternates/LANDSCAPE_1280" />
    Sytuacja pana Adama z Rzążewa pod Siedlcami i jego dziewięcioosobowej rodziny jest bardzo trudna. Obawia się, że zimą, nawet jeśli uda mu się uzbierać pieniądze na opał, i tak zabraknie go w składach. Ratuje się wyłącznie tym, że jego rodzice mają las.
https://tvn24.pl/najnowsze.xml;https://tvn24.pl/polska/pegasus-komisja-sledcza-parlamentu-europejskiego-przyjedzie-do-polski-bartosz-arlukowicz-o-postepach-prac-6100847?source=rss;2022-09-07 07:10:00+00:00;False;Bartosz Arłukowicz o pracach europarlamentarnej komisji śledczej do zbadania wykorzystania Pegasusa;<img alt="Bartosz Arłukowicz o pracach europarlamentarnej komisji śledczej do zbadania wykorzystania Pegasusa " src="https://tvn24.pl/najnowsze/cdn-zdjecie-ikgzg0-bartosz-arlukowicz-byl-gosciem-srodowego-wydania-rozmowy-piaseckiego-6100806/alternates/LANDSCAPE_1280" />
    Europoseł Bartosz Arłukowicz mówił w "Rozmowie Piaseckiego" o pracach europarlamentarnej komisji śledczej do zbadania wykorzystania Pegasusa. Jak zapowiedział, jej członkowie 19 września przyjadą do Polski. - Mamy zaplanowane 
https://tvn24.pl/najnowsze.xml;https://tvn24.pl/swiat/izrael-sprzatacz-u-ministra-obrony-beniego-ganca-szpiegowal-na-rzecz-iranu-skazany-na-wiezienie-6100719?source=rss;2022-09-07 07:02:52+00:00;False;Były sprzątacz skazany na więzienie za próbę szpiegowania ministra obrony Izraela;<img alt="Były sprzątacz skazany na więzienie za próbę szpiegowania ministra obrony Izraela" src="https://tvn24.pl/najnowsze/cdn-zdjecie-qgxoe8-minister-obrony-izraela-beni-ganc-6100714/alternates/LANDSCAPE_1280" />
    Były sprzątacz w prywatnej rezydencji ministra obrony Izraela Beniego Ganca został skazany na trzy lata więzienia za próbę szpiegowania na rzecz Iranu - poinformowało izraelskie ministerstwo sprawiedliwości. 38-letni Omri Goren Gorochovsky "przyznał się do próby przekazania infor
https://tvn24.pl/najnowsze.xml;https://tvn24.pl/biznes/z-kraju/wegiel-embargo-na-surowiec-z-rosji-janusz-steinhoff-komentuje-6100836?source=rss;2022-09-07 06:55:58+00:00;False;Steinhoff: czeka nas bardzo trudna zima;<img alt="Steinhoff: czeka nas bardzo trudna zima" src="https://tvn24.pl/biznes/najnowsze/cdn-zdjecie7c1983e199e83926dcf9a2e2a6023793-kopalnia-wegiel-4045885/alternates/LANDSCAPE_1280" />
    Nikt nie kwestionuje potrzeby wprowadzenia embarga na import nośników energii z Federacji Rosyjskiej, to jest poza dyskusją. Polska jako jedyny kraj Unii Europejskiej wprowadziła je jednak z dnia na dzień - powiedział w programie "Wstajesz i Wiesz" na antenie TVN24 były minister gospodarki Janusz Steinhoff.
https://tvn24.pl/najnowsze.xml;https://tvn24.pl/swiat/ukraina-general-ben-hodges-ukrainscy-zolnierze-jak-macgyver-6100796?source=rss;2022-09-07 06:32:00+00:00;False;Generał Ben Hodges: ukraińscy żołnierze jak MacGyver;<img alt="Generał Ben Hodges: ukraińscy żołnierze jak MacGyver" src="https://tvn24.pl/najnowsze/cdn-zdjecie-jpdvoz-ukrainscy-wojskowi-wykorzystuja-w-walce-cywilne-drony-6100817/alternates/LANDSCAPE_1280" />
    Ukraińskie wojsko jest jak MacGyver i pokazuje, że potrafi zrobić zaskakujący użytek z tego, co ma do dyspozycji - ocenił w rozmowie z dziennikiem "New York Times" generał Ben Hodges, były dowódca sił lądowych USA w Europie. W ocenie Philipa Wasielewskiego, byłego żołnierza piechoty morsk
https://tvn24.pl/najnowsze.xml;https://tvn24.pl/swiat/wojna-w-ukrainie-enerhodar-rosjanie-w-elektrowni-jadrowej-ambasador-usa-przy-onz-komentuje-6100754?source=rss;2022-09-07 06:22:00+00:00;False;Ambasador USA przy ONZ: Rosja używa elektrowni jądrowej jako pionka w brudnej wojnie;<img alt="Ambasador USA przy ONZ: Rosja używa elektrowni jądrowej jako pionka w brudnej wojnie" src="https://tvn24.pl/najnowsze/cdn-zdjecie-m0ncaw-enerhodar-6092564/alternates/LANDSCAPE_1280" />
    Rosja nie ma prawa wykorzystywać Zaporoskiej Elektrowni Jądrowej w swojej brudnej wojnie - oświadczył przedstawiciel USA w ONZ ambasador Jeffrey DeLaurentis. Podkreślił, że Kreml jest odpowiedzialny za kryzys i tylko Federacja Rosyjska może go zakończyć. Po raz kolejny zaapelował do Moskwy o wycofani
https://tvn24.pl/najnowsze.xml;https://tvn24.pl/polska/jacek-kurski-odwolany-z-funkcji-prezesa-tvp-bartosz-arlukowicz-komentuje-6100826?source=rss;2022-09-07 06:12:00+00:00;False;Jacek Kurski odwołany z funkcji prezesa telewizji państwowej. Bartosz Arłukowicz komentuje;<img alt="Jacek Kurski odwołany z funkcji prezesa telewizji państwowej. Bartosz Arłukowicz komentuje" src="https://tvn24.pl/najnowsze/cdn-zdjecie-uw47mm-jacek-kurski-6100832/alternates/LANDSCAPE_1280" />
    To walki wewnętrzne, które toczą się pod dywanem w PiS-ie - powiedział w "Rozmowie Piaseckiego" europoseł Bartosz Arłukowicz (Koalicja Obywatelska), wiceszef PO, odnosząc się do odwołania Jacka Kurskiego z funkcji prezesa telewizji rządowej. Jak dodał, "to nie jest człowiek, z którego wypływ
https://tvn24.pl/najnowsze.xml;https://tvn24.pl/biznes/z-kraju/wyniki-lotto-z-dnia-60922-liczby-z-ostatniego-losowania-6100776?source=rss;2022-09-07 06:09:13+00:00;False;Wyniki Lotto z 6 września 2022. Jakie liczby padły podczas ostatniego losowania?;<img alt="Wyniki Lotto z 6 września 2022. Jakie liczby padły podczas ostatniego losowania?" src="https://tvn24.pl/najnowsze/cdn-zdjecie-nfbhva-lotto-s-shutterstock275295956-5128640/alternates/LANDSCAPE_1280" />
    We wtorkowym losowaniu w Lotto nie padła główna wygrana. Kumulacja rośnie do 20 milionów złotych. Szóstki nie wylosowano także w Lotto Plus. Oto wyniki Lotto, Lotto Plus i Super Szansa z dnia 6 września 2022 roku.
https://tvn24.pl/najnowsze.xml;https://tvn24.pl/polska/mateusz-morawiecki-i-petr-fiala-w-karpaczu-debata-premierow-polski-i-czech-6100734?source=rss;2022-09-07 06:08:03+00:00;False;Morawiecki w Karpaczu. Debatował z premierem Czech;<img alt="Morawiecki w Karpaczu. Debatował z premierem Czech" src="https://tvn24.pl/najnowsze/cdn-zdjecie-tveoch-premierzy-czech-i-polski-w-karpaczu-6100730/alternates/LANDSCAPE_1280" />
    Mateusz Morawiecki podczas debaty z premierem Czech Petrem Fialą w Karpaczu powiedział, że jesteśmy w punkcie zwrotnym geopolityki światowej. Szef polskiego rządu stwierdził, że dzisiaj liczy się głos i racje tych, którzy przedstawiali pewną wizję świata w sposób spójny i którzy w obliczu tego, co się stało,
https://tvn24.pl/najnowsze.xml;https://tvn24.pl/biznes/z-kraju/eurojackpot-wyniki-z-dnia-060922-liczby-z-ostatniego-losowania-6100778?source=rss;2022-09-07 06:00:51+00:00;False;Wyniki Eurojackpot z 6 września 2022. Jakie liczby padły podczas ostatniego losowania?;<img alt="Wyniki Eurojackpot z 6 września 2022. Jakie liczby padły podczas ostatniego losowania?" src="https://tvn24.pl/najnowsze/cdn-zdjecie-u5ba2s-eurojackpot-4729989/alternates/LANDSCAPE_1280" />
    We wtorkowym losowaniu Eurojackpot nie padła główna wygrana. W Polsce zanotowano jedną nagrodę czwartego stopnia w wysokości 186 725 złotych. Już w piątek do wygrania będzie 90 milionów złotych.
https://tvn24.pl/najnowsze.xml;https://tvn24.pl/tvnmeteo/swiat/kalifornia-fala-upalow-stan-moze-ograniczac-dostawy-pradu-winna-wysoka-temperatura-6100800?source=rss;2022-09-07 05:58:50+00:00;False;Przez "brutalną" falę upałów przerwy w dostawach prądu "mogą być nieuchronne". Wydano specjalne alerty;<img alt="Przez " src="https://tvn24.pl/tvnmeteo/najnowsze/cdn-zdjecie-qpk9x2-fala-upalow-w-kalifornii-6100815/alternates/LANDSCAPE_1280" />
    Z powodu kolejnej serii fali gorąca, w stanie Kalifornia władze ostrzegły o możliwych ograniczeniach w elektryczności. Władze i firmy wydały specjalne alerty, a w przypadku wyłączeń chcą skupić się tylko na godzinach wieczornych. - Jeśli każdy zaoszczędziłby 10 procent zużycia energii elektrycznej między godziną 16 a 22, nie mielibyśmy problemu - przeko
https://tvn24.pl/najnowsze.xml;https://tvn24.pl/swiat/ukraina-inwazja-rosji-niemcy-przekazaly-ukrainie-radar-cobra-i-systemy-przeciwlotnicze-gepard-6100767?source=rss;2022-09-07 05:58:00+00:00;False;Niemcy przekazały Ukrainie radar COBRA i systemy przeciwlotnicze Gepard;<img alt="Niemcy przekazały Ukrainie radar COBRA i systemy przeciwlotnicze Gepard" src="https://tvn24.pl/najnowsze/cdn-zdjecie-luydfc-niemiecka-stacja-radarowa-cobra-6100765/alternates/LANDSCAPE_1280" />
https://tvn24.pl/najnowsze.xml;https://tvn24.pl/swiat/usa-strzelaniny-zabici-i-ranni-w-czasie-swiatecznego-weekendu-swieta-pracy-labour-day-6100772?source=rss;2022-09-07 05:45:13+00:00;False;Tragiczny bilans świątecznego weekendu w USA. 16 osób zginęło w strzelaninach;<img alt="Tragiczny bilans świątecznego weekendu w USA. 16 osób zginęło w strzelaninach" src="https://tvn24.pl/najnowsze/cdn-zdjecie-mlu3r3-policja-5430719/alternates/LANDSCAPE_1280" />
    Podczas długiego weekendu amerykańskiego święta pracy Labour Day organizacja Gun Violence Archive monitorująca przypadki przemocy z użyciem broni odnotowała w Stanach Zjednoczonych 12 strzelanin. Zginęło w nich 16 osób, a 47 zostało rannych.
https://tvn24.pl/najnowsze.xml;https://tvn24.pl/swiat/usa-nowy-jork-zwraca-wlochom-zrabowane-antyki-o-wartosci-19-milionow-dolarow-6100751?source=rss;2022-09-07 05:24:26+00:00;False;Nowy Jork zwraca Włochom zrabowane antyki o wartości 19 milionów dolarów;<img alt="Nowy Jork zwraca Włochom zrabowane antyki o wartości 19 milionów dolarów" src="https://tvn24.pl/najnowsze/cdn-zdjecie-vnznz1-2022-09-06t210318z1lwd318206092022rp1rtrwnevc3182-usa-italy-antiquities-0005-6100808/alternates/LANDSCAPE_1280" />
    58 skradzionych zabytków o wartości szacowanej na 19 milionów dolarów zostało zwróconych we wtorek Włochom przez władze Nowego Jorku. Przedmioty były między innymi od lat wystawiane w Metropolitan Museum of Art. Wśród nich jest między innymi marm
https://tvn24.pl/najnowsze.xml;https://tvn24.pl/tvnwarszawa/bemowo/warszawa-chcial-ukrasc-dezodorant-i-perfumy-uderzyl-ochroniarza-piescia-w-twarz-6100784?source=rss;2022-09-07 05:18:48+00:00;False;Chciał ukraść dezodorant i perfumy, pobił ochroniarza;<img alt="Chciał ukraść dezodorant i perfumy, pobił ochroniarza " src="https://tvn24.pl/tvnwarszawa/najnowsze/cdn-zdjecie-oeqwn7-zatrzymany-27-latek-6100786/alternates/LANDSCAPE_1280" />
    Jego łupem padły dezodorant i perfumy. Atak 27-letniego agresora skutkował obrażeniami ciała u ochroniarza. Podejrzany usłyszał zarzut kradzieży rozbójniczej, za co grozi kara do 10 lat pozbawienia wolności - podała nadkomisarz Marta Sulowska, rzeczniczka bemowskiej policji.
https://tvn24.pl/najnowsze.xml;https://tvn24.pl/tvnwarszawa/bielany/warszawa-nowe-skrzydlo-szpitala-bielanskiego-juz-gotowe-kiedy-otwarcie-6100771?source=rss;2022-09-07 05:14:17+00:00;False;Nowoczesny blok operacyjny i specjalistyczne oddziały. Nowe skrzydło Szpitala Bielańskiego już gotowe;<img alt="Nowoczesny blok operacyjny i specjalistyczne oddziały. Nowe skrzydło Szpitala Bielańskiego już gotowe" src="https://tvn24.pl/tvnwarszawa/najnowsze/cdn-zdjecie-pfd7e1-w-dobudowanym-skrzydle-szpitala-bielanskiego-znajduje-sie-blok-operacyjny-z-10-salami-6100764/alternates/LANDSCAPE_1280" />
    Nowoczesny blok operacyjny oraz oddziały intensywnej terapii, rehabilitacji i psychiatrii. Ratusz pochwalił się nowym skrzydłem Szpitala Bielańskiego. Inwestycja kosztowała blisko 200 milionów zło
https://tvn24.pl/najnowsze.xml;https://tvn24.pl/biznes/z-kraju/rpp-stopy-procentowe-o-ile-wzrosna-stopy-procentowe-6100768?source=rss;2022-09-07 05:09:05+00:00;False;Dzisiaj decyzja RPP w sprawie stóp procentowych;<img alt="Dzisiaj decyzja RPP w sprawie stóp procentowych" src="https://tvn24.pl/najnowsze/cdn-zdjecie-jtjbj5-od-29-lipca-polacy-moga-zawieszac-splate-kredytu-5939798/alternates/LANDSCAPE_1280" />
    W środę zbiera się Rada Polityki Pieniężnej (RPP), która będzie podejmować decyzję o stopach procentowych. Obecnie główna stopa procentowa NBP, referencyjna, wynosi 6,5 proc. RPP podwyższy stopy procentowych o 25 punktów bazowych - prognozuje ekonomista PKO BP Kamil Pastor. Jak dodał będzie to komp
https://tvn24.pl/najnowsze.xml;https://tvn24.pl/najnowsze/usa-co-znaleziono-w-posiadlosci-donalda-trumpa-dokumenty-o-broni-jadrowej-obcego-panstwa-washington-post-6100743?source=rss;2022-09-07 04:50:32+00:00;False;"Washington Post": w rezydencji Trumpa znaleziono informacje o broni jądrowej obcego państwa;<img alt="" src="https://tvn24.pl/najnowsze/cdn-zdjecie-hgkqw7-sluzby-przed-posiadloscia-donalda-trumpa-na-florydzie-6067349/alternates/LANDSCAPE_1280" />
    Wśród dokumentów przetrzymywanych w posiadłości byłego prezydenta USA Donalda Trumpa na Florydzie były informacje o obronności obcego państwa, w tym broni jądrowej - poinformował "Washington Post". Dziennik napisał, że Federalne Biuro Śledcze (FBI) skonfiskowało dokumenty, do których dostęp miało bardzo wąskie grono osób.
https://tvn24.pl/najnowsze.xml;https://tvn24.pl/tvnmeteo/prognoza/alerty-imgw-burze-z-gradem-intensywne-opady-deszczu-silny-wiatr-prognoza-zagrozen-na-czwartek-piatek-i-sobote-6099234?source=rss;2022-09-07 04:34:00+00:00;False;Czwartek to dzień, w którym nastąpi załamanie pogody. Gdzie mogą obowiązywać alerty IMGW;<img alt="Czwartek to dzień, w którym nastąpi załamanie pogody. Gdzie mogą obowiązywać alerty IMGW" src="https://tvn24.pl/tvnmeteo/najnowsze/cdn-zdjecie-6v17xg-intensywne-opady-deszczu-6102101/alternates/LANDSCAPE_1280" />
    Pogoda w Polsce w ciągu najbliższych dni zdecydowanie nie dopisze. Czeka nas mniej słońca, więcej chmur i gwałtownych zjawisk. IMGW prognozuje, że opady deszczu będą intensywne, pojawią się burze gradowe, będzie też silnie wiać.
https://tvn24.pl/najnowsze.xml;https://tvn24.pl/tvnmeteo/pogoda/alerty-imgw-burze-burze-z-gradem-silny-deszcz-z-burzami-intensywne-opadu-deszczu-prognoza-zagrozen-na-czwartek-piatek-i-sobote-6099234?source=rss;2022-09-07 04:34:00+00:00;False;Możliwe alerty IMGW przed burzami. Zjawiska pojawią się wraz z ulewnym deszczem i gradem;<img alt="Możliwe alerty IMGW przed burzami. Zjawiska pojawią się wraz z ulewnym deszczem i gradem" src="https://tvn24.pl/najnowsze/cdn-zdjecie-izqkkf-deszcz-ulewa-parasol-shutterstock451705021-5227874/alternates/LANDSCAPE_1280" />
    IMGW wydał prognozę zagrożeń na kolejne dni. Synoptycy spodziewają się powrotu burz, którym miejscami towarzyszyć będą ulewy oraz opady gradu. Sprawdź, gdzie pogoda może być groźna.
https://tvn24.pl/najnowsze.xml;https://tvn24.pl/kultura-i-styl/justin-bieber-przerywa-trase-koncertowa-problemy-ze-zdrowiem-biebera-piosenkarz-wydal-oswiadczenie-6100738?source=rss;2022-09-07 04:32:00+00:00;False;Justin Bieber przerywa trasę koncertową, ma problemy ze zdrowiem. Wydał oświadczenie;<img alt="Justin Bieber przerywa trasę koncertową, ma problemy ze zdrowiem. Wydał oświadczenie" src="https://tvn24.pl/najnowsze/cdn-zdjecie-48m0us-justin-bieber-6100770/alternates/LANDSCAPE_1280" />
    Kanadyjski piosenkarz Justin Bieber ogłosił, że z powodów zdrowotnych jest zmuszony przerwać trasę koncertową Justice World Tour. Potrzebuję czasu na odpoczynek i poprawę stanu zdrowia - oświadczył w mediach społecznościowych.
https://tvn24.pl/najnowsze.xml;https://tvn24.pl/swiat/kanada-atak-nozownika-sa-zabici-kanadyjska-policja-szuka-podejrzanego-mezczyzny-moze-byc-ranny-6100740?source=rss;2022-09-07 04:16:00+00:00;False;Trzeci dzień obławy na mężczyznę podejrzanego o przeprowadzenie serii ataków z użyciem noża;<img alt="Trzeci dzień obławy na mężczyznę podejrzanego o przeprowadzenie serii ataków z użyciem noża" src="https://tvn24.pl/najnowsze/cdn-zdjecie-uukqd9-kanadyjska-policja-poszukuje-mezczyzny-odpowiedzialnego-za-przeprowadzenie-serii-atakow-z-uzyciem-noza-6100739/alternates/LANDSCAPE_1280" />
    Kanadyjska policja wciąż poszukuje mężczyzny odpowiedzialnego za przeprowadzenie serii ataków z użyciem noża, w wyniku którego życie straciło 11 osób. Stacja CBS News poinformowała, że wiele jednostek 