http://www.reddit.com/r/news/.rss;https://www.reddit.com/r/news/comments/x7ijdy/1_dead_5_rescued_after_hikers_run_out_of_water_in/;2022-09-06 18:53:29+00:00;False;1 dead, 5 rescued after hikers run out of water in extreme Arizona heat;&#32; submitted by &#32; <a href="https://www.reddit.com/user/KatsThoughts"> /u/KatsThoughts </a> <br /> <span><a href="https://www.kiro7.com/news/trending/1-dead-5-rescued-after-hikers-run-out-water-extreme-arizona-heat/6DOZPHCZLNFA7FTERNAFCV6DGA/?fbclid=IwAR0ydNp13bEe2mjY0FbkUv9vlBO7gkeRTy_9rLBfnL3_7sBvR9wMdu-PM7w">[link]</a></span> &#32; <span><a href="https://www.reddit.com/r/news/comments/x7ijdy/1_dead_5_rescued_after_hikers_run_out_of_water_in/">[comments]</a></span>
http://www.reddit.com/r/news/.rss;https://www.reddit.com/r/news/comments/x7gxo2/juul_agrees_to_pay_4385_million_settlement_over/;2022-09-06 17:48:00+00:00;False;Juul agrees to pay $438.5 million settlement over marketing to teens;&#32; submitted by &#32; <a href="https://www.reddit.com/user/BIG-BAD-BEETLEBORG"> /u/BIG-BAD-BEETLEBORG </a> <br /> <span><a href="https://abcnews.go.com/Business/juul-agrees-pay-4385-million-settlement-marketing-youth/story?id=89410481">[link]</a></span> &#32; <span><a href="https://www.reddit.com/r/news/comments/x7gxo2/juul_agrees_to_pay_4385_million_settlement_over/">[comments]</a></span>
http://www.reddit.com/r/news/.rss;https://www.reddit.com/r/news/comments/x7ffud/california_fastfood_workers_could_see_their_wages/;2022-09-06 16:48:57+00:00;False;California fast-food workers could see their wages reach $22 an hour next year;&#32; submitted by &#32; <a href="https://www.reddit.com/user/XIIXOO"> /u/XIIXOO </a> <br /> <span><a href="https://www.cbsnews.com/news/california-fast-food-workers-gavin-newsom-minimum-wage-ab-257/">[link]</a></span> &#32; <span><a href="https://www.reddit.com/r/news/comments/x7ffud/california_fastfood_workers_could_see_their_wages/">[comments]</a></span>
http://www.reddit.com/r/news/.rss;https://www.reddit.com/r/news/comments/x7eayt/uvalde_children_return_to_school_after_21/;2022-09-06 16:02:26+00:00;False;Uvalde children return to school after 21 students and teachers were slaughtered. But some kids refuse to go back to classrooms;&#32; submitted by &#32; <a href="https://www.reddit.com/user/SovietSunrise"> /u/SovietSunrise </a> <br /> <span><a href="https://www.cnn.com/2022/09/06/us/uvalde-back-to-school/index.html">[link]</a></span> &#32; <span><a href="https://www.reddit.com/r/news/comments/x7eayt/uvalde_children_return_to_school_after_21/">[comments]</a></span>
http://www.reddit.com/r/news/.rss;https://www.reddit.com/r/news/comments/x7e417/new_mexico_bars_commissioner_from_office_for/;2022-09-06 15:54:47+00:00;False;New Mexico bars commissioner from office for insurrection;&#32; submitted by &#32; <a href="https://www.reddit.com/user/Hrekires"> /u/Hrekires </a> <br /> <span><a href="https://www.kaaltv.com/news/us-world-news/new-mexico-bars-commissioner-from-office-for-insurrection/">[link]</a></span> &#32; <span><a href="https://www.reddit.com/r/news/comments/x7e417/new_mexico_bars_commissioner_from_office_for/">[comments]</a></span>
http://www.reddit.com/r/news/.rss;https://www.reddit.com/r/news/comments/x7dp2j/parents_indicted_for_raping_their_daughter_for_13/;2022-09-06 15:37:45+00:00;False;Parents indicted for raping their daughter for 13 years;&#32; submitted by &#32; <a href="https://www.reddit.com/user/truscottwc"> /u/truscottwc </a> <br /> <span><a href="https://m.jpost.com/israel-news/article-716435">[link]</a></span> &#32; <span><a href="https://www.reddit.com/r/news/comments/x7dp2j/parents_indicted_for_raping_their_daughter_for_13/">[comments]</a></span>
http://www.reddit.com/r/news/.rss;https://www.reddit.com/r/news/comments/x7d21e/bed_bath_beyond_shares_are_down_sharply_after_cfo/;2022-09-06 15:11:30+00:00;False;Bed Bath & Beyond shares are down sharply after CFO jumps to his death;&#32; submitted by &#32; <a href="https://www.reddit.com/user/SeantheProGamer"> /u/SeantheProGamer </a> <br /> <span><a href="https://www.cnn.com/2022/09/06/business/bed-bath-and-beyond-stock/index.html">[link]</a></span> &#32; <span><a href="https://www.reddit.com/r/news/comments/x7d21e/bed_bath_beyond_shares_are_down_sharply_after_cfo/">[comments]</a></span>
http://www.reddit.com/r/news/.rss;https://www.reddit.com/r/news/comments/x7bk0y/ukraine_ben_stiller_and_sean_penn_latest/;2022-09-06 14:08:17+00:00;False;Ukraine: Ben Stiller and Sean Penn latest Americans banned from Russia;&#32; submitted by &#32; <a href="https://www.reddit.com/user/linguist96"> /u/linguist96 </a> <br /> <span><a href="https://www.bbc.com/news/world-europe-62806655">[link]</a></span> &#32; <span><a href="https://www.reddit.com/r/news/comments/x7bk0y/ukraine_ben_stiller_and_sean_penn_latest/">[comments]</a></span>
http://www.reddit.com/r/news/.rss;https://www.reddit.com/r/news/comments/x7baox/memphis_police_confirm_body_found_monday_night_is/;2022-09-06 13:57:13+00:00;False;Memphis Police confirm body found Monday night is Eliza Fletcher;&#32; submitted by &#32; <a href="https://www.reddit.com/user/pandas795"> /u/pandas795 </a> <br /> <span><a href="https://www.fox13memphis.com/news/local/memphis-police-confirm-body-found-tuesday-is-eliza-fletcher/IZCGT5PUVJC2FJRG2ER54QYPKQ/">[link]</a></span> &#32; <span><a href="https://www.reddit.com/r/news/comments/x7baox/memphis_police_confirm_body_found_monday_night_is/">[comments]</a></span>
http://www.reddit.com/r/news/.rss;https://www.reddit.com/r/news/comments/x7b17s/moscow_doubles_down_on_energy_supply_warning_and/;2022-09-06 13:45:22+00:00;False;Moscow doubles down on energy supply warning and extortion;&#32; submitted by &#32; <a href="https://www.reddit.com/user/truscottwc"> /u/truscottwc </a> <br /> <span><a href="https://www.cnbc.com/2022/09/06/russia-ukraine-live-updates.html">[link]</a></span> &#32; <span><a href="https://www.reddit.com/r/news/comments/x7b17s/moscow_doubles_down_on_energy_supply_warning_and/">[comments]</a></span>
http://www.reddit.com/r/news/.rss;https://www.reddit.com/r/news/comments/x7aurp/online_legal_defense_fund_for_teen_murder_suspect/;2022-09-06 13:37:12+00:00;False;Online legal defense fund for teen murder suspect shut down;&#32; submitted by &#32; <a href="https://www.reddit.com/user/Jaklcide"> /u/Jaklcide </a> <br /> <span><a href="https://www.kiro7.com/news/local/online-legal-defense-fund-teen-murder-suspect-shut-down/A4ZKOS6F2FAIPMIGP3KKBU3QSM/">[link]</a></span> &#32; <span><a href="https://www.reddit.com/r/news/comments/x7aurp/online_legal_defense_fund_for_teen_murder_suspect/">[comments]</a></span>
http://www.reddit.com/r/news/.rss;https://www.reddit.com/r/news/comments/x7aq8q/woman_abducted_at_knifepoint_jumps_out_of_moving/;2022-09-06 13:31:27+00:00;False;Woman abducted at knifepoint jumps out of moving car to escape man she stopped to help, police say;&#32; submitted by &#32; <a href="https://www.reddit.com/user/BIG-BAD-BEETLEBORG"> /u/BIG-BAD-BEETLEBORG </a> <br /> <span><a href="https://abcnews.go.com/US/woman-abducted-knifepoint-jumps-moving-car-escape-man/story?id=89392820">[link]</a></span> &#32; <span><a href="https://www.reddit.com/r/news/comments/x7aq8q/woman_abducted_at_knifepoint_jumps_out_of_moving/">[comments]</a></span>
http://www.reddit.com/r/news/.rss;https://www.reddit.com/r/news/comments/x7aejq/brazil_orders_apple_to_suspend_iphone_sales/;2022-09-06 13:16:48+00:00;False;Brazil orders Apple to suspend iPhone sales without charger;&#32; submitted by &#32; <a href="https://www.reddit.com/user/Hrekires"> /u/Hrekires </a> <br /> <span><a href="https://www.reuters.com/technology/brazil-orders-apple-suspend-iphone-sales-without-charger-2022-09-06/?taid=63174589a627690001c58f75&amp;utm_campaign=trueAnthem:+Trending+Content&amp;utm_medium=trueAnthem&amp;utm_source=twitter">[link]</a></span> &#32; <span><a href="https://www.reddit.com/r/news/comments/x7aejq/brazil_orders_apple_to_suspend_iphone_sales/">[comments]</a></span>
http://www.reddit.com/r/news/.rss;https://www.reddit.com/r/news/comments/x7a6zi/amazon_took_all_us_solar_rooftops_offline_last/;2022-09-06 13:07:23+00:00;False;Amazon took all U.S. solar rooftops offline last year after flurry of fires, electrical explosions;&#32; submitted by &#32; <a href="https://www.reddit.com/user/XIIXOO"> /u/XIIXOO </a> <br /> <span><a href="https://www.cnbc.com/2022/09/01/amazon-took-solar-rooftops-offline-last-year-after-fires-explosions.html">[link]</a></span> &#32; <span><a href="https://www.reddit.com/r/news/comments/x7a6zi/amazon_took_all_us_solar_rooftops_offline_last/">[comments]</a></span>
http://www.reddit.com/r/news/.rss;https://www.reddit.com/r/news/comments/x7a2vm/newly_obtained_surveillance_video_shows_fake/;2022-09-06 13:02:24+00:00;False;Newly obtained surveillance video shows fake Trump elector escorted operatives into Georgia county's elections office before voting machine breach;&#32; submitted by &#32; <a href="https://www.reddit.com/user/Hrekires"> /u/Hrekires </a> <br /> <span><a href="https://www.cnn.com/2022/09/06/politics/surveillance-video-voting-machine-breach-coffee-county-georgia/index.html">[link]</a></span> &#32; <span><a href="https://www.reddit.com/r/news/comments/x7a2vm/newly_obtained_surveillance_video_shows_fake/">[comments]</a></span>
http://www.reddit.com/r/news/.rss;https://www.reddit.com/r/news/comments/x79yhg/us_farmers_face_plague_of_pests_as_global_heating/;2022-09-06 12:57:24+00:00;False;US farmers face plague of pests as global heating raises soil temperatures;&#32; submitted by &#32; <a href="https://www.reddit.com/user/datamigrationdata"> /u/datamigrationdata </a> <br /> <span><a href="https://www.theguardian.com/environment/2022/sep/06/us-farmers-face-plague-of-pests-as-global-heating-raises-soil-temperatures">[link]</a></span> &#32; <span><a href="https://www.reddit.com/r/news/comments/x79yhg/us_farmers_face_plague_of_pests_as_global_heating/">[comments]</a></span>
http://www.reddit.com/r/news/.rss;https://www.reddit.com/r/news/comments/x798md/pregnant_black_activist_serving_4_years_for/;2022-09-06 12:23:53+00:00;False;Pregnant Black activist serving 4 years for protest comments;&#32; submitted by &#32; <a href="https://www.reddit.com/user/Adorable-Ganache6561"> /u/Adorable-Ganache6561 </a> <br /> <span><a href="https://apnews.com/article/us-news-cc8a16ddccf2e811f48b1bd11cd8bbfa">[link]</a></span> &#32; <span><a href="https://www.reddit.com/r/news/comments/x798md/pregnant_black_activist_serving_4_years_for/">[comments]</a></span>
http://www.reddit.com/r/news/.rss;https://www.reddit.com/r/news/comments/x78m9r/period_dignity_officer_role_scrapped_after_abuse/;2022-09-06 11:54:01+00:00;False;Period dignity officer role scrapped after abuse over man's appointment;&#32; submitted by &#32; <a href="https://www.reddit.com/user/Anony_mouse202"> /u/Anony_mouse202 </a> <br /> <span><a href="https://www.bbc.co.uk/news/uk-scotland-tayside-central-62807683">[link]</a></span> &#32; <span><a href="https://www.reddit.com/r/news/comments/x78m9r/period_dignity_officer_role_scrapped_after_abuse/">[comments]</a></span>
http://www.reddit.com/r/news/.rss;https://www.reddit.com/r/news/comments/x77sym/russia_reaps_158_billion_euros_from_energy/;2022-09-06 11:10:40+00:00;False;Russia reaps 158 billion euros from energy exports, despite sanctions;&#32; submitted by &#32; <a href="https://www.reddit.com/user/lazyady"> /u/lazyady </a> <br /> <span><a href="https://www.rfi.fr/en/international/20220906-russia-reaps-158-billion-euros-from-energy-exports-despite-sanctions">[link]</a></span> &#32; <span><a href="https://www.reddit.com/r/news/comments/x77sym/russia_reaps_158_billion_euros_from_energy/">[comments]</a></span>
http://www.reddit.com/r/news/.rss;https://www.reddit.com/r/news/comments/x7754x/us_russia_to_buy_rockets_artillery_shells_from/;2022-09-06 10:33:35+00:00;False;US: Russia to buy rockets, artillery shells from North Korea;&#32; submitted by &#32; <a href="https://www.reddit.com/user/Financial-Ground-942"> /u/Financial-Ground-942 </a> <br /> <span><a href="https://apnews.com/article/russia-ukraine-north-korea-government-and-politics-495e976d1217d38c397a16e79cc305de">[link]</a></span> &#32; <span><a href="https://www.reddit.com/r/news/comments/x7754x/us_russia_to_buy_rockets_artillery_shells_from/">[comments]</a></span>
http://www.reddit.com/r/news/.rss;https://www.reddit.com/r/news/comments/x75hnr/55yearold_florida_man_charged_with_stalking/;2022-09-06 08:54:34+00:00;False;55-year-old Florida man charged with stalking 6-year-old girl;&#32; submitted by &#32; <a href="https://www.reddit.com/user/randy88moss"> /u/randy88moss </a> <br /> <span><a href="https://weartv.com/news/local/55-year-old-florida-man-charged-with-stalking-6-year-old-girl">[link]</a></span> &#32; <span><a href="https://www.reddit.com/r/news/comments/x75hnr/55yearold_florida_man_charged_with_stalking/">[comments]</a></span>
http://www.reddit.com/r/news/.rss;https://www.reddit.com/r/news/comments/x73mw0/earthquake_death_toll_rises_to_65_in_sichuan/;2022-09-06 06:58:42+00:00;False;Earthquake death toll rises to 65 in Sichuan, China as aftershocks rattle province;&#32; submitted by &#32; <a href="https://www.reddit.com/user/rs36897"> /u/rs36897 </a> <br /> <span><a href="https://www.cnn.com/2022/09/05/china/china-earthquake-sichuan-intl-hnk/index.html">[link]</a></span> &#32; <span><a href="https://www.reddit.com/r/news/comments/x73mw0/earthquake_death_toll_rises_to_65_in_sichuan/">[comments]</a></span>
http://www.reddit.com/r/news/.rss;https://www.reddit.com/r/news/comments/x71fcv/apple_is_gaining_on_facebook_and_google_in_online/;2022-09-06 04:51:27+00:00;True;Apple is gaining on Facebook and Google in online ads after iOS privacy change, report shows;&#32; submitted by &#32; <a href="https://www.reddit.com/user/WickedSensitiveCrew"> /u/WickedSensitiveCrew </a> <br /> <span><a href="https://www.cnbc.com/2022/09/06/apple-is-gaining-on-facebook-and-google-in-online-ads-after-ios-change.html">[link]</a></span> &#32; <span><a href="https://www.reddit.com/r/news/comments/x71fcv/apple_is_gaining_on_facebook_and_google_in_online/">[comments]</a></span>
http://www.reddit.com/r/news/.rss;https://www.reddit.com/r/news/comments/x70cc4/tiger_mum_arrested_after_poisoning_childs/;2022-09-06 03:55:12+00:00;False;Tiger mum arrested after ‘poisoning child’s classroom rival’ in India;&#32; submitted by &#32; <a href="https://www.reddit.com/user/terminalxposure"> /u/terminalxposure </a> <br /> <span><a href="https://www.independent.co.uk/asia/india/puducherry-mother-child-rival-poisoning-b2159918.html">[link]</a></span> &#32; <span><a href="https://www.reddit.com/r/news/comments/x70cc4/tiger_mum_arrested_after_poisoning_childs/">[comments]</a></span>
http://www.reddit.com/r/news/.rss;https://www.reddit.com/r/news/comments/x6z16f/honda_forms_partnership_to_secure_supply_of/;2022-09-06 02:50:51+00:00;False;Honda forms partnership to secure supply of battery metals;&#32; submitted by &#32; <a href="https://www.reddit.com/user/kas435red"> /u/kas435red </a> <br /> <span><a href="https://www.reuters.com/business/autos-transportation/honda-forms-partnership-stable-supply-battery-metals-2022-09-06/">[link]</a></span> &#32; <span><a href="https://www.reddit.com/r/news/comments/x6z16f/honda_forms_partnership_to_secure_supply_of/">[comments]</a></span>
http://www.reddit.com/r/news/.rss;https://www.reddit.com/r/news/comments/x6ylem/taiwanese_troops_shoot_down_drone_over_island/;2022-09-06 02:30:00+00:00;False;Taiwanese troops shoot down drone over island outpost;&#32; submitted by &#32; <a href="https://www.reddit.com/user/SilverMedalss"> /u/SilverMedalss </a> <br /> <span><a href="https://apnews.com/article/taiwan-technology-china-tsai-ing-wen-government-and-politics-8855fc440d9e100348fbe70ba98a70fd">[link]</a></span> &#32; <span><a href="https://www.reddit.com/r/news/comments/x6ylem/taiwanese_troops_shoot_down_drone_over_island/">[comments]</a></span>
http://www.reddit.com/r/news/.rss;https://www.reddit.com/r/news/comments/x6ybf6/memphis_police_find_unidentified_body_3_days/;2022-09-06 02:17:08+00:00;False;Memphis police find unidentified body 3 days after a teacher was violently abducted;&#32; submitted by &#32; <a href="https://www.reddit.com/user/Scoutster13"> /u/Scoutster13 </a> <br /> <span><a href="https://www.cnn.com/2022/09/05/us/memphis-teacher-missing-suspect-prior-kidnapping-charge/index.html">[link]</a></span> &#32; <span><a href="https://www.reddit.com/r/news/comments/x6ybf6/memphis_police_find_unidentified_body_3_days/">[comments]</a></span>
http://www.reddit.com/r/news/.rss;https://www.reddit.com/r/news/comments/x6vnye/77yearold_woman_hospitalized_after_being_bitten/;2022-09-06 00:13:42+00:00;False;77-year-old woman hospitalized after being bitten by 7'10" alligator in gated community in Florida;&#32; submitted by &#32; <a href="https://www.reddit.com/user/BIG-BAD-BEETLEBORG"> /u/BIG-BAD-BEETLEBORG </a> <br /> <span><a href="https://www.cbsnews.com/news/77-year-old-woman-bitten-by-alligator-bradenton-florida-gated-community/">[link]</a></span> &#32; <span><a href="https://www.reddit.com/r/news/comments/x6vnye/77yearold_woman_hospitalized_after_being_bitten/">[comments]</a></span>
http://www.reddit.com/r/news/.rss;https://www.reddit.com/r/news/comments/x6vfqi/australian_teen_stripsearched_and_held_in_us_jail/;2022-09-06 00:02:59+00:00;False;Australian teen strip-searched and held in US jail for 10 days after being denied common visa waiver;&#32; submitted by &#32; <a href="https://www.reddit.com/user/ThisIsNotCorn"> /u/ThisIsNotCorn </a> <br /> <span><a href="https://www.theguardian.com/us-news/2022/sep/05/australian-teen-strip-searched-and-held-in-us-jail-for-10-days-after-being-denied-common-visa-waiver?CMP=share_btn_tw">[link]</a></span> &#32; <span><a href="https://www.reddit.com/r/news/comments/x6vfqi/australian_teen_stripsearched_and_held_in_us_jail/">[comments]</a></span>