https://wydarzenia.interia.pl/feed;https://wydarzenia.interia.pl/kraj/news-mateusz-morawiecki-niejasnosci-miedzy-polska-a-czechami-znik,nId,6268958;2022-09-06 20:09:58+00:00;False;Mateusz Morawiecki: Niejasności między Polską a Czechami zniknęły;<p><a href="https://wydarzenia.interia.pl/kraj/news-mateusz-morawiecki-niejasnosci-miedzy-polska-a-czechami-znik,nId,6268958"><img align="left" alt="Mateusz Morawiecki: Niejasności między Polską a Czechami zniknęły" src="https://i.iplsc.com/mateusz-morawiecki-niejasnosci-miedzy-polska-a-czechami-znik/000G1A7Q7NOHCBKX-C321.jpg" /></a>Były pewne niejasności między naszymi krajami, ale wraz z objęciem teki premiera przez Petra Fialę one zniknęły - mówił w Karpaczu podczas debaty z premierem Czech p
https://wydarzenia.interia.pl/feed;https://wydarzenia.interia.pl/zagranica/news-indie-samosad-na-56-letniej-kobiecie-uznano-ja-za-czarownice,nId,6268946;2022-09-06 19:58:33+00:00;False;Indie: Samosąd na 56-letniej kobiecie. Uznano ją za czarownicę;<p><a href="https://wydarzenia.interia.pl/zagranica/news-indie-samosad-na-56-letniej-kobiecie-uznano-ja-za-czarownice,nId,6268946"><img align="left" alt="Indie: Samosąd na 56-letniej kobiecie. Uznano ją za czarownicę " src="https://i.iplsc.com/indie-samosad-na-56-letniej-kobiecie-uznano-ja-za-czarownice/000G1A3Z9WTGPBDY-C321.jpg" /></a>56-letnia kobieta została zamordowana po tym, gdy grupa mieszkańców w indyjskim stanie Andhra Pradesh posądziła ją o uprawianie czarów i tym samym o przyczynienie
https://wydarzenia.interia.pl/feed;https://wydarzenia.interia.pl/kraj/news-olaf-scholz-odrzuca-polskie-zadania-w-sprawie-reparacji,nId,6268950;2022-09-06 19:38:00+00:00;False;Olaf Scholz odrzuca polskie żądania w sprawie reparacji;<p><a href="https://wydarzenia.interia.pl/kraj/news-olaf-scholz-odrzuca-polskie-zadania-w-sprawie-reparacji,nId,6268950"><img align="left" alt="Olaf Scholz odrzuca polskie żądania w sprawie reparacji" src="https://i.iplsc.com/olaf-scholz-odrzuca-polskie-zadania-w-sprawie-reparacji/000G1A5DOBHH1PJJ-C321.jpg" /></a>Kanclerz Niemiec Olaf Scholz odrzuca polskie żądania w sprawie reperacji, podkreślając, że kwestia ta została ostatecznie rozstrzygnięta - wynika z wywiadu, który ma się ukazać w środę 
https://wydarzenia.interia.pl/feed;https://wydarzenia.interia.pl/zagranica/news-hiszpania-62-latek-doprowadzil-do-samobojstwa-nastolatka-usl,nId,6268926;2022-09-06 19:35:00+00:00;False;Hiszpania: 62-latek doprowadził do samobójstwa nastolatka. Usłyszał wyrok;<p><a href="https://wydarzenia.interia.pl/zagranica/news-hiszpania-62-latek-doprowadzil-do-samobojstwa-nastolatka-usl,nId,6268926"><img align="left" alt="Hiszpania: 62-latek doprowadził do samobójstwa nastolatka. Usłyszał wyrok" src="https://i.iplsc.com/hiszpania-62-latek-doprowadzil-do-samobojstwa-nastolatka-usl/000G1A3VSJEDM4MT-C321.jpg" /></a>62-letni obywatel Hiszpanii został skazany na 10 lat pozbawienia wolności w związku z doprowadzeniem do samobójstwa nieletniej osoby poznanej w sieci. S
https://wydarzenia.interia.pl/feed;https://wydarzenia.interia.pl/malopolskie/news-krakow-27-latek-zabity-przez-meza-swej-konkubiny-parze-grozi,nId,6268909;2022-09-06 18:39:15+00:00;False;Kraków: 27-latek zabity przez męża swej konkubiny. Parze grozi dożywocie;<p><a href="https://wydarzenia.interia.pl/malopolskie/news-krakow-27-latek-zabity-przez-meza-swej-konkubiny-parze-grozi,nId,6268909"><img align="left" alt="Kraków: 27-latek zabity przez męża swej konkubiny. Parze grozi dożywocie" src="https://i.iplsc.com/krakow-27-latek-zabity-przez-meza-swej-konkubiny-parze-grozi/000G19T82OAFA61K-C321.jpg" /></a>Zabójstwo mężczyzny, którego zwłoki w niedzielę znalazł przechodzień w rejonie torów przy ul. Chełmońskiego, było zaplanowane. Z informacji przekazanyc
https://wydarzenia.interia.pl/feed;https://wydarzenia.interia.pl/lubelskie/news-pracownicy-teatru-otrzymali-premie-teraz-musza-je-zwrocic,nId,6268899;2022-09-06 18:28:25+00:00;False;Pracownicy teatru otrzymali premie. Teraz muszą je zwrócić;<p><a href="https://wydarzenia.interia.pl/lubelskie/news-pracownicy-teatru-otrzymali-premie-teraz-musza-je-zwrocic,nId,6268899"><img align="left" alt="Pracownicy teatru otrzymali premie. Teraz muszą je zwrócić " src="https://i.iplsc.com/pracownicy-teatru-otrzymali-premie-teraz-musza-je-zwrocic/000G19K0LE94TTMO-C321.jpg" /></a>Pracownicy Teatru im. Juliusza Osterwy w Lublinie muszą oddać część wynagrodzeń, które otrzymali na początku roku od dyrektora Redbada Klynstry-Komarnickiego. Łącznie chodz
https://wydarzenia.interia.pl/feed;https://wydarzenia.interia.pl/raporty/raport-ukraina-rosja/aktualnosci/news-prorosyjski-komendant-berdianska-nie-zyje-zostal-ranny-w-eks,nId,6268894;2022-09-06 18:15:51+00:00;False;Prorosyjski komendant Berdiańska nie żyje. Został ranny w eksplozji samochodu;<p><a href="https://wydarzenia.interia.pl/raporty/raport-ukraina-rosja/aktualnosci/news-prorosyjski-komendant-berdianska-nie-zyje-zostal-ranny-w-eks,nId,6268894"><img align="left" alt="Prorosyjski komendant Berdiańska nie żyje. Został ranny w eksplozji samochodu" src="https://i.iplsc.com/prorosyjski-komendant-berdianska-nie-zyje-zostal-ranny-w-eks/000G19QLBRTTQ93N-C321.jpg" /></a>Zmarł komendant rosyjskich władz okupacyjnych Berdiańska - poinformowały ukraińskie media. Mężczyzna został ranny wsk
https://wydarzenia.interia.pl/feed;https://wydarzenia.interia.pl/zagranica/news-lukaszenka-chce-zmian-w-ustawie-o-obywatelstwie-w-grze-takze,nId,6268880;2022-09-06 17:50:24+00:00;False;Łukaszenka chce zmian w ustawie o obywatelstwie. W grze także Karta Polaka;<p><a href="https://wydarzenia.interia.pl/zagranica/news-lukaszenka-chce-zmian-w-ustawie-o-obywatelstwie-w-grze-takze,nId,6268880"><img align="left" alt="Łukaszenka chce zmian w ustawie o obywatelstwie. W grze także Karta Polaka" src="https://i.iplsc.com/lukaszenka-chce-zmian-w-ustawie-o-obywatelstwie-w-grze-takze/000CTOHJT8NM61M5-C321.jpg" /></a>Władze Białorusi chcą pozbawić obywatelstwa osoby, które wyjechały za granicę i zostały skazane za &quot;ekstremizm&quot;. Wśród proponowanych zmian zn
https://wydarzenia.interia.pl/feed;https://wydarzenia.interia.pl/zagranica/news-usa-eliza-fletcher-nie-zyje-policja-odnalazla-cialo-wnuczki-,nId,6268871;2022-09-06 17:32:56+00:00;False;USA: Eliza Fletcher nie żyje. Policja odnalazła ciało wnuczki miliardera;<p><a href="https://wydarzenia.interia.pl/zagranica/news-usa-eliza-fletcher-nie-zyje-policja-odnalazla-cialo-wnuczki-,nId,6268871"><img align="left" alt="USA: Eliza Fletcher nie żyje. Policja odnalazła ciało wnuczki miliardera" src="https://i.iplsc.com/usa-eliza-fletcher-nie-zyje-policja-odnalazla-cialo-wnuczki/000G19H11OAGEO83-C321.jpg" /></a>Policja z Memphis poinformowała, że odnalazła ciało 34-letniej Elizy Fletcher. Nauczycielka i dziedziczka fortuny miliardera Josepha Orgilla III była posz
https://wydarzenia.interia.pl/feed;https://wydarzenia.interia.pl/kraj/news-smierc-30-letniej-izabeli-z-pszczyny-lekarze-uslyszeli-zarzu,nId,6268847;2022-09-06 16:53:08+00:00;False;Śmierć 30-letniej Izabeli z Pszczyny. Lekarze usłyszeli zarzuty;<p><a href="https://wydarzenia.interia.pl/kraj/news-smierc-30-letniej-izabeli-z-pszczyny-lekarze-uslyszeli-zarzu,nId,6268847"><img align="left" alt="Śmierć 30-letniej Izabeli z Pszczyny. Lekarze usłyszeli zarzuty" src="https://i.iplsc.com/smierc-30-letniej-izabeli-z-pszczyny-lekarze-uslyszeli-zarzu/000DU20256HXAL75-C321.jpg" /></a>Dwaj lekarze usłyszeli zarzuty w związku ze śmiercią 30-letniej Izabeli z Pszczyny - poinformowała rzeczniczka Prokuratury Regionalnej w Katowicach Agnieszka Wichary. 
https://wydarzenia.interia.pl/feed;https://wydarzenia.interia.pl/raporty/raport-ukraina-rosja/aktualnosci/news-wojna-w-ukrainie-kolejne-straty-rosjan-polegli-trzej-wazni-w,nId,6268680;2022-09-06 16:39:00+00:00;False;Wojna w Ukrainie. Kolejne straty Rosjan. Polegli trzej ważni wojskowi;<p><a href="https://wydarzenia.interia.pl/raporty/raport-ukraina-rosja/aktualnosci/news-wojna-w-ukrainie-kolejne-straty-rosjan-polegli-trzej-wazni-w,nId,6268680"><img align="left" alt="Wojna w Ukrainie. Kolejne straty Rosjan. Polegli trzej ważni wojskowi" src="https://i.iplsc.com/wojna-w-ukrainie-kolejne-straty-rosjan-polegli-trzej-wazni-w/000G193EGP82KPVB-C321.jpg" /></a>Major Herman Judin, oficer Igor Jarmanow oraz kapitan Lidzijew Mingijan - to nazwiska kolejnych ważnych rosyjskich żołnierzy,
https://wydarzenia.interia.pl/feed;https://wydarzenia.interia.pl/kraj/news-reparacje-wojenne-od-niemiec-terlecki-sprawa-pojawi-sie-na-n,nId,6268833;2022-09-06 16:30:15+00:00;False;Reparacje wojenne od Niemiec. Terlecki: Sprawa pojawi się na najbliższym posiedzeniu Sejmu;<p><a href="https://wydarzenia.interia.pl/kraj/news-reparacje-wojenne-od-niemiec-terlecki-sprawa-pojawi-sie-na-n,nId,6268833"><img align="left" alt="Reparacje wojenne od Niemiec. Terlecki: Sprawa pojawi się na najbliższym posiedzeniu Sejmu " src="https://i.iplsc.com/reparacje-wojenne-od-niemiec-terlecki-sprawa-pojawi-sie-na-n/000G198XXMAKY61L-C321.jpg" /></a>- Sprawa reparacji wojennych od Niemiec będzie obecna na najbliższym posiedzeniu Sejmu, m.in. jeśli chodzi o dalsze działania - zapowiedzia
https://wydarzenia.interia.pl/feed;https://wydarzenia.interia.pl/raporty/raport-ukraina-rosja/aktualnosci/news-prezent-dla-putina-z-pragi-czesi-zbieraja-na-czolg-dla-ukrai,nId,6268825;2022-09-06 16:12:03+00:00;False;"Prezent dla Putina" z Pragi. Czesi zbierają na czołg dla Ukrainy;<p><a href="https://wydarzenia.interia.pl/raporty/raport-ukraina-rosja/aktualnosci/news-prezent-dla-putina-z-pragi-czesi-zbieraja-na-czolg-dla-ukrai,nId,6268825"><img align="left" alt="&quot;Prezent dla Putina&quot; z Pragi. Czesi zbierają na czołg dla Ukrainy" src="https://i.iplsc.com/prezent-dla-putina-z-pragi-czesi-zbieraja-na-czolg-dla-ukrai/000G196MOXOLXY2B-C321.jpg" /></a>&quot;Prezent dla Putina&quot; to najnowsza kampania czeskiej zbiórki pieniędzy na zakup zmodernizowanego czołgu T-72 A
https://wydarzenia.interia.pl/feed;https://wydarzenia.interia.pl/dolnoslaskie/news-protest-podczas-wizyty-czarnka-minister-mowil-o-teczowej-mlo,nId,6268679;2022-09-06 15:58:44+00:00;False;Protest podczas wizyty Czarnka. Minister mówił o "tęczowej młodzieży";<p><a href="https://wydarzenia.interia.pl/dolnoslaskie/news-protest-podczas-wizyty-czarnka-minister-mowil-o-teczowej-mlo,nId,6268679"><img align="left" alt="Protest podczas wizyty Czarnka. Minister mówił o &quot;tęczowej młodzieży&quot;" src="https://i.iplsc.com/protest-podczas-wizyty-czarnka-minister-mowil-o-teczowej-mlo/000G19DP5W63V9MC-C321.jpg" /></a>Minister edukacji i nauki Przemysław Czarnek wraz z ministrem zdrowia Adamem Niedzielskim odwiedzili jedną ze szkół w woj. dolnośląskim. Przed 
https://wydarzenia.interia.pl/feed;https://wydarzenia.interia.pl/kraj/news-nadchodzi-diametralna-zmiana-pogody-cyklon-peggy-zmierza-w-k,nId,6268647;2022-09-06 15:40:40+00:00;False;Nadchodzi diametralna zmiana pogody. Cyklon Peggy zmierza w kierunku Polski;<p><a href="https://wydarzenia.interia.pl/kraj/news-nadchodzi-diametralna-zmiana-pogody-cyklon-peggy-zmierza-w-k,nId,6268647"><img align="left" alt="Nadchodzi diametralna zmiana pogody. Cyklon Peggy zmierza w kierunku Polski" src="https://i.iplsc.com/nadchodzi-diametralna-zmiana-pogody-cyklon-peggy-zmierza-w-k/000G18UK3U3TW4UY-C321.jpg" /></a>Ulewne deszcze, burze i porywisty wiatr - to skutki cyklonu Peggy, który obecnie znajduje się nad Wyspami Brytyjskimi. Niebawem front zacznie zmierzać na w
https://wydarzenia.interia.pl/feed;https://wydarzenia.interia.pl/zagranica/news-josep-borrell-mial-nazwac-rosje-faszystowskim-rezimem-kreml-,nId,6268627;2022-09-06 15:25:39+00:00;False;Josep Borrell miał nazwać Rosję "faszystowskim reżimem". Kreml reaguje;<p><a href="https://wydarzenia.interia.pl/zagranica/news-josep-borrell-mial-nazwac-rosje-faszystowskim-rezimem-kreml-,nId,6268627"><img align="left" alt="Josep Borrell miał nazwać Rosję &quot;faszystowskim reżimem&quot;. Kreml reaguje" src="https://i.iplsc.com/josep-borrell-mial-nazwac-rosje-faszystowskim-rezimem-kreml/000G18PKCJPYOILG-C321.jpg" /></a>Kreml z oburzeniem przyjął słowa wysokiego przedstawiciela Unii Europejskiej ds. zagranicznych Josepa Borrella, który miał nazwać Rosję &quot;fasz
https://wydarzenia.interia.pl/feed;https://wydarzenia.interia.pl/mazowieckie/news-warszawa-zabojstwo-miesiecznej-dziewczynki-matka-przyznala-s,nId,6268596;2022-09-06 15:01:00+00:00;False;Warszawa: Zabójstwo miesięcznej dziewczynki. Matka przyznała się do winy;<p><a href="https://wydarzenia.interia.pl/mazowieckie/news-warszawa-zabojstwo-miesiecznej-dziewczynki-matka-przyznala-s,nId,6268596"><img align="left" alt="Warszawa: Zabójstwo miesięcznej dziewczynki. Matka przyznała się do winy" src="https://i.iplsc.com/warszawa-zabojstwo-miesiecznej-dziewczynki-matka-przyznala-s/000G18O70QRLPSW6-C321.jpg" /></a>32-letnia Magdalena D.-M. usłyszała zarzut zabójstwa miesięcznej córeczki oraz usiłowania zabójstwa dwóch synów. Z informacji przekazanych przez prokur
https://wydarzenia.interia.pl/feed;https://wydarzenia.interia.pl/kraj/news-politycy-po-rezygnuja-z-senatu-wsrod-nich-m-in-zdrojewski-i-,nId,6268484;2022-09-06 14:51:45+00:00;False;Politycy PO rezygnują z Senatu. Wśród nich m.in. Zdrojewski i Fedorowicz;<p><a href="https://wydarzenia.interia.pl/kraj/news-politycy-po-rezygnuja-z-senatu-wsrod-nich-m-in-zdrojewski-i-,nId,6268484"><img align="left" alt="Politycy PO rezygnują z Senatu. Wśród nich m.in. Zdrojewski i Fedorowicz" src="https://i.iplsc.com/politycy-po-rezygnuja-z-senatu-wsrod-nich-m-in-zdrojewski-i/000G176MF6KD5NT6-C321.jpg" /></a>Jak ustaliła Interia, są już pierwsi senatorowie PO, którzy zdecydowali o rezygnacji z kolejnych wyborów do izby wyższej parlamentu. Na emeryturę przechodzi An
https://wydarzenia.interia.pl/feed;https://wydarzenia.interia.pl/malopolskie/news-prezydent-tarnowa-dostalem-list-od-grupy-azoty-jestem-rozcza,nId,6268570;2022-09-06 14:30:01+00:00;False;Prezydent Tarnowa: Dostałem list od Grupy Azoty. Jestem rozczarowany;<p><a href="https://wydarzenia.interia.pl/malopolskie/news-prezydent-tarnowa-dostalem-list-od-grupy-azoty-jestem-rozcza,nId,6268570"><img align="left" alt="Prezydent Tarnowa: Dostałem list od Grupy Azoty. Jestem rozczarowany" src="https://i.iplsc.com/prezydent-tarnowa-dostalem-list-od-grupy-azoty-jestem-rozcza/000G17Z777FH8NL2-C321.jpg" /></a>&quot;Długotrwałe wstrzymanie produkcji nawozów i chemikaliów może mieć daleko idące konsekwencje dla wielu branż, a nawet dla całej polskiej gospodarki&qu
https://wydarzenia.interia.pl/feed;https://wydarzenia.interia.pl/zagranica/news-wlochy-rzad-przedstawia-plan-ciec-energetycznych-to-odpowied,nId,6268589;2022-09-06 14:00:00+00:00;False;Włochy: Rząd przedstawia plan cięć energetycznych. To odpowiedź na kryzys;<p><a href="https://wydarzenia.interia.pl/zagranica/news-wlochy-rzad-przedstawia-plan-ciec-energetycznych-to-odpowied,nId,6268589"><img align="left" alt="Włochy: Rząd przedstawia plan cięć energetycznych. To odpowiedź na kryzys" src="https://i.iplsc.com/wlochy-rzad-przedstawia-plan-ciec-energetycznych-to-odpowied/000EYT3AQCHFMXR2-C321.jpg" /></a>Skrócenie sezonu grzewczego we Włoszech o 15 dni, dzienna redukcja czasu włączenia kaloryferów o godzinę i obniżenie temperatury w pomieszczeniach - to 
https://wydarzenia.interia.pl/feed;https://wydarzenia.interia.pl/kraj/news-czechy-wydaly-polsce-sprawce-brutalnego-pobicia-w-wisle,nId,6268581;2022-09-06 13:46:11+00:00;False;Czechy wydały Polsce sprawcę brutalnego pobicia w Wiśle;<p><a href="https://wydarzenia.interia.pl/kraj/news-czechy-wydaly-polsce-sprawce-brutalnego-pobicia-w-wisle,nId,6268581"><img align="left" alt="Czechy wydały Polsce sprawcę brutalnego pobicia w Wiśle" src="https://i.iplsc.com/czechy-wydaly-polsce-sprawce-brutalnego-pobicia-w-wisle/000G17M46URCDU7E-C321.jpg" /></a>Strona czeska wydała Polsce podejrzanego o brutalne pobicie mieszkańca Wisły. Mężczyzna usłyszał już zarzut usiłowania zabójstwa i trafił do aresztu - poinformował prokurator rejonowy w
https://wydarzenia.interia.pl/feed;https://wydarzenia.interia.pl/raporty/raport-ukraina-rosja/aktualnosci/news-tak-wyglada-ruski-mir-rolnicy-wspierajacy-putina-mocno-sie-p,nId,6268494;2022-09-06 13:40:13+00:00;False;Tak wygląda "ruski mir". Rolnicy wspierający Putina mocno się przeliczyli;<p><a href="https://wydarzenia.interia.pl/raporty/raport-ukraina-rosja/aktualnosci/news-tak-wyglada-ruski-mir-rolnicy-wspierajacy-putina-mocno-sie-p,nId,6268494"><img align="left" alt="Tak wygląda &quot;ruski mir&quot;. Rolnicy wspierający Putina mocno się przeliczyli" src="https://i.iplsc.com/tak-wyglada-ruski-mir-rolnicy-wspierajacy-putina-mocno-sie-p/000G17KKVLGGYIMO-C321.jpg" /></a>Do sieci trafił list, w którym jeden z prorosyjskich rolników mieszkających w Chersoniu, skarży się dziennikarz
https://wydarzenia.interia.pl/feed;https://wydarzenia.interia.pl/zagranica/news-kolejne-spekulacje-na-temat-zdrowia-wladimira-putina-jest-wi,nId,6268496;2022-09-06 13:40:00+00:00;False;Kolejne spekulacje na temat zdrowia Władimira Putina. Jest wideo;<p><a href="https://wydarzenia.interia.pl/zagranica/news-kolejne-spekulacje-na-temat-zdrowia-wladimira-putina-jest-wi,nId,6268496"><img align="left" alt="Kolejne spekulacje na temat zdrowia Władimira Putina. Jest wideo" src="https://i.iplsc.com/kolejne-spekulacje-na-temat-zdrowia-wladimira-putina-jest-wi/000G17FVO5MRYK0B-C321.jpg" /></a>W Rosji trwają zakrojone na szeroką skalę manewry wojskowe z udziałem kilku państw sojuszniczych, w tym Chin. Ćwiczenia obserwował m.in. prezydent Rosji Władimir
https://wydarzenia.interia.pl/feed;https://wydarzenia.interia.pl/autor/magdalena-raducha/news-koszmar-studentow-wynajecie-pokoju-w-normalnej-cenie-granicz,nId,6268426;2022-09-06 13:36:07+00:00;False;Koszmar studentów. Wynajęcie pokoju w normalnej cenie graniczy z cudem;<p><a href="https://wydarzenia.interia.pl/autor/magdalena-raducha/news-koszmar-studentow-wynajecie-pokoju-w-normalnej-cenie-granicz,nId,6268426"><img align="left" alt="Koszmar studentów. Wynajęcie pokoju w normalnej cenie graniczy z cudem" src="https://i.iplsc.com/koszmar-studentow-wynajecie-pokoju-w-normalnej-cenie-granicz/000G17LFJC16TLL4-C321.jpg" /></a>1500 zł za pokój dla studenta w Warszawie. W rzeczywistości oferta dotyczy połowy pokoju o powierzchni kilku metrów kwadratowych, z połową ok
https://wydarzenia.interia.pl/feed;https://wydarzenia.interia.pl/autor/magdalena-raducha/news-w-mieszkaniach-powstaja-wagoniki-studenci-wynajmuja-by-zlapa,nId,6268426;2022-09-06 13:36:07+00:00;False;W mieszkaniach powstają "wagoniki". Studenci wynajmują, by złapać cokolwiek;<p><a href="https://wydarzenia.interia.pl/autor/magdalena-raducha/news-w-mieszkaniach-powstaja-wagoniki-studenci-wynajmuja-by-zlapa,nId,6268426"><img align="left" alt="W mieszkaniach powstają &quot;wagoniki&quot;. Studenci wynajmują, by złapać cokolwiek" src="https://i.iplsc.com/w-mieszkaniach-powstaja-wagoniki-studenci-wynajmuja-by-zlapa/000G17LFJC16TLL4-C321.jpg" /></a>1500 zł za pokój dla studenta w Warszawie. W rzeczywistości oferta dotyczy połowy pokoju o powierzchni kilku metrów kwadratowy
https://wydarzenia.interia.pl/feed;https://wydarzenia.interia.pl/zagranica/news-niemcy-protesty-przeciwko-wysokim-cenom-energii-nie-obylo-si,nId,6268493;2022-09-06 12:49:33+00:00;False;Niemcy: Protesty przeciwko wysokim cenom energii. Nie obyło się bez awantur;<p><a href="https://wydarzenia.interia.pl/zagranica/news-niemcy-protesty-przeciwko-wysokim-cenom-energii-nie-obylo-si,nId,6268493"><img align="left" alt="Niemcy: Protesty przeciwko wysokim cenom energii. Nie obyło się bez awantur" src="https://i.iplsc.com/niemcy-protesty-przeciwko-wysokim-cenom-energii-nie-obylo-si/000G177WU3U2QIDC-C321.jpg" /></a>W Lipsku odbyły się manifestacje przeciwko wysokim cenom energii. W protestach zorganizowanych przez środowiska lewicowe i prawicowe wzięło udział łąc
https://wydarzenia.interia.pl/feed;https://wydarzenia.interia.pl/kraj/news-polskie-uczelnie-w-miedzynarodowym-rankingu-to-cztery-polite,nId,6268518;2022-09-06 12:48:39+00:00;False;Polskie uczelnie w międzynarodowym rankingu. To cztery politechniki;<p><a href="https://wydarzenia.interia.pl/kraj/news-polskie-uczelnie-w-miedzynarodowym-rankingu-to-cztery-polite,nId,6268518"><img align="left" alt="Polskie uczelnie w międzynarodowym rankingu. To cztery politechniki" src="https://i.iplsc.com/polskie-uczelnie-w-miedzynarodowym-rankingu-to-cztery-polite/0003PQ5HQRQBDWGJ-C321.jpg" /></a>Cztery polskie uczelnie znalazły się w ogólnoświatowym rankingu uczelni prowadzących badania w zakresie inżynierii mechanicznej. To Politechnika Lubelska, Politech
https://wydarzenia.interia.pl/feed;https://wydarzenia.interia.pl/kraj/news-elektrownia-jadrowa-w-polsce-bloomberg-moze-byc-kilku-partne,nId,6268512;2022-09-06 12:41:33+00:00;False;Elektrownia jądrowa w Polsce. Bloomberg: Może być kilku partnerów;<p><a href="https://wydarzenia.interia.pl/kraj/news-elektrownia-jadrowa-w-polsce-bloomberg-moze-byc-kilku-partne,nId,6268512"><img align="left" alt="Elektrownia jądrowa w Polsce. Bloomberg: Może być kilku partnerów" src="https://i.iplsc.com/elektrownia-jadrowa-w-polsce-bloomberg-moze-byc-kilku-partne/000G17BL1963V9L8-C321.jpg" /></a>Polska może współpracować z więcej niż jednym partnerem przy budowie swojej pierwszej elektrowni jądrowej - podała w poniedziałek agencja Bloomberg. Zaznaczono, że r
https://wydarzenia.interia.pl/feed;https://wydarzenia.interia.pl/zagranica/news-pierwsze-takie-nagranie-wraku-titanica-fenomenalne-kolory,nId,6268447;2022-09-06 12:25:41+00:00;False;Pierwsze takie nagranie wraku Titanica. "Fenomenalne kolory";<p><a href="https://wydarzenia.interia.pl/zagranica/news-pierwsze-takie-nagranie-wraku-titanica-fenomenalne-kolory,nId,6268447"><img align="left" alt="Pierwsze takie nagranie wraku Titanica. &quot;Fenomenalne kolory&quot;" src="https://i.iplsc.com/pierwsze-takie-nagranie-wraku-titanica-fenomenalne-kolory/000G171UQLS9TEHC-C321.jpg" /></a>Nowe, nieznane wcześniej szczegóły na temat Titanica i fenomenalne kolory - to możemy zobaczyć na najnowszym nagraniu wraku słynnego transatlantyka, który zatoną
https://wydarzenia.interia.pl/feed;https://wydarzenia.interia.pl/zagranica/news-liz-truss-premierem-wielkiej-brytanii-krolowa-powierzyla-jej,nId,6268471;2022-09-06 12:08:58+00:00;False;Liz Truss premierem Wielkiej Brytanii. Królowa powierzyła jej misję utworzenia rządu;<p><a href="https://wydarzenia.interia.pl/zagranica/news-liz-truss-premierem-wielkiej-brytanii-krolowa-powierzyla-jej,nId,6268471"><img align="left" alt="Liz Truss premierem Wielkiej Brytanii. Królowa powierzyła jej misję utworzenia rządu " src="https://i.iplsc.com/liz-truss-premierem-wielkiej-brytanii-krolowa-powierzyla-jej/000G173TR4CEWGH5-C321.jpg" /></a>Nowa liderka Partii Konserwatywnej Liz Truss otrzymała we wtorek od brytyjskiej królowej Elżbiety II misję utworzenia rządu. Oznacza to ofic
https://wydarzenia.interia.pl/feed;https://wydarzenia.interia.pl/malopolskie/news-zbudowali-blok-nad-domem-miala-byc-rozbiorka-a-sa-dalsze-pra,nId,6268413;2022-09-06 12:00:37+00:00;False;Zbudowali blok nad domem. Miała być rozbiórka, a są dalsze prace;<p><a href="https://wydarzenia.interia.pl/malopolskie/news-zbudowali-blok-nad-domem-miala-byc-rozbiorka-a-sa-dalsze-pra,nId,6268413"><img align="left" alt="Zbudowali blok nad domem. Miała być rozbiórka, a są dalsze prace" src="https://i.iplsc.com/zbudowali-blok-nad-domem-miala-byc-rozbiorka-a-sa-dalsze-pra/000G171C0002950I-C321.jpg" /></a>Dom jednorodzinny, obok warsztat samochodowy, a nad nim blok liczący kilka pięter. Taka budowa powstała przy ul. Centralnej w Krakowie. Magistrat wydał nakaz r
https://wydarzenia.interia.pl/feed;https://wydarzenia.interia.pl/zagranica/zdjecie,iId,3254411,iAId,440425;2022-09-06 11:58:13+00:00;False;Andrzej Duda na spotkaniu z prezydentem Nigerii;<p><a href="https://wydarzenia.interia.pl/zagranica/zdjecie,iId,3254411,iAId,440425"><img align="left" alt="Andrzej Duda na spotkaniu z prezydentem Nigerii" src="https://i.iplsc.com/andrzej-duda-na-spotkaniu-z-prezydentem-nigerii/000G175ZL62RQG0N-C321.jpg" /></a>Andrzej Duda przyleciał we wtorek do stolicy Nigerii. W Abudży spotkał się z prezydentem Nigerii Muhammadu Buharim. To początek podróży polskiego przywódcy po zachodniej Afryce. W środę ma odbyć wizytę roboczą w Wybrzeżu Kości Słoniowej,
https://wydarzenia.interia.pl/feed;https://wydarzenia.interia.pl/mazowieckie/news-morderstwo-w-warszawie-nozownik-z-woli-aresztowany,nId,6268455;2022-09-06 11:57:59+00:00;False;Morderstwo w Warszawie. Nożownik z Woli aresztowany;<p><a href="https://wydarzenia.interia.pl/mazowieckie/news-morderstwo-w-warszawie-nozownik-z-woli-aresztowany,nId,6268455"><img align="left" alt="Morderstwo w Warszawie. Nożownik z Woli aresztowany" src="https://i.iplsc.com/morderstwo-w-warszawie-nozownik-z-woli-aresztowany/000CD77UE3A87FG3-C321.jpg" /></a>Damian W., nożownik z Woli, usłyszał zarzut zabójstwa i został tymczasowo aresztowany na trzy miesiące. Ciało jego ofiary znaleziono w jednym z mieszkań przy al. Prymasa Tysiąclecia w Warszawi
https://wydarzenia.interia.pl/feed;https://wydarzenia.interia.pl/kraj/news-absurd-w-starostwie-w-wolowie-toaleta-tylko-za-zgoda-przeloz,nId,6268443;2022-09-06 11:55:06+00:00;False;Absurd w starostwie w Wołowie. Toaleta tylko za zgodą przełożonego;<p><a href="https://wydarzenia.interia.pl/kraj/news-absurd-w-starostwie-w-wolowie-toaleta-tylko-za-zgoda-przeloz,nId,6268443"><img align="left" alt="Absurd w starostwie w Wołowie. Toaleta tylko za zgodą przełożonego" src="https://i.iplsc.com/absurd-w-starostwie-w-wolowie-toaleta-tylko-za-zgoda-przeloz/000G170X02BDXK4V-C321.jpg" /></a>W ramach oszczędności Starostwo Powiatowe w Wołowie na Dolnym Śląsku wprowadziło ograniczenia w korzystaniu z toalety. Aby z niej skorzystać, urzędnicy muszą... pop
https://wydarzenia.interia.pl/feed;https://wydarzenia.interia.pl/raporty/raport-ukraina-rosja/aktualnosci/news-ambasador-ukrainy-o-skutecznosci-polskiego-sprzetu-na-fronci,nId,6268452;2022-09-06 11:51:10+00:00;False;Ambasador Ukrainy o skuteczności polskiego sprzętu na froncie;<p><a href="https://wydarzenia.interia.pl/raporty/raport-ukraina-rosja/aktualnosci/news-ambasador-ukrainy-o-skutecznosci-polskiego-sprzetu-na-fronci,nId,6268452"><img align="left" alt="Ambasador Ukrainy o skuteczności polskiego sprzętu na froncie" src="https://i.iplsc.com/ambasador-ukrainy-o-skutecznosci-polskiego-sprzetu-na-fronci/000G1718RGWAOLWS-C321.jpg" /></a>Dzięki polskim &quot;krabom&quot; i &quot;piorunom&quot; przekształcamy rosyjski sprzęt wojskowy w eksponaty muzealne - powiedział am
https://wydarzenia.interia.pl/feed;https://wydarzenia.interia.pl/zagranica/news-co-mysli-twoj-kot-znalezli-sposob-jak-to-sprawdzic,nId,6268360;2022-09-06 11:35:00+00:00;False;Co myśli twój kot? Znaleźli sposób, jak to sprawdzić;<p><a href="https://wydarzenia.interia.pl/zagranica/news-co-mysli-twoj-kot-znalezli-sposob-jak-to-sprawdzic,nId,6268360"><img align="left" alt="Co myśli twój kot? Znaleźli sposób, jak to sprawdzić" src="https://i.iplsc.com/co-mysli-twoj-kot-znalezli-sposob-jak-to-sprawdzic/000G16Z4PSSLLANG-C321.jpg" /></a>Ich enigmatyczne - a niektórzy twierdzą, że nawet powściągliwe - zachowania nadają kotom atmosferę tajemniczości. Niezależnie od tego, czy miauczą, syczą, czy mruczą, często nie można dokładnie
https://wydarzenia.interia.pl/feed;https://wydarzenia.interia.pl/kujawsko-pomorskie/news-71-latek-przez-osiem-godzin-sam-sprzatal-osiedlowa-sciezke-z,nId,6268294;2022-09-06 11:16:15+00:00;False;71-latek przez osiem godzin sam sprzątał osiedlową ścieżkę. Zostawił kartkę;<p><a href="https://wydarzenia.interia.pl/kujawsko-pomorskie/news-71-latek-przez-osiem-godzin-sam-sprzatal-osiedlowa-sciezke-z,nId,6268294"><img align="left" alt="71-latek przez osiem godzin sam sprzątał osiedlową ścieżkę. Zostawił kartkę" src="https://i.iplsc.com/71-latek-przez-osiem-godzin-sam-sprzatal-osiedlowa-sciezke-z/000G16TC7FH8OQMW-C321.jpg" /></a>Ogłoszenie napisane przez 71-letniego pana Stanisława z Torunia wywołało niemałe zamieszanie. Powiesił je na ogrodzeniu przy osiedlowej ścież
https://wydarzenia.interia.pl/feed;https://wydarzenia.interia.pl/mazowieckie/news-kryzys-w-seminariach-w-warszawie-przyjeto-czterech-kandydato,nId,6268401;2022-09-06 10:59:10+00:00;False;Kryzys w seminariach. W Warszawie przyjęto czterech kandydatów;<p><a href="https://wydarzenia.interia.pl/mazowieckie/news-kryzys-w-seminariach-w-warszawie-przyjeto-czterech-kandydato,nId,6268401"><img align="left" alt="Kryzys w seminariach. W Warszawie przyjęto czterech kandydatów " src="https://i.iplsc.com/kryzys-w-seminariach-w-warszawie-przyjeto-czterech-kandydato/000G16SW3LQ0OJKA-C321.jpg" /></a>Na pierwszy rok do Wyższego Seminarium Duchownego Diecezji Warszawsko-Praskiej przyjęto czterech kandydatów - przekazała w komunikacie diecezja. Seminarium ogło
https://wydarzenia.interia.pl/feed;https://wydarzenia.interia.pl/mazowieckie/news-kryzys-w-seminariach-w-warszawie-przyjeto-tylko-czterech-kan,nId,6268401;2022-09-06 10:59:10+00:00;False;Kryzys w seminariach. W Warszawie przyjęto tylko czterech kandydatów;<p><a href="https://wydarzenia.interia.pl/mazowieckie/news-kryzys-w-seminariach-w-warszawie-przyjeto-tylko-czterech-kan,nId,6268401"><img align="left" alt="Kryzys w seminariach. W Warszawie przyjęto tylko czterech kandydatów " src="https://i.iplsc.com/kryzys-w-seminariach-w-warszawie-przyjeto-tylko-czterech-kan/000G16SW3LQ0OJKA-C321.jpg" /></a>Na pierwszy rok do Wyższego Seminarium Duchownego Diecezji Warszawsko-Praskiej przyjęto czterech kandydatów - przekazała w komunikacie diecezja. Seminariu
https://wydarzenia.interia.pl/feed;https://wydarzenia.interia.pl/zagranica/news-usa-uznany-za-zmarlego-pastor-ozyl-tuz-przed-pobraniem-narza,nId,6268371;2022-09-06 10:38:20+00:00;False;USA: Uznany za zmarłego pastor "ożył" tuż przed pobraniem narządów;<p><a href="https://wydarzenia.interia.pl/zagranica/news-usa-uznany-za-zmarlego-pastor-ozyl-tuz-przed-pobraniem-narza,nId,6268371"><img align="left" alt="USA: Uznany za zmarłego pastor &quot;ożył&quot; tuż przed pobraniem narządów" src="https://i.iplsc.com/usa-uznany-za-zmarlego-pastor-ozyl-tuz-przed-pobraniem-narza/000G16DC66B5O3DK-C321.jpg" /></a>Uznany przez lekarzy za zmarłego 37-letni pastor z Karoliny Północnej &quot;ożył&quot; tuż przed pobraniem od niego narządów. Mężczyzna jest w śpiącz
https://wydarzenia.interia.pl/feed;https://wydarzenia.interia.pl/kraj/news-premier-zbliza-sie-koniec-fali-podwyzek-stop-procentowych,nId,6268337;2022-09-06 10:25:29+00:00;False;Premier: Zbliża się koniec fali podwyżek stóp procentowych;<p><a href="https://wydarzenia.interia.pl/kraj/news-premier-zbliza-sie-koniec-fali-podwyzek-stop-procentowych,nId,6268337"><img align="left" alt="Premier: Zbliża się koniec fali podwyżek stóp procentowych" src="https://i.iplsc.com/premier-zbliza-sie-koniec-fali-podwyzek-stop-procentowych/000G16HZUX77D84U-C321.jpg" /></a>Po wizycie w Spółdzielni Mleczarskiej Mlekovita w Wysokiem Mazowieckiem premier Mateusz Morawiecki mówił między innymi o sytuacji kredytobiorców. - Z mojej wiedzy wnioskuję, że t
https://wydarzenia.interia.pl/feed;https://wydarzenia.interia.pl/zagranica/news-katastrofa-samolotu-na-baltyku-znaleziono-ludzkie-szczatki,nId,6268366;2022-09-06 10:23:05+00:00;False;Katastrofa samolotu na Bałtyku. Znaleziono ludzkie szczątki;<p><a href="https://wydarzenia.interia.pl/zagranica/news-katastrofa-samolotu-na-baltyku-znaleziono-ludzkie-szczatki,nId,6268366"><img align="left" alt="Katastrofa samolotu na Bałtyku. Znaleziono ludzkie szczątki " src="https://i.iplsc.com/katastrofa-samolotu-na-baltyku-znaleziono-ludzkie-szczatki/000G16MSXK0EYM8C-C321.jpg" /></a>Na Bałtyku łotewska marynarka wojenna natrafiła na ludzkie szczątki - poinformowała norweska telewizja TV 2. W niedzielę u wybrzeży Łotwy rozbił się prywatny samolot Ces
https://wydarzenia.interia.pl/feed;https://wydarzenia.interia.pl/raporty/raport-ukraina-rosja/aktualnosci/news-wiaczeslaw-mosze-kantor-objety-sankcjami-oswiadczenie-grupy-,nId,6268351;2022-09-06 10:03:33+00:00;False;Wiaczesław Mosze Kantor objęty sankcjami. Oświadczenie Grupy Azoty;<p><a href="https://wydarzenia.interia.pl/raporty/raport-ukraina-rosja/aktualnosci/news-wiaczeslaw-mosze-kantor-objety-sankcjami-oswiadczenie-grupy-,nId,6268351"><img align="left" alt="Wiaczesław Mosze Kantor objęty sankcjami. Oświadczenie Grupy Azoty" src="https://i.iplsc.com/wiaczeslaw-mosze-kantor-objety-sankcjami-oswiadczenie-grupy/000G16DGV1G7NNE3-C321.jpg" /></a>W Dzienniku Urzędowym Unii Europejskiej opublikowano zaktualizowaną listę osób i podmiotów objętych sankcjami. Jest na niej Rosja
https://wydarzenia.interia.pl/feed;https://wydarzenia.interia.pl/kraj/news-sondaz-cbos-najgorsze-notowania-rzadu-morawieckiego-od-pocza,nId,6268348;2022-09-06 10:01:21+00:00;False;Sondaż CBOS: Najgorsze notowania rządu Morawieckiego od początku;<p><a href="https://wydarzenia.interia.pl/kraj/news-sondaz-cbos-najgorsze-notowania-rzadu-morawieckiego-od-pocza,nId,6268348"><img align="left" alt="Sondaż CBOS: Najgorsze notowania rządu Morawieckiego od początku" src="https://i.iplsc.com/sondaz-cbos-najgorsze-notowania-rzadu-morawieckiego-od-pocza/000G16FZBPN3H9R6-C321.jpg" /></a>W stosunku do lipca - jak podało CBOS - istotnie przybyło przeciwników urzędującego gabinetu premiera Mateusza Morawieckiego. 29 proc. respondentów to zwolennicy obec
https://wydarzenia.interia.pl/feed;https://wydarzenia.interia.pl/kraj/news-instytut-onkologii-wstrzymal-operacje-niedzielski-pielegniar,nId,6268343;2022-09-06 09:54:33+00:00;False;Instytut Onkologii wstrzymał operacje. Niedzielski: Pielęgniarki się wyłamały;<p><a href="https://wydarzenia.interia.pl/kraj/news-instytut-onkologii-wstrzymal-operacje-niedzielski-pielegniar,nId,6268343"><img align="left" alt="Instytut Onkologii wstrzymał operacje. Niedzielski: Pielęgniarki się wyłamały" src="https://i.iplsc.com/instytut-onkologii-wstrzymal-operacje-niedzielski-pielegniar/000G16H96KCYUD9A-C321.jpg" /></a>Instrumentariuszki ze stołecznego Instytutu Onkologii wyłamały się spośród innych pracowników. Nie poczekały na nowy regulamin płac - stwierdził we wtore
https://wydarzenia.interia.pl/feed;https://wydarzenia.interia.pl/kraj/news-holownia-podal-pierwszych-kandydatow-polski-2050-w-wyborach-,nId,6268289;2022-09-06 09:34:03+00:00;False;Hołownia podał pierwszych kandydatów Polski 2050 w wyborach do Sejmu;<p><a href="https://wydarzenia.interia.pl/kraj/news-holownia-podal-pierwszych-kandydatow-polski-2050-w-wyborach-,nId,6268289"><img align="left" alt="Hołownia podał pierwszych kandydatów Polski 2050 w wyborach do Sejmu" src="https://i.iplsc.com/holownia-podal-pierwszych-kandydatow-polski-2050-w-wyborach/000G169QQ93P97AQ-C321.jpg" /></a>Na konferencji prasowej w Chełmie Szymon Hołownia, lider Ruchu Polska 2050, przedstawił dwoje pierwszych &quot;kandydatów na kandydatów&quot; na listy wyborcze Pol
https://wydarzenia.interia.pl/feed;https://wydarzenia.interia.pl/zagranica/news-belgrad-jest-gotowy-do-kompromisu-serbska-premier-z-wizyta-w,nId,6268298;2022-09-06 09:04:54+00:00;False;Belgrad jest "gotowy do kompromisu". Serbska premier z wizytą w Kosowie;<p><a href="https://wydarzenia.interia.pl/zagranica/news-belgrad-jest-gotowy-do-kompromisu-serbska-premier-z-wizyta-w,nId,6268298"><img align="left" alt="Belgrad jest &quot;gotowy do kompromisu&quot;. Serbska premier z wizytą w Kosowie" src="https://i.iplsc.com/belgrad-jest-gotowy-do-kompromisu-serbska-premier-z-wizyta-w/000G164LY3LQWD6O-C321.jpg" /></a>Premier Serbii Ana Brnabić z pierwszą od 2017 roku wizytą w Kosowie. Belgrad jest &quot;gotowy do kompromisu&quot;, zapewniła w poniedziałek, cy
https://wydarzenia.interia.pl/feed;https://wydarzenia.interia.pl/lubelskie/news-lublin-przyszla-na-rozmowe-o-prace-wtedy-miala-zostac-zgwalc,nId,6268266;2022-09-06 08:49:40+00:00;False;Lublin: Przyszła na rozmowę o pracę. Wtedy miała zostać zgwałcona;<p><a href="https://wydarzenia.interia.pl/lubelskie/news-lublin-przyszla-na-rozmowe-o-prace-wtedy-miala-zostac-zgwalc,nId,6268266"><img align="left" alt="Lublin: Przyszła na rozmowę o pracę. Wtedy miała zostać zgwałcona" src="https://i.iplsc.com/lublin-przyszla-na-rozmowe-o-prace-wtedy-miala-zostac-zgwalc/000G15XHWL79QV6A-C321.jpg" /></a>22-latka z Lublina miała zostać zgwałcona przez 36-letniego mężczyznę podczas rozmowy o pracę. Policja zatrzymała rekrutera i postawiła zarzut. Grozi mu do 12 l
https://wydarzenia.interia.pl/feed;https://wydarzenia.interia.pl/zagranica/news-irlandia-nauczyciel-nie-chcial-mowic-o-uczniu-oni-trafil-do-,nId,6268229;2022-09-06 08:23:26+00:00;False;Irlandia: Nauczyciel nie chciał mówić o uczniu "oni". Trafił do więzienia;<p><a href="https://wydarzenia.interia.pl/zagranica/news-irlandia-nauczyciel-nie-chcial-mowic-o-uczniu-oni-trafil-do-,nId,6268229"><img align="left" alt="Irlandia: Nauczyciel nie chciał mówić o uczniu &quot;oni&quot;. Trafił do więzienia" src="https://i.iplsc.com/irlandia-nauczyciel-nie-chcial-mowic-o-uczniu-oni-trafil-do/000G15WZPH9TEJK9-C321.jpg" /></a>Irlandzki nauczyciel Enoch Burke nie podporządkował się dyrekcji, która nakazała mu mówić &quot;oni&quot; o uczniu przechodzącym proces zmiany 
https://wydarzenia.interia.pl/feed;https://wydarzenia.interia.pl/malopolskie/news-namalowal-najslynniejszy-obraz-jezusa-jego-grob-popadl-w-rui,nId,6268219;2022-09-06 08:18:28+00:00;False;Namalował najsłynniejszy obraz Jezusa. Jego grób popadł w ruinę;<p><a href="https://wydarzenia.interia.pl/malopolskie/news-namalowal-najslynniejszy-obraz-jezusa-jego-grob-popadl-w-rui,nId,6268219"><img align="left" alt="Namalował najsłynniejszy obraz Jezusa. Jego grób popadł w ruinę" src="https://i.iplsc.com/namalowal-najslynniejszy-obraz-jezusa-jego-grob-popadl-w-rui/000G15QAQCGB869Q-C321.jpg" /></a>Adolf Hyła, twórca najsłynniejszego obrazu Jezusa Miłosiernego - &quot;Jezu ufam Tobie&quot; jest pochowany na Cmentarzu Rakowickim w Krakowie. Artysta zmarł w 
https://wydarzenia.interia.pl/feed;https://wydarzenia.interia.pl/zagranica/news-prezenterka-dostala-udaru-w-programie-na-zywo-jest-wideo,nId,6268173;2022-09-06 08:07:27+00:00;False;Prezenterka dostała udaru w programie na żywo. Jest wideo;<p><a href="https://wydarzenia.interia.pl/zagranica/news-prezenterka-dostala-udaru-w-programie-na-zywo-jest-wideo,nId,6268173"><img align="left" alt="Prezenterka dostała udaru w programie na żywo. Jest wideo" src="https://i.iplsc.com/prezenterka-dostala-udaru-w-programie-na-zywo-jest-wideo/000G15NZ2JI0HELS-C321.jpg" /></a>Zaczęła &quot;gubić&quot; słowa, powtarzać te same zdania i wyraźnie było widać, że coś dzieje się z mięśniami twarzy prezenterki Julie Chin, która w programie na żywo czytała 
https://wydarzenia.interia.pl/feed;https://wydarzenia.interia.pl/mazowieckie/news-mazowieckie-wypadek-bialoruskiego-autobusu-kilkudziesieciu-r,nId,6268235;2022-09-06 08:02:58+00:00;False;Mazowieckie: Wypadek białoruskiego autobusu. Kilkudziesięciu rannych;<p><a href="https://wydarzenia.interia.pl/mazowieckie/news-mazowieckie-wypadek-bialoruskiego-autobusu-kilkudziesieciu-r,nId,6268235"><img align="left" alt="Mazowieckie: Wypadek białoruskiego autobusu. Kilkudziesięciu rannych" src="https://i.iplsc.com/mazowieckie-wypadek-bialoruskiego-autobusu-kilkudziesieciu-r/000G15V4DLVOSXCT-C321.jpg" /></a>W miejscowości Piotrowina, na drodze krajowej nr 2 między Warszawą a Siedlcami, doszło do wypadku autobusu z Białorusi. - Pojazd leży na boku - mówił na an
https://wydarzenia.interia.pl/feed;https://wydarzenia.interia.pl/mazowieckie/news-wypadek-autobusu-w-piotrowinie-kilkudziesieciu-poszkodowanyc,nId,6268235;2022-09-06 08:02:58+00:00;False;Wypadek autobusu w Piotrowinie. Kilkudziesięciu poszkodowanych;<p><a href="https://wydarzenia.interia.pl/mazowieckie/news-wypadek-autobusu-w-piotrowinie-kilkudziesieciu-poszkodowanyc,nId,6268235"><img align="left" alt="Wypadek autobusu w Piotrowinie. Kilkudziesięciu poszkodowanych " src="https://i.iplsc.com/wypadek-autobusu-w-piotrowinie-kilkudziesieciu-poszkodowanyc/000FZ899M2IC99HN-C321.jpg" /></a>W miejscowości Piotrowina, na trasie między Warszawą a Siedlcami, doszło do wypadku z udziałem autokaru. Według wstępnych informacji poszkodowanych jest kilkadz
https://wydarzenia.interia.pl/feed;https://wydarzenia.interia.pl/kraj/news-minister-zdrowia-oglasza-szczepienia-czwarta-dawka-dla-wszys,nId,6268202;2022-09-06 08:01:54+00:00;False;Minister zdrowia ogłasza szczepienia czwartą dawką dla wszystkich dorosłych Polaków;<p><a href="https://wydarzenia.interia.pl/kraj/news-minister-zdrowia-oglasza-szczepienia-czwarta-dawka-dla-wszys,nId,6268202"><img align="left" alt="Minister zdrowia ogłasza szczepienia czwartą dawką dla wszystkich dorosłych Polaków" src="https://i.iplsc.com/minister-zdrowia-oglasza-szczepienia-czwarta-dawka-dla-wszys/000D5YHTQYM757HU-C321.jpg" /></a>- Teraz, po decyzji Europejskiej Agencji Leków (EMA), ruszymy ze szczepieniami czwartą dawką całej populacji, poza dziećmi oczywiście - przekazał A
https://wydarzenia.interia.pl/feed;https://wydarzenia.interia.pl/raporty/raport-rok-szkolny-2022-2023/aktualnosci/news-uczniowie-pokazuja-plany-lekcji-zajecia-do-pozna-religia-w-s,nId,6266303;2022-09-06 07:13:40+00:00;False;Uczniowie pokazują plany lekcji. Zajęcia do późna, religia w środku;<p><a href="https://wydarzenia.interia.pl/raporty/raport-rok-szkolny-2022-2023/aktualnosci/news-uczniowie-pokazuja-plany-lekcji-zajecia-do-pozna-religia-w-s,nId,6266303"><img align="left" alt="Uczniowie pokazują plany lekcji. Zajęcia do późna, religia w środku" src="https://i.iplsc.com/uczniowie-pokazuja-plany-lekcji-zajecia-do-pozna-religia-w-s/000G129X7LE91G8T-C321.jpg" /></a>Córka Anety chodzi do VII klasy szkoły podstawowej. Trzy dni w tygodniu lekcje zaczyna o 7:30. Ma ich osiem, a nawet dz
https://wydarzenia.interia.pl/feed;https://wydarzenia.interia.pl/raporty/raport-ukraina-rosja/aktualnosci/news-pseudoreferenda-wstrzymane-ukrainska-kontrofensywa-oslabia-r,nId,6268194;2022-09-06 07:12:28+00:00;False;Pseudoreferenda wstrzymane. Ukraińska kontrofensywa osłabia Rosjan;<p><a href="https://wydarzenia.interia.pl/raporty/raport-ukraina-rosja/aktualnosci/news-pseudoreferenda-wstrzymane-ukrainska-kontrofensywa-oslabia-r,nId,6268194"><img align="left" alt="Pseudoreferenda wstrzymane. Ukraińska kontrofensywa osłabia Rosjan" src="https://i.iplsc.com/pseudoreferenda-wstrzymane-ukrainska-kontrofensywa-oslabia-r/000G15KRN9APRNYW-C321.jpg" /></a>Amerykański Instytut Studiów nad Wojną (ISW) ocenia, że ukraińska kontrofensywa na południu kraju osłabia zdolności Rosjan do ad
https://wydarzenia.interia.pl/feed;https://wydarzenia.interia.pl/raporty/raport-ukraina-rosja/aktualnosci/news-to-swiadczy-ze-sankcje-dzialaja-rosja-kupuje-bron-od-korei-p,nId,6268179;2022-09-06 06:47:15+00:00;False;"To świadczy, że sankcje działają". Rosja kupuje broń od Korei Północnej;<p><a href="https://wydarzenia.interia.pl/raporty/raport-ukraina-rosja/aktualnosci/news-to-swiadczy-ze-sankcje-dzialaja-rosja-kupuje-bron-od-korei-p,nId,6268179"><img align="left" alt="&quot;To świadczy, że sankcje działają&quot;. Rosja kupuje broń od Korei Północnej" src="https://i.iplsc.com/to-swiadczy-ze-sankcje-dzialaja-rosja-kupuje-bron-od-korei-p/000G156Q6B17W1CP-C321.jpg" /></a>Rosja kupuje uzbrojenie w Korei Północnej. &quot;Miliony pocisków artyleryjskich i rakiety krótkiego zasięgu, co
https://wydarzenia.interia.pl/feed;https://wydarzenia.interia.pl/raporty/raport-ukraina-rosja/aktualnosci/news-rosja-straszy-europe-epoka-lodowcowa-nowy-pomysl-propagandy,nId,6268163;2022-09-06 06:44:06+00:00;False;Rosja straszy Europę "epoką lodowcową". Nowy pomysł propagandy;<p><a href="https://wydarzenia.interia.pl/raporty/raport-ukraina-rosja/aktualnosci/news-rosja-straszy-europe-epoka-lodowcowa-nowy-pomysl-propagandy,nId,6268163"><img align="left" alt="Rosja straszy Europę &quot;epoką lodowcową&quot;. Nowy pomysł propagandy" src="https://i.iplsc.com/rosja-straszy-europe-epoka-lodowcowa-nowy-pomysl-propagandy/000G156E4QCLVPXL-C321.jpg" /></a>&quot;I będzie wielka zima&quot; - tak nazywa się propagandowy film Rosjan, skierowany do mieszkańców państw Unii Europejski
https://wydarzenia.interia.pl/feed;https://wydarzenia.interia.pl/zagranica/news-rosnie-liczba-osob-opuszczajacych-rosje-dwukrotnie-wiecej-ni,nId,6268161;2022-09-06 06:19:37+00:00;False;Rośnie liczba osób opuszczających Rosję. Dwukrotnie więcej niż przed rokiem;<p><a href="https://wydarzenia.interia.pl/zagranica/news-rosnie-liczba-osob-opuszczajacych-rosje-dwukrotnie-wiecej-ni,nId,6268161"><img align="left" alt="Rośnie liczba osób opuszczających Rosję. Dwukrotnie więcej niż przed rokiem" src="https://i.iplsc.com/rosnie-liczba-osob-opuszczajacych-rosje-dwukrotnie-wiecej-ni/000951Y9P5JBYXTD-C321.jpg" /></a>Od początku bieżącego roku z Rosji wyjechało 419 tys. ludzi - wynika z danych rosyjskiego urzędu statystycznego Rossat. Jak przeanalizował niezależny 
https://wydarzenia.interia.pl/feed;https://wydarzenia.interia.pl/zagranica/news-brazylia-coraz-wieksza-przewaga-luli-nad-bolsonaro-w-przedwy,nId,6268137;2022-09-06 05:48:43+00:00;False;Brazylia: Coraz większa przewaga Luli nad Bolsonaro w przedwyborczych sondażach;<p><a href="https://wydarzenia.interia.pl/zagranica/news-brazylia-coraz-wieksza-przewaga-luli-nad-bolsonaro-w-przedwy,nId,6268137"><img align="left" alt="Brazylia: Coraz większa przewaga Luli nad Bolsonaro w przedwyborczych sondażach" src="https://i.iplsc.com/brazylia-coraz-wieksza-przewaga-luli-nad-bolsonaro-w-przedwy/000G14YRU2PCM4O3-C321.jpg" /></a>Wszystko wskazuje na to, że wybory prezydenckie w Brazylii może wygrać lewicowy kandydat, a zarazem były prezydent Luiz Inacio Luli da Silva. Wedł
https://wydarzenia.interia.pl/feed;https://wydarzenia.interia.pl/zagranica/news-teleturniej-w-wielkiej-brytanii-do-wygrania-pokrycie-rachunk,nId,6268146;2022-09-06 05:46:15+00:00;False;Teleturniej w Wielkiej Brytanii. Do wygrania pokrycie rachunków za prąd;<p><a href="https://wydarzenia.interia.pl/zagranica/news-teleturniej-w-wielkiej-brytanii-do-wygrania-pokrycie-rachunk,nId,6268146"><img align="left" alt="Teleturniej w Wielkiej Brytanii. Do wygrania pokrycie rachunków za prąd" src="https://i.iplsc.com/teleturniej-w-wielkiej-brytanii-do-wygrania-pokrycie-rachunk/000G14Y2H2U3V544-C321.jpg" /></a>Brytyjski teleturniej, który powrócił na antenę po wakacyjnej przerwie, zaskoczył telewidzów i internautów. W obliczu kryzysu energetycznego zmianie uległ
https://wydarzenia.interia.pl/feed;https://wydarzenia.interia.pl/raporty/raport-ukraina-rosja/aktualnosci/news-zima-bedzie-trudna-takze-dla-rosji-kreml-juz-zapowiada-braki,nId,6268128;2022-09-06 05:21:08+00:00;False;Zima będzie trudna także dla Rosji? "Kreml już zapowiada braki prądu";<p><a href="https://wydarzenia.interia.pl/raporty/raport-ukraina-rosja/aktualnosci/news-zima-bedzie-trudna-takze-dla-rosji-kreml-juz-zapowiada-braki,nId,6268128"><img align="left" alt="Zima będzie trudna także dla Rosji? &quot;Kreml już zapowiada braki prądu&quot;" src="https://i.iplsc.com/zima-bedzie-trudna-takze-dla-rosji-kreml-juz-zapowiada-braki/000FEOYTSI59R5DH-C321.jpg" /></a>&quot;Gospodarka Rosji jest zależna od importu w stopniu niespotykanym w Europie. Choć gazu jest nadmiar, to jedna 
https://wydarzenia.interia.pl/feed;https://wydarzenia.interia.pl/zagranica/news-andrzej-duda-przybyl-do-nigerii-wslucha-sie-w-glos-afryki,nId,6268120;2022-09-06 04:44:57+00:00;False;Andrzej Duda przybył do Nigerii. "Wsłucha się w głos Afryki";<p><a href="https://wydarzenia.interia.pl/zagranica/news-andrzej-duda-przybyl-do-nigerii-wslucha-sie-w-glos-afryki,nId,6268120"><img align="left" alt="Andrzej Duda przybył do Nigerii. &quot;Wsłucha się w głos Afryki&quot;" src="https://i.iplsc.com/andrzej-duda-przybyl-do-nigerii-wslucha-sie-w-glos-afryki/000D3LWO1YVFLMFA-C321.jpg" /></a>Andrzej Duda przybył we wtorek rano do stolicy Nigerii - Abudży. W krajach Afryki Zachodniej prezydent spędzi trzy dni, gdzie będzie rozmawiał na temat dostaw su
https://wydarzenia.interia.pl/feed;https://wydarzenia.interia.pl/zagranica/news-gazprom-o-usterce-ktora-ma-naprawic-siemens-tyle-ze-siemens-,nId,6268117;2022-09-06 04:37:13+00:00;False;Gazprom o "usterce", którą ma naprawić Siemens. Tyle że Siemens nic o tym nie wie;<p><a href="https://wydarzenia.interia.pl/zagranica/news-gazprom-o-usterce-ktora-ma-naprawic-siemens-tyle-ze-siemens-,nId,6268117"><img align="left" alt="Gazprom o &quot;usterce&quot;, którą ma naprawić Siemens. Tyle że Siemens nic o tym nie wie" src="https://i.iplsc.com/gazprom-o-usterce-ktora-ma-naprawic-siemens-tyle-ze-siemens/000F748AYHI546I5-C321.jpg" /></a>Dopóki Siemens Energy nie naprawi usterek aparatur, przesyłanie gazu rurociągiem Nord Stream 1 nie będzie wznowione - przekazał wicedyr
https://wydarzenia.interia.pl/feed;https://wydarzenia.interia.pl/raporty/raport-ukraina-rosja/aktualnosci/news-joe-biden-rosji-nie-bedzie-na-liscie-krajow-sponsorujacych-t,nId,6268119;2022-09-06 04:34:50+00:00;False;Joe Biden: Rosji nie będzie na liście krajów sponsorujących terroryzm;<p><a href="https://wydarzenia.interia.pl/raporty/raport-ukraina-rosja/aktualnosci/news-joe-biden-rosji-nie-bedzie-na-liscie-krajow-sponsorujacych-t,nId,6268119"><img align="left" alt="Joe Biden: Rosji nie będzie na liście krajów sponsorujących terroryzm" src="https://i.iplsc.com/joe-biden-rosji-nie-bedzie-na-liscie-krajow-sponsorujacych-t/000G14TVHC99L62T-C321.jpg" /></a>Prezydent USA Joe Biden zaprzeczył, że Stany Zjednoczone wpiszą Rosję na listę państw finansujących terroryzm. Takiego ruchu 
https://wydarzenia.interia.pl/feed;https://wydarzenia.interia.pl/autor/lukasz-szpyrka/news-reset-na-linii-polska-wegry-stara-milosc-nie-rdzewieje,nId,6266339;2022-09-06 04:30:00+00:00;False;Reset na linii Polska-Węgry. "Stara miłość nie rdzewieje";<p><a href="https://wydarzenia.interia.pl/autor/lukasz-szpyrka/news-reset-na-linii-polska-wegry-stara-milosc-nie-rdzewieje,nId,6266339"><img align="left" alt="Reset na linii Polska-Węgry. &quot;Stara miłość nie rdzewieje&quot;" src="https://i.iplsc.com/reset-na-linii-polska-wegry-stara-milosc-nie-rdzewieje/000G12B7EQIEHAVM-C321.jpg" /></a>Premier Mateusz Morawiecki zapowiedział, że chce wrócić do współpracy z Węgrami w ramach Grupy Wyszehradzkiej, mimo że oba kraje dzieli skrajnie różny stosunek
https://wydarzenia.interia.pl/feed;https://wydarzenia.interia.pl/zagranica/news-kanada-jeden-z-nozownikow-nie-zyje-cialo-bylo-okaleczone,nId,6268114;2022-09-06 03:55:55+00:00;False;Kanada: Jeden z nożowników nie żyje. "Ciało było okaleczone";<p><a href="https://wydarzenia.interia.pl/zagranica/news-kanada-jeden-z-nozownikow-nie-zyje-cialo-bylo-okaleczone,nId,6268114"><img align="left" alt="Kanada: Jeden z nożowników nie żyje. &quot;Ciało było okaleczone&quot;" src="https://i.iplsc.com/kanada-jeden-z-nozownikow-nie-zyje-cialo-bylo-okaleczone/000G14SFRH7I0HEJ-C321.jpg" /></a>Nie żyje Damien Sanderson, napastnik poszukiwany w Kanadzie w związku z serią napaści z użyciem noża - poinformowały tamtejsze służby w poniedziałek tamtejszego cz