https://tvn24.pl/najnowsze.xml;https://tvn24.pl/tvnmeteo/najnowsze/kosmiczna-tarantula-zachwyca-wielka-mglawica-w-obiektywie-teleskopu-jamesa-webba-6100532?source=rss;2022-09-06 20:01:37+00:00;False;Kosmiczna Tarantula zachwyca. Wielka mgławica w obiektywie teleskopu Jamesa Webba;<img alt="Kosmiczna Tarantula zachwyca. Wielka mgławica w obiektywie teleskopu Jamesa Webba" src="https://tvn24.pl/tvnmeteo/najnowsze/cdn-zdjecie-2cw4u0-mglawica-tarantula-uchwycona-przez-teleskop-jamesa-webba-6100537/alternates/LANDSCAPE_1280" />
    Kolejne niesamowite zdjęcia zostały zrobione przez Kosmiczny Teleskop Jamesa Webba. Przestawiają one Mgławicę Tarantula, która jest domem najgorętszych i najbardziej masywnych gwiazd, jakie znamy.
https://tvn24.pl/najnowsze.xml;https://tvn24.pl/kultura-i-styl/festiwal-w-wenecja-na-polmetku-aronofsky-wrocil-do-formy-inarritu-rozczarowal-cruz-zachwycila-6100194?source=rss;2022-09-06 19:57:33+00:00;False;Aronofsky wrócił do formy, Inarritu rozczarował, Cruz zachwyciła. Wenecja na półmetku;<img alt="Aronofsky wrócił do formy, Inarritu rozczarował, Cruz zachwyciła. Wenecja na półmetku" src="https://tvn24.pl/najnowsze/cdn-zdjecie-qyd3h7-inarritu-rozczarowal-aronofsky-znowu-w-formie-cruz-zachwycila-6097531/alternates/LANDSCAPE_1280" />
    Festiwal na Lido już na półmetku i wciąż bez faworyta. Rozczarował powracający do Meksyku w autobiograficznym "Bardo" Alejandro Gonzalez Inarritu. Po chudych latach do formy powrócił Darren Aronofsky z przejmujący obrazem "The Whale" i wielką rolą 
https://tvn24.pl/najnowsze.xml;https://tvn24.pl/biznes/najnowsze/holandia-haarlem-jako-pierwsze-miasto-na-swiecie-zakaze-reklam-miesa-6100641?source=rss;2022-09-06 19:53:28+00:00;False;Pierwsze miasto na świecie zakaże reklam mięsa w przestrzeni publicznej;<img alt="Pierwsze miasto na świecie zakaże reklam mięsa w przestrzeni publicznej" src="https://tvn24.pl/najnowsze/cdn-zdjecie-xhfcxa-hamburger-shutterstock337714676-6100643/alternates/LANDSCAPE_1280" />
    Zakaz reklamowania mięsa w miejscach publicznych w mieście Haarlem, w środkowej Holandii ma obowiązywać od 2024 roku. Samorząd podjął decyzję na wniosek partii GroenLinks. Media komentują, że jest to pierwsza gmina na świecie, która wprowadziła takie przepisy. Eksperci spodziewają się pozwów
https://tvn24.pl/najnowsze.xml;https://tvn24.pl/swiat/rosja-agresja-na-ukraine-doradca-prezydenta-wolodymyra-zelenskiego-o-jedynej-dobrej-strategii-dla-rosyjskich-wojsk-6100648?source=rss;2022-09-06 19:46:00+00:00;False;Doradca Zełenskiego o "jedynej dobrej strategii dla rosyjskich wojsk";<img alt="Doradca Zełenskiego o " src="https://tvn24.pl/najnowsze/cdn-zdjecie-qmgu9r-rosyjskie-wojsko-w-ukrainie-6063813/alternates/LANDSCAPE_1280" />
    Mychajło Podolak, doradca ukraińskiego prezydenta Wołodymyra Zełenskiego, przedstawił na Twitterze "jedyną dobrą strategię dla rosyjskich wojsk".
https://tvn24.pl/najnowsze.xml;https://tvn24.pl/biznes/ze-swiata/rosja-sankcje-uderzaja-w-gospodarke-rosji-jest-w-gorszej-kondycji-niz-mowi-kreml-bloomberg-o-tajnym-raporcie-6100626?source=rss;2022-09-06 19:31:23+00:00;False;Rosyjska gospodarka w gorszej sytuacji niż mówi Kreml. Bloomberg o tajnym raporcie;<img alt="Rosyjska gospodarka w gorszej sytuacji niż mówi Kreml. Bloomberg o tajnym raporcie" src="https://tvn24.pl/biznes/najnowsze/cdn-zdjecie-hwrl9l-moskwa-rosja-6065816/alternates/LANDSCAPE_1280" />
    Rosyjska gospodarka jest w znacznie gorszej kondycji niż oficjalnie przedstawia to Kreml - tak wynika z tajnego raportu, przygotowanego dla rosyjskich władz. Do dokumentu, opisującego skutki zachodnich sankcji nałożonych na Moskwę, dotarła agencja Bloomberga. Według raportu Rosji grozi długa 
https://tvn24.pl/najnowsze.xml;https://tvn24.pl/ciekawostki/wlochy-rzym-fontana-dei-catecumeni-siedzial-na-zabytkowej-fontannie-z-lodem-i-piwem-zaplaci-450-euro-kary-6100366?source=rss;2022-09-06 18:54:28+00:00;False;Siedział na schodach fontanny z lodem i piwem, nie zareagował na polecenie policji. Zapłaci 450 euro kary;<img alt="Siedział na schodach fontanny z lodem i piwem, nie zareagował na polecenie policji. Zapłaci 450 euro kary" src="https://tvn24.pl/najnowsze/cdn-zdjecie-03y3fp-mapa-6100627/alternates/LANDSCAPE_1280" />
    Amerykański turysta otrzymał mandat w wysokości 450 euro za jedzenie loda na schodach rzymskiej Fontany dei Catecumeni - informuje włoska "La Repubblica”. Policjanci najpierw tylko upomnieli mężczyznę, jednak gdy ten nie zareagował na ich polecenie, nałożyli na niego karę. Siadanie na
https://tvn24.pl/najnowsze.xml;https://tvn24.pl/biznes/najnowsze/protest-w-dorohusku-planowana-jest-blokada-takze-w-hrebennem-i-korczowej-6100563?source=rss;2022-09-06 18:54:17+00:00;False;Protest w Dorohusku może się rozszerzyć na kolejne przejścia;<img alt="Protest w Dorohusku może się rozszerzyć na kolejne przejścia " src="https://tvn24.pl/najnowsze/cdn-zdjecie-v9rnqa-en015371910002-6100565/alternates/LANDSCAPE_1280" />
    Protest na polsko-ukraińskim przejściu granicznym w Dorohusku będzie trwał do skutku - powiedział przewodniczący Zamojskiego Komitetu Protestacyjnego Przewoźników Łukasz Białasz. Przyczyną jest m.in. wydłużająca się kolejka ciężarówek po ukraińskiej stronie granicy. Planowana jest blokada także na przejściach w Hreben
https://tvn24.pl/najnowsze.xml;https://tvn24.pl/polska/jacek-kurski-odwolany-tomasz-siemoniak-mam-wrazenie-ze-jaroslaw-kaczynski-rekonfiguruje-pionki-na-szachownicy-6100615?source=rss;2022-09-06 18:51:32+00:00;False;Siemoniak o odwołaniu Kurskiego: mam wrażenie, że Kaczyński rekonfiguruje pionki na szachownicy;<img alt="Siemoniak o odwołaniu Kurskiego: mam wrażenie, że Kaczyński rekonfiguruje pionki na szachownicy" src="https://tvn24.pl/najnowsze/cdn-zdjecie-lmjw05-tomasz-siemoniak-6100588/alternates/LANDSCAPE_1280" />
    Po odwołaniu Jacka Kurskiego ze stanowiska prezesa nic się zapewne w telewizji rządowej nie zmieni - ocenił w "Kropce nad i" wiceprzewodniczący Platformy Obywatelskiej Tomasz Siemoniak. - To są rozgrywki w obozie władzy, konflikty - mówił. - Mam wrażenie, że to po prostu prezes Kacz
https://tvn24.pl/najnowsze.xml;https://tvn24.pl/biznes/turystyka/rumunia-blue-air-tania-linia-lotnicza-zawiesza-wszystkie-loty-do-12-wrzesnia-2022-6100564?source=rss;2022-09-06 18:34:34+00:00;False;Tani europejski przewoźnik zawiesza wszystkie loty;<img alt="Tani europejski przewoźnik zawiesza wszystkie loty" src="https://tvn24.pl/najnowsze/cdn-zdjecie-woyjzg-samolot-blue-air-6100596/alternates/LANDSCAPE_1280" />
    Rumuńska tania linia lotnicza Blue Air poinformowała we wtorek, że zawiesiła wszystkie loty do 12 września. Stało się to po tym, jak ministerstwo środowiska zablokowało konta bankowe przewoźnika z powodu niezapłacenia grzywny.
https://tvn24.pl/najnowsze.xml;https://tvn24.pl/polska/agnieszka-holland-o-narracji-jaroslawa-kaczynskiego-i-sytuacji-w-pis-6100601?source=rss;2022-09-06 18:29:57+00:00;False;"To jest jedyna metoda, którą Jarosław Kaczyński umie skutecznie stosować";<img alt="" src="https://tvn24.pl/najnowsze/cdn-zdjecie-yw30vp-06-1925-fpf-cl-0021-6100578/alternates/LANDSCAPE_1280" />
    Jarosław Kaczyński ma specyficzną cechę, że umie pobudzać to, co w naszych duszach czy historii jest najgorsze i wykorzystać to dla swojego, bardzo partykularnego, wyborczego celu - powiedziała w "Faktach po Faktach" Agnieszka Holland. Oceniła, że PiS charakteryzuje "schizofrenia", która jej zdaniem "w końcu rozedrze" tę partię. Reżyserka w programie mówiła także o festiwa
https://tvn24.pl/najnowsze.xml;https://tvn24.pl/polska/wegiel-wysokie-ceny-i-problem-z-dostepnoscia-zbigniew-girzynski-i-cezary-tomczyk-komentuja-6100581?source=rss;2022-09-06 18:26:53+00:00;False;Girzyński: rząd uległ presji i popełnił błąd, wstrzymując dostawy węgla z Rosji;<img alt="Girzyński: rząd uległ presji i popełnił błąd, wstrzymując dostawy węgla z Rosji" src="https://tvn24.pl/najnowsze/cdn-zdjecie-yaafzf-06-1925-fpf-cl-0005-6100549/alternates/LANDSCAPE_1280" />
    Czy węgiel będzie i czy będzie w dobrej jakości, to pokaże przyszłość - stwierdził w TVN24 Zbigniew Girzyński, poseł wspierającego PiS koła Polskie Sprawy. Jego zdaniem rząd popełnił błąd, "ulegając presji opozycji" i wstrzymując dostawy węgla z Rosji po rozpoczęciu agresji na Ukrainę. Cezary To
https://tvn24.pl/najnowsze.xml;https://tvn24.pl/biznes/z-kraju/stopy-procentowe-wrzesien-2022-posiedzenie-rady-polityki-pienieznej-rpp-wibor-3m-i-wibor-6m-w-gore-rafal-mundry-komentuje-6095268?source=rss;2022-09-06 18:03:07+00:00;False;Raty kredytów mogą wzrosnąć. WIBOR trzymiesięczny najwyżej od 18 lat;<img alt="Raty kredytów mogą wzrosnąć. WIBOR trzymiesięczny najwyżej od 18 lat" src="https://tvn24.pl/najnowsze/cdn-zdjecie-d9tdtf-pieniadze-zloty-portfel-5725740/alternates/LANDSCAPE_1280" />
    WIBOR trzymiesięczny (3M) umocnił się powyżej 7 procent i jest obecnie na najwyższym poziomie od września 2004 roku. W górę poszedł też WIBOR sześciomiesięczny (6M). - Rośnie prawdopodobieństwo, że Rada Polityki Pieniężnej wciąż będzie musiała mocno podwyższać stopy procentowe - powiedział w rozmowie z
https://tvn24.pl/najnowsze.xml;https://tvn24.pl/biznes/najnowsze/prezydent-ukrainy-wolodymyr-zelenski-wirtualnie-otworzyl-sesje-nowojorskiej-gieldy-na-wall-street-6100539?source=rss;2022-09-06 17:30:46+00:00;False;"Jesteśmy wolni. Jesteśmy silni. Jesteśmy otwarci na biznes";<img alt="" src="https://tvn24.pl/biznes/najnowsze/cdn-zdjecie-a1b84m-prezydent-ukrainy-wirtualnie-otworzyl-sesje-na-wall-street-6100505/alternates/LANDSCAPE_1280" />
    Prezydent Ukrainy Wołodymyr Zełenski wirtualnie otworzył we wtorek sesję nowojorskiej giełdy  na Wall Street. Zełenski zachęcał zagranicznych inwestorów do bezpośrednich inwestycji na Ukrainie. - Jesteśmy wolni. Jesteśmy silni. Jesteśmy otwarci na biznes - mówił w swoim wystąpieniu.
https://tvn24.pl/najnowsze.xml;https://tvn24.pl/swiat/ukraina-raport-maea-nalezy-utworzyc-strefe-bezpieczenstwa-wokol-zaporoskiej-elektrowni-atomowej-6100488?source=rss;2022-09-06 17:23:50+00:00;False;"Sytuacja jest nie do zaakceptowania". Raport Międzynarodowej Agencji Energii Atomowej;<img alt="" src="https://tvn24.pl/najnowsze/cdn-zdjecie-tnjwwe-zaporoska-elektrownia-jadrowa-jest-okupowana-przez-zolnierzy-rosyjskich-6066003/alternates/LANDSCAPE_1280" />
    Międzynarodowa Agencja Energii Atomowej (MAEA) oświadczyła w 52-stronicowym raporcie dotyczącym okupowanej przez wojska rosyjskie Zaporoskiej Elektrowni Atomowej, że niezbędne jest natychmiastowe utworzenie strefy bezpieczeństwa i ochrony jądrowej. "Bombardowania na miejscu i w okolicy muszą zostać natychmiast przerwane, 
https://tvn24.pl/najnowsze.xml;https://tvn24.pl/tvnwarszawa/ulice/kolizja-przy-wezle-opacz-utrudnienia-na-obwodnicy-6100509?source=rss;2022-09-06 17:15:22+00:00;False;Kolizja przy węźle Opacz. Utrudnienia na obwodnicy;<img alt="Kolizja przy węźle Opacz. Utrudnienia na obwodnicy" src="https://tvn24.pl/tvnwarszawa/najnowsze/cdn-zdjecie-p1kpe7-zderzenie-na-drodze-s2-przy-wezle-opacz-kolonia-6100519/alternates/LANDSCAPE_1280" />
    Do zderzenia dwóch samochodów doszło na Południowej Obwodnicy Warszawy. Zablokowany jest jeden pas ruchu w kierunku wschodnim. Nikt nie został ranny. Na miejscu pracują służby.
https://tvn24.pl/najnowsze.xml;https://tvn24.pl/tvnmeteo/nauka/los-lodowca-zaglady-wisi-na-wlosku-6100137?source=rss;2022-09-06 17:12:47+00:00;False;Los "Lodowca Zagłady" wisi na włosku;<img alt="Los " src="https://tvn24.pl/tvnmeteo/najnowsze/cdn-zdjecie-eewb6s-lodowiec-thwaitesa-6100144/alternates/LANDSCAPE_1280" />
    Lodowiec Thwaitesa, zwany też "Lodowcem Zagłady", może w niedalekiej przyszłości stopić się i spowodować, że poziom mórz i oceanów znacząco wzrośnie. Zespół naukowców odkrył, że w pewnym momencie w ciągu ostatnich 200 lat tempo jego cofania się, a więc zanikania, wyniosło ponad dwa kilometry rocznie.
https://tvn24.pl/najnowsze.xml;https://tvn24.pl/tvnmeteo/pogoda/pogoda-na-jutro-sroda-709-komu-przyda-sie-parasol-6100473?source=rss;2022-09-06 17:04:28+00:00;False;Pogoda na jutro - środa, 7.09. Komu przyda się parasol?;<img alt="Pogoda na jutro - środa, 7.09. Komu przyda się parasol?" src="https://tvn24.pl/najnowsze/cdn-zdjecie-ul9qhd-noca-popada-deszcz-5687113/alternates/LANDSCAPE_1280" />
    Pogoda jutro, czyli w środę 7.09, upłynie pod znakiem zmieniającego się zachmurzenia. W części kraju wystąpią opady deszczu, a także burze. Termometry pokażą maksymalnie 25 stopni Celsjusza.
https://tvn24.pl/najnowsze.xml;https://tvn24.pl/biznes/najnowsze/zmiana-stawki-wibor-na-wird-w-przyszlym-roku-prognoza-pawla-borysa-prezesa-polskiego-funduszu-rozwoju-6100437?source=rss;2022-09-06 17:04:07+00:00;False;Borys: nowa stawka WIRD powinna zastąpić WIBOR w przyszłym roku;<img alt="Borys: nowa stawka WIRD powinna zastąpić WIBOR w przyszłym roku " src="https://tvn24.pl/biznes/najnowsze/cdn-zdjecie-clvhku-pawel-borys-na-xxxi-forum-ekonomicznego-w-karpaczu-6100510/alternates/LANDSCAPE_1280" />
    Od przyszłego roku w polskim sektorze bankowym powinny pojawić się kredyty oparte o nową stawkę - powiedział prezes Polskiego Funduszu Rozwoju Paweł Borys w kuluarach Forum Ekonomicznego w Karpaczu. Dodał, że banki mają tu też coś do wygrania. Nowa stawka jest niższa, więc
https://tvn24.pl/najnowsze.xml;https://tvn24.pl/swiat/pierwsze-przemowienie-liz-truss-na-downing-street-nowa-premier-wielkiej-brytanii-o-swoich-priorytetach-6100474?source=rss;2022-09-06 16:45:22+00:00;False;"Będę kierowała się trzema priorytetami". Pierwsze przemówienie Liz Truss na Downing Street;<img alt="" src="https://tvn24.pl/najnowsze/cdn-zdjecie-mq66dm-liz-truss-i-hugh-oleary-6100511/alternates/LANDSCAPE_1280" />
    W swoim pierwszym przemówieniu przy Downing Street nowa premier Wielkiej Brytanii Liz Truss określiła priorytety, jakie będą jej towarzyszyły przy kierowaniu rządem: gospodarkę, energetykę i ochronę zdrowia. - Przekształcimy Wielką Brytanię w kraj, który będzie aspirował do wielkości. Będą bezpieczne ulice, każdy wszędzie będzie miał szansę, na którą zasługuje. Podejmę
https://tvn24.pl/najnowsze.xml;https://tvn24.pl/biznes/z-kraju/male-reaktory-smr-w-polsce-kghm-podpisal-porozumienie-z-rumunskim-operatorem-elektrowni-jadrowych-sn-nuclearelectrica-6100452?source=rss;2022-09-06 16:41:18+00:00;False;Małe reaktory jądrowe w Polsce. KGHM podpisał porozumienie z rumuńskim operatorem;<img alt="Małe reaktory jądrowe w Polsce. KGHM podpisał porozumienie z rumuńskim operatorem" src="https://tvn24.pl/biznes/najnowsze/cdn-zdjecie-7k6kp9-kghm-polska-miedz-sa-i-sn-nuclearelectrica-sa-podpisaly-memorandum-o-wspolpracy-przy-rozwoju-smr-6100498/alternates/LANDSCAPE_1280" />
    KGHM Polska Miedź i SN Nuclearelectrica, operator elektrowni jądrowych w Rumunii, podpisały niewiążące memorandum o współpracy w sprawie rozwoju projektów małych reaktorów modułowych (SMR). Lubińska spółka prze
https://tvn24.pl/najnowsze.xml;https://tvn24.pl/tvnwarszawa/komunikacja/warszawa-stolica-pamieta-tomasza-knapika-6100396?source=rss;2022-09-06 16:40:20+00:00;False;Stolica pamięta Tomasza Knapika;<img alt="Stolica pamięta Tomasza Knapika " src="https://tvn24.pl/tvnwarszawa/najnowsze/cdn-zdjecie-3ruls1-plakat-przypominajacy-tomasza-knapika-6100433/alternates/LANDSCAPE_1280" />
    We wtorek minęła pierwsza rocznica śmierci Tomasza Knapika. Na przystankach wokół Politechniki Warszawskiej zawisły plakaty przypominające legendarnego lektora. Miejsce nie jest przypadkowe.
https://tvn24.pl/najnowsze.xml;https://tvn24.pl/polska/gmina-milicz-bez-dofinansowania-dla-terenow-popegeerowskich-burmistrz-piotr-lech-zamierza-dochodzic-roszczen-na-drodze-sadowej-zasady-powinny-byc-uczciwe-6100376?source=rss;2022-09-06 16:36:45+00:00;False;Milicz bez dofinansowania dla terenów popegeerowskich. Burmistrz: jestem skłonny iść do sądu;<img alt="Milicz bez dofinansowania dla terenów popegeerowskich. Burmistrz: jestem skłonny iść do sądu" src="https://tvn24.pl/najnowsze/cdn-zdjecie-44178n-milicz-6100430/alternates/LANDSCAPE_1280" />
    Milicz nie otrzymał rządowego dofinansowania na tereny popegeerowskie w ramach Polskiego Ładu. Burmistrz Piotr Lech powiedział w TOK FM, że "zamierza dochodzić na drodze sądowej pewnych roszczeń". - Uważam, że Milicz, który miał ogromną koncentrację PGR-ów i z tego tytułu ponosi swoje konsekwenc
https://tvn24.pl/najnowsze.xml;https://tvn24.pl/ciekawostki/usa-dwa-samoloty-niemal-zderzyly-sie-w-powietrzu-nad-lotniskiem-w-orlando-pilot-pokazal-nagranie-6100221?source=rss;2022-09-06 16:35:35+00:00;False;Rozpędzony boeing 757 leciał wprost na niego. Pilot nagrał, jak o włos uniknął zderzenia nad lotniskiem;<img alt="Rozpędzony boeing 757 leciał wprost na niego. Pilot nagrał, jak o włos uniknął zderzenia nad lotniskiem" src="https://tvn24.pl/najnowsze/cdn-zdjecie-cuek7g-niebezpieczna-sytuacja-nad-lotniskiem-w-orlando-6099769/alternates/LANDSCAPE_1280" />
    Potężny boeing 757 gwałtownie się wznosił i rozpędzając leciał wprost na znajdującą nad lotniskiem awionetkę - do takiej sytuacji w połowie sierpnia doszło nad międzynarodowym lotniskiem w Orlando na Florydzie. Nagranie ze zdarzenia pilot awion
https://tvn24.pl/najnowsze.xml;https://tvn24.pl/swiat/prezydent-izraela-w-bundestagu-pamiec-o-zbrodniach-niemieckich-musi-byc-zachowana-6100372?source=rss;2022-09-06 16:03:14+00:00;False;Prezydent Izraela w Bundestagu: pamięć o zbrodniach niemieckich musi być zachowana;<img alt="Prezydent Izraela w Bundestagu: pamięć o zbrodniach niemieckich musi być zachowana" src="https://tvn24.pl/najnowsze/cdn-zdjecie-azb9nu-prezydent-izraela-w-bundestagu-6100441/alternates/LANDSCAPE_1280" />
    Prezydent Izraela Izaak Herzog wezwał do pogłębiania partnerstwa między Niemcami a Izraelem. - Jednocześnie jednak pamięć o zbrodniach niemieckich, dokonanych pod rządami nazistów, musi być zachowana – podkreślił Herzog we wtorkowym przemówieniu w Bundestagu.
https://tvn24.pl/najnowsze.xml;https://tvn24.pl/poznan/sad-okregowy-w-poznaniu-utrzymal-w-mocy-wyrok-sadu-pierwszej-instancji-skazujacy-mateusza-c-na-kare-dziewieciu-miesiecy-bezwzglednego-wiezienia-mezczyzna-byl-oskarzony-w-sprawie-wypadku-w-ktorym-zginela-dziennikarka-anna-karbowniczak-6100373?source=rss;2022-09-06 15:52:47+00:00;False;Dziennikarka jechała na rowerze, potrąciło ją auto. Pasażer prawomocnie skazany za nieudzielenie pomocy;<img alt="Dziennikarka jechała na rowerze, potrąciło ją auto. Pasażer prawomocnie skazany za nieudzielenie pomocy " src="https://tvn24.pl/najnowsze/cdn-zdjecie-ma2y0d-mateusz-c-trafi-na-dziewiec-miesiecy-do-wiezienia-6100384/alternates/LANDSCAPE_1280" />
    Dziewięć miesięcy bezwzględnego więzienia. Taki wyrok wobec Mateusza C., oskarżonego w sprawie wypadku w pobliżu miejscowści Brzekiniec, w którym zginęła dziennikarka "Głosu Wielkopolskiego" Anna Karbowniczak, zapadł już w styczniu. Teraz Są
https://tvn24.pl/najnowsze.xml;https://tvn24.pl/biznes/z-kraju/zima-2022-gaz-ziemny-czy-w-polsce-wystarczy-gazu-na-zime-dwa-scenariusze-na-horyzoncie-raport-banku-bnp-paribas-6100313?source=rss;2022-09-06 15:48:37+00:00;False;Czy w Polsce wystarczy gazu na zimę? Dwa scenariusze na horyzoncie;<img alt="Czy w Polsce wystarczy gazu na zimę? Dwa scenariusze na horyzoncie" src="https://tvn24.pl/najnowsze/cdn-zdjecie-kud5vv-gaz-shutterstock169694132-5788586/alternates/LANDSCAPE_1280" />
    Polska wydaje się być relatywnie dobrze przygotowana na scenariusz całkowitego wstrzymania dostaw gazu z Rosji do Unii Europejskiej - wskazuje w najnowszym raporcie BNP Paribas. W ich ocenie nie należy jednak bagatelizować "czarnego" scenariusza, zgodnie z którym w Polsce zaczęłoby brakować gazu w styc
https://tvn24.pl/najnowsze.xml;https://tvn24.pl/swiat/iran-wyroki-smierci-dla-aktywistek-broniacych-praw-osob-lgbt-6100090?source=rss;2022-09-06 15:42:08+00:00;False;BBC: wyroki śmierci dla dwóch aktywistek broniących praw osób LGBT w Iranie;<img alt="BBC: wyroki śmierci dla dwóch aktywistek broniących praw osób LGBT w Iranie" src="https://tvn24.pl/najnowsze/cdn-zdjecie-1ohmtw-dwie-aktywistki-skazane-w-iranie-na-smierc-6100392/alternates/LANDSCAPE_1280" />
    Dwie aktywistki broniące praw człowieka, 31-letnia Zahra Seddiqi Hamedani i 24-letnia Elham Choubdar, zostały uznane za winne "szerzenia zepsucia na Ziemi" i skazane na karę śmierci - we wtorek poinformowało BBC powołujące się na działające w regionie organizacje broniące praw
https://tvn24.pl/najnowsze.xml;https://tvn24.pl/polska/historia-i-terazniejszosc-podrecznik-minister-przemyslaw-czarnek-nie-czytalem-calego-on-jest-dla-dzieci-i-nauczycieli-a-nie-dla-ministra-6100331?source=rss;2022-09-06 15:39:44+00:00;False;Czarnek: Nie czytałem całego podręcznika do HiT. On jest dla dzieci i nauczycieli, a nie dla ministra;<img alt="Czarnek: Nie czytałem całego podręcznika do HiT. On jest dla dzieci i nauczycieli, a nie dla ministra" src="https://tvn24.pl/najnowsze/cdn-zdjecie-zbuoi1-czarnek1-6100356/alternates/LANDSCAPE_1280" />
    Minister edukacji Przemysław Czarnek przyznał, że nie przeczytał w całości kontrowersyjnego podręcznika do HiT. - Podręcznik jest dla dzieci i nauczycieli, a nie dla ministra - argumentował. Podkreślał, że książka - według procedury - była "czytana przez rzeczoznawców i ekspertów".
https://tvn24.pl/najnowsze.xml;https://tvn24.pl/swiat/australia-tasmania-czterolatek-nauczyl-sie-wybierac-numer-alarmowy-niedlugo-potem-uzyl-go-aby-uratowac-matke-6100344?source=rss;2022-09-06 15:26:54+00:00;False;Czterolatek zadzwonił na numer alarmowy, żeby ratować mamę. "Jestem tylko bohaterem";<img alt="Czterolatek zadzwonił na numer alarmowy, żeby ratować mamę. " src="https://tvn24.pl/najnowsze/cdn-zdjecie-1dw8kv-czterolatek-zaalarmowal-sluzby-pomogl-uratowac-zdrowie-swojej-matki-6100279/alternates/LANDSCAPE_1280" />
    Czteroletni Monty, dzwoniąc na numer alarmowy 000, pomógł uratować swoją matkę, która doznała ataku. Chłopiec niedługo wcześniej został nauczony przez nią, jak odblokować telefon i wykonać połączenie. Nieco ponad tydzień po tych wydarzeniach ratownicy wrócili do chło
https://tvn24.pl/najnowsze.xml;https://tvn24.pl/pomorze/lebork-podejrzany-o-pobicie-dwa-miesiace-ukrywal-sie-przed-policja-wpadl-na-dworcu-pkp-6100297?source=rss;2022-09-06 15:05:00+00:00;False;Podejrzewany o pobicie ponad dwa miesiące ukrywał się przed policją. Wpadł na dworcu PKP;<img alt="Podejrzewany o pobicie ponad dwa miesiące ukrywał się przed policją. Wpadł na dworcu PKP" src="https://tvn24.pl/pomorze/cdn-zdjecie-khx3xg-podejrzany-o-pobicie-dwa-miesiace-ukrywal-sie-przed-policja-6100351/alternates/LANDSCAPE_1280" />
    Lęborska policja zatrzymała mężczyznę podejrzewanego o pobicie 22-latka i spowodowanie u niego ciężkich obrażeń ciała. 24-latek, decyzją sądu, został aresztowany na trzy miesiące.
https://tvn24.pl/najnowsze.xml;https://tvn24.pl/tvnmeteo/pogoda/pogoda-na-weekend-pogoda-na-piec-dni-na-moment-zrobi-sie-goraco-pozniej-wir-nizowy-przyniesie-sporo-deszczu-i-burze-6100280?source=rss;2022-09-06 14:41:08+00:00;False;Wir niżowy dostarczy nam wrażeń: zwrotnikowego gorąca, przenikliwego chłodu, a także ulew i burz;<img alt="Wir niżowy dostarczy nam wrażeń: zwrotnikowego gorąca, przenikliwego chłodu, a także ulew i burz" src="https://tvn24.pl/najnowsze/cdn-zdjecie-5eoakr-shutterstock2192649969-6100347/alternates/LANDSCAPE_1280" />
    Nadchodzące dni przyniosą spore zachmurzenie i opady deszczu, które miejscami będą intensywne. Synoptycy prognozują też gwałtowne zjawiska atmosferyczne w postaci burz. Czeka nas epizod gorąca, ale też i drastyczne ochłodzenie.
https://tvn24.pl/najnowsze.xml;https://tvn24.pl/biznes/najnowsze/porozumienie-w-lufthansie-nie-bedzie-kolejnego-strajku-pilotow-6100265?source=rss;2022-09-06 14:38:46+00:00;False;Porozumienie w Lufthansie. Nie będzie kolejnego strajku pilotów;<img alt="Porozumienie w Lufthansie. Nie będzie kolejnego strajku pilotów" src="https://tvn24.pl/najnowsze/cdn-zdjecie-e96x1d-lufthansa-samolot-5706324/alternates/LANDSCAPE_1280" />
    Niemieckie linie lotnicze Lufthansa i związek zawodowy pilotów VC przekazały we wtorek, że osiągnęły porozumienie w sporze płacowym. Tym samym zapobiegając drugiemu strajkowi, który był planowany na środę i czwartek. Porozumienie pojawia się po tym, jak strajk w Lufthansie w zeszłym tygodniu zmusił do odwołania s
https://tvn24.pl/najnowsze.xml;https://tvn24.pl/biznes/najnowsze/sposoby-na-oszczedzanie-energii-ekspert-radzi-jak-oszczedzic-nawet-12-tysiecy-zlotych-6098941?source=rss;2022-09-06 14:02:11+00:00;False;Jak obniżyć rachunki za energię? "Wynik to ponad 12 tysięcy oszczędności rocznie";<img alt="Jak obniżyć rachunki za energię? " src="https://tvn24.pl/najnowsze/cdn-zdjecie-nb3dif-policja-zatrzymala-dwoch-kieszonkowcow-zdj-ilustracyjne-5760882/alternates/LANDSCAPE_1280" />
    Szykuje się nam zima, która będzie trudna, na pewno będzie kosztowna - zaznaczyła w rozmowie z TVN24 Biznes dr Sonia Buchholtz, współautorka raportu Forum Energii "Jak obniżyć rachunki za energię przed najbliższą zimą?". Przekonywała, że niektóre zaproponowane w raporcie działania przekładają się średnio 
https://tvn24.pl/najnowsze.xml;https://tvn24.pl/polska/e-rejestracja-zapisy-do-specjalistow-przez-internet-adam-niedzielski-bedziemy-nad-tym-pracowali-6100263?source=rss;2022-09-06 13:55:00+00:00;False;Zapisy do specjalistów przez internet. Zapowiedź ministra zdrowia;<img alt="Zapisy do specjalistów przez internet. Zapowiedź ministra zdrowia" src="https://tvn24.pl/polska/cdn-zdjecie-ccr45l-adam-niedzielski-na-forum-ekonomicznym-w-karpaczu-6100283/alternates/LANDSCAPE_1280" />
    Minister zdrowia Adam Niedzielski zapowiedział, że jego resort "w najbliższym czasie będzie pracował" nad wprowadzeniem powszechnej e-rejestracji. - Po wystawieniu e-skierowania będzie można elektronicznie umówić się do każdego specjalisty tak, jak można było umówić się na szczepien
https://tvn24.pl/najnowsze.xml;https://tvn24.pl/tvnwarszawa/srodmiescie/warszawa-mieszkancy-srodmiescie-nie-melduja-sie-w-dzielnicy-urzednicy-maja-pomysl-jak-ich-zachecic-6100037?source=rss;2022-09-06 13:54:30+00:00;False;1/4 mieszkańców Śródmieścia nie jest tu zameldowana. Dzielnica chce ich zachęcić wyprawkami.;<img alt="1/4 mieszkańców Śródmieścia nie jest tu zameldowana. Dzielnica chce ich zachęcić wyprawkami." src="https://tvn24.pl/tvnwarszawa/najnowsze/cdn-zdjecie-9buu8v-urzednicy-zachecaja-mieszkancow-srodmiescia-do-meldunku-zdj-ilustracyjne-6100043/alternates/LANDSCAPE_1280" />
    Z wyliczeń urzędników wynika, że Śródmieście na stałe zamieszkuje około 130 - 140 tysięcy osób, z czego zameldowanych jest jedynie 70 - 80 procent mieszkańców. Oznacza to, że dzielnica dostaje mniej pieniędzy z budżetu
https://tvn24.pl/najnowsze.xml;https://tvn24.pl/katowice/pszczyna-smierc-30-letniej-izabeli-lekarz-szpitala-powiatowego-uslyszal-zarzut-nieumyslnego-spowodowania-smierci-6100260?source=rss;2022-09-06 13:54:10+00:00;False;Izabela z Pszczyny zmarła w szpitalu. Lekarz usłyszał zarzut nieumyślnego spowodowania śmierci;<img alt="Izabela z Pszczyny zmarła w szpitalu. Lekarz usłyszał zarzut nieumyślnego spowodowania śmierci" src="https://tvn24.pl/najnowsze/cdn-zdjecie-21ya7v-szpital-w-pszczynie-5479094/alternates/LANDSCAPE_1280" />
    Minął niemal rok od śmierci 30-letniej Izabeli, ciężarnej pacjentki szpitala w Pszczynie. Prokuratura Regionalna w Katowicach postawiła we wtorek zarzut nieumyślnego spowodowania śmierci jednemu z lekarzy tej placówki.
https://tvn24.pl/najnowsze.xml;https://tvn24.pl/katowice/pszczyna-smierc-30-letniej-izabeli-lekarze-szpitala-powiatowego-uslyszeli-zarzuty-nieumyslnego-spowodowania-smierci-6100260?source=rss;2022-09-06 13:54:10+00:00;False;Izabela z Pszczyny zmarła w szpitalu. Lekarze usłyszeli zarzuty nieumyślnego spowodowania śmierci;<img alt="Izabela z Pszczyny zmarła w szpitalu. Lekarze usłyszeli zarzuty nieumyślnego spowodowania śmierci" src="https://tvn24.pl/najnowsze/cdn-zdjecie-21ya7v-szpital-w-pszczynie-5479094/alternates/LANDSCAPE_1280" />
    Minął niemal rok od śmierci 30-letniej Izabeli, ciężarnej pacjentki szpitala w Pszczynie. Prokuratura Regionalna w Katowicach postawiła we wtorek zarzut nieumyślnego spowodowania śmierci dwóm lekarzom z tej placówki.
https://tvn24.pl/najnowsze.xml;https://tvn24.pl/tvnwarszawa/zoliborz/warszawa-tablica-upamietniajaca-lecha-kaczynskiego-wrocila-na-zoliborz-poprzednia-ktos-ukradl-6100271?source=rss;2022-09-06 13:45:58+00:00;False;Tablica upamiętniająca Lecha Kaczyńskiego wróciła na Żoliborz;<img alt="Tablica upamiętniająca Lecha Kaczyńskiego wróciła na Żoliborz" src="https://tvn24.pl/tvnwarszawa/najnowsze/cdn-zdjecie-ylvxjk-odsloniecie-tablicy-lecha-kaczynskiego-6100236/alternates/LANDSCAPE_1280" />
    We wtorek przed budynkiem przy ulicy Suzina 3 odbyły się uroczystości związane z odsłonięciem tablicy Lecha Kaczyńskiego, gdzie prezydent RP urodził się i później mieszkał w dzieciństwie. Tablicę, która była tam wcześniej, ktoś ukradł w ubiegłym roku.
https://tvn24.pl/najnowsze.xml;https://tvn24.pl/tvnmeteo/pogoda/sezon-burzowy-2022-imgw-najbardziej-gwaltowne-zjawiska-byly-w-styczniu-i-lutym-6100165?source=rss;2022-09-06 13:45:35+00:00;False;Jednego zimowego dnia w Polsce wystąpiło więcej trąb powietrznych niż latem;<img alt="Jednego zimowego dnia w Polsce wystąpiło więcej trąb powietrznych niż latem" src="https://tvn24.pl/tvnmeteo/najnowsze/cdn-zdjecie-j9hhvw-gwaltowne-burze-6100277/alternates/LANDSCAPE_1280" />
    Za nami lipiec i sierpień, a więc miesiące typowo burzowe. W tym roku cechowały się one niewielką liczbą ekstremalnych zjawisk. Najbardziej gwałtowne zdarzenia miały miejsce w miesiącach zimowych - poinformował IMGW.
https://tvn24.pl/najnowsze.xml;https://tvn24.pl/tvnwarszawa/wilanow/32-letnia-matka-przyznala-sie-do-zabojstwa-miesiecznej-corki-i-usilowania-zabojstwa-dwoch-synow-6100274?source=rss;2022-09-06 13:44:06+00:00;False;32-letnia matka przyznała się do zabójstwa miesięcznej córki i usiłowania zabójstwa dwóch synów;<img alt="32-letnia matka przyznała się do zabójstwa miesięcznej córki i usiłowania zabójstwa dwóch synów" src="https://tvn24.pl/tvnwarszawa/najnowsze/cdn-zdjecie-fxx410-policja-zdjecie-ilustracyjne-5560909/alternates/LANDSCAPE_1280" />
    32-letnia Magdalena D.-M. usłyszała zarzut zabójstwa miesięcznej córeczki oraz usiłowania zabójstwa dwóch synów. Kobieta przyznała się do zarzucanych jej czynów oraz złożyła wyjaśnienia - dowiedziała się PAP.
https://tvn24.pl/najnowsze.xml;https://tvn24.pl/bialystok/belzec-dzieci-znalazly-pocisk-artyleryjski-i-przyniosly-go-przed-blok-jeden-z-mieszkancow-powiadomil-policje-6100242?source=rss;2022-09-06 13:33:30+00:00;False;Dzieci znalazły pocisk artyleryjski i przyniosły go przed blok;<img alt="Dzieci znalazły pocisk artyleryjski i przyniosły go przed blok" src="https://tvn24.pl/najnowsze/cdn-zdjecie-fxt51j-dzieci-znalazly-pocisk-6100248/alternates/LANDSCAPE_1280" />
    Saperzy zabezpieczyli pocisk, który przed jeden z bloków w miejscowości Bełżec (Lubelskie) przyniosły, nieświadome zagrożenia, dzieci. Znalazły go podczas zabawy, pochodzi prawdopodobnie z czasów II wojny światowej.
https://tvn24.pl/najnowsze.xml;https://tvn24.pl/bialystok/gminy-sosnowica-86-latka-miala-odlezyny-i-otwarte-rany-z-larwami-zmarla-w-szpitalu-64-letnia-corka-odpowie-za-znecanie-sie-6100179?source=rss;2022-09-06 13:24:20+00:00;False;86-latka miała odleżyny i otwarte rany. Zmarła w szpitalu. Jej 64-letnia córka oskarżona o znęcanie się;<img alt="86-latka miała odleżyny i otwarte rany. Zmarła w szpitalu. Jej 64-letnia córka oskarżona o znęcanie się " src="https://tvn24.pl/najnowsze/cdn-zdjecie-waepis-prokuratura-zarzuca-64-latce-znecanie-sie-i-nieumyslne-spowodowanie-smierci-matki-6100189/alternates/LANDSCAPE_1280" />
    Fizyczne i psychiczne znęcanie się nad 86-latką oraz doprowadzenie do śmierci kobiety - takie zarzuty prokuratura postawiła 64-letniej Wiesławie S. Jej matkę znaleziono pod koniec zeszłego roku w domu na teren
https://tvn24.pl/najnowsze.xml;https://tvn24.pl/swiat/sprawa-wiz-dla-obywateli-rosji-komisja-europejska-proponuje-calkowite-zawieszenie-porozumienia-o-ulatwieniach-wizowych-6100251?source=rss;2022-09-06 13:23:45+00:00;False;Komisja Europejska proponuje całkowite zawieszenie porozumienia o ułatwieniach wizowych z Rosją;<img alt="Komisja Europejska proponuje całkowite zawieszenie porozumienia o ułatwieniach wizowych z Rosją" src="https://tvn24.pl/najnowsze/cdn-zdjecie-okfir2-komisja-europejska-shutterstock260719826-5734425/alternates/LANDSCAPE_1280" />
    Komisja Europejska wystąpiła we wtorek z propozycją całkowitego zawieszenia porozumienia o ułatwieniach wizowych z Rosją. Inicjatywa została uzgodniona w zeszłym tygodniu przez ministrów spraw zagranicznych Unii Europejskiej w Pradze. Oznacza, że obywatele Ro
https://tvn24.pl/najnowsze.xml;https://tvn24.pl/biznes/ze-swiata/rosja-chiny-zmiany-w-platnosciach-za-gaz-gazprom-podpisal-umowe-z-china-national-petroleum-corporation-6100173?source=rss;2022-09-06 13:16:33+00:00;False;Zmiany w płatnościach za gaz. Gazprom podpisał umowę z chińskim gigantem;<img alt="Zmiany w płatnościach za gaz. Gazprom podpisał umowę z chińskim gigantem" src="https://tvn24.pl/najnowsze/cdn-zdjecie-v78xhx-rurociag-shutterstock1494053054-6100230/alternates/LANDSCAPE_1280" />
    Rosyjski koncern Gazprom poinformował we wtorek, że podpisał umowę z chińskim gigantem China National Petroleum Corporation. Dotyczy ona zmian w płatnościach za gaz, które będą uiszczane w juanach i rublach zamiast w dolarach amerykańskich.
https://tvn24.pl/najnowsze.xml;https://tvn24.pl/biznes/z-kraju/wegiel-premier-mateusz-morawiecki-radzi-zamawiac-wegiel-z-dostawa-na-grudzien-lub-styczen-6100213?source=rss;2022-09-06 13:08:00+00:00;False;Premier radzi: warto zamawiać węgiel z dostawą na grudzień lub na styczeń;<img alt="Premier radzi: warto zamawiać węgiel z dostawą na grudzień lub na styczeń" src="https://tvn24.pl/najnowsze/cdn-zdjecie-j7r06a-wegiel-transport-wegla-6084628/alternates/LANDSCAPE_1280" />
    W całym sezonie grzewczym dostępność węgla będzie "niewątpliwie bardzo wysoka", ale na początku warto zamawiać węgiel z pewnym odroczeniem, z dostawą na grudzień lub styczeń - powiedział w rozmowie z PAP premier Mateusz Morawiecki. Szef rządu zapewniał, że Polska ściąga surowiec "z całego świata".
https://tvn24.pl/najnowsze.xml;https://tvn24.pl/swiat/indie-kobieta-otrula-13-latka-bo-uczyl-sie-lepiej-niz-jej-corka-6099860?source=rss;2022-09-06 13:06:01+00:00;False;Otruła 13-latka, bo uczył się lepiej niż jej córka. Chłopiec zmarł w szpitalu;<img alt="Otruła 13-latka, bo uczył się lepiej niż jej córka. Chłopiec zmarł w szpitalu" src="https://tvn24.pl/najnowsze/cdn-zdjecie-q3kmmn-chlopiec-zmarl-w-szpitalu-6099972/alternates/LANDSCAPE_1280" />
    Matka 13-letniej dziewczynki otruła jej kolegę ze szkoły, ponieważ ten osiągał w szkole lepsze wyniki - w poniedziałek poinformowały indyjskie media. Do zdarzenia doszło w mieście Karajkkal w południowo-wschodnich Indiach. Chłopiec zmarł w szpitalu, a kobieta trafiła do aresztu gdzie została
https://tvn24.pl/najnowsze.xml;https://tvn24.pl/polska/edukacja-rosna-ceny-korepetycji-ile-kosztuja-zajecia-dodatkowe-w-nowym-roku-szkolnym-6099651?source=rss;2022-09-06 12:48:20+00:00;False;Rosną ceny korepetycji. Ile kosztują zajęcia dodatkowe w nowym roku szkolnym i które są najdroższe?;<img alt="Rosną ceny korepetycji. Ile kosztują zajęcia dodatkowe w nowym roku szkolnym i które są najdroższe?" src="https://tvn24.pl/najnowsze/cdn-zdjecie-iniip6-szkola-5591653/alternates/LANDSCAPE_1280" />
    Według danych portalu e-korepetycje.net, średnia cena pojedynczych zajęć dodatkowych z matematyki wyższej wzrosła przez rok o 10 zł. Mimo to odsetek polskich rodziców deklarujących chęć wysłania dzieci na płatne zajęcia pozostaje na wysokim poziomie. Które są najdroższe?
https://tvn24.pl/najnowsze.xml;https://tvn24.pl/polska/myslakowice-dolny-slask-protest-uczniow-podczas-wizyty-przemyslawa-czarnka-w-szkole-hit-to-sht-6100155?source=rss;2022-09-06 12:48:19+00:00;False;Młodzież protestowała podczas wizyty Przemysława Czarnka w szkole;<img alt="Młodzież protestowała podczas wizyty Przemysława Czarnka w szkole" src="https://tvn24.pl/najnowsze/cdn-zdjecie-ss1jve-protest-mlodziezy-6100257/alternates/LANDSCAPE_1280" />
    Minister edukacji Przemysław Czarnek został we wtorek oprotestowany przez uczniów podczas jego wizyty w szkole podstawowej w Mysłakowicach (Dolny Śląsk). "HiT to sh*it" - skandowali nastolatkowie, którzy na transparentach przynieśli hasła krytyczne wobec nowego przedmiotu, a także wobec postawy polityka.
https://tvn24.pl/najnowsze.xml;https://tvn24.pl/pomorze/gdansk-pustynne-koty-przyszly-na-swiat-w-oliwskim-zoo-w-naturze-sa-zagrozone-wyginieciem-6099933?source=rss;2022-09-06 12:41:16+00:00;False;Koty pustynne przyszły na świat w oliwskim zoo;<img alt="Koty pustynne przyszły na świat w oliwskim zoo" src="https://tvn24.pl/pomorze/cdn-zdjecie-shpw5o-gdansk-powital-na-swiecie-drugi-miot-kotkow-pustynnych-6100128/alternates/LANDSCAPE_1280" />
    Kotka pustynna Maolie już drugi raz doczekała się potomstwa. Tym razem urodziły się samiczka i samczyk. Mają dwa miesiące i można je zobaczyć na wybiegu gdańskiego ogrodu zoologicznego. Koty pustynne, dawniej zwane arabskimi, w miejscach naturalnego występowania objęte są ochroną. Stanowią chrap
https://tvn24.pl/najnowsze.xml;https://tvn24.pl/swiat/wyspy-kurylskie-rosja-zerwala-umowe-pozwalajaca-japonczykom-odwiedzac-sporne-wyspy-tokio-protestuje-6099731?source=rss;2022-09-06 12:38:38+00:00;False;Rosja zerwała umowę pozwalającą Japończykom odwiedzać sporne wyspy bez wiz. Tokio protestuje;<img alt="Rosja zerwała umowę pozwalającą Japończykom odwiedzać sporne wyspy bez wiz. Tokio protestuje" src="https://tvn24.pl/najnowsze/cdn-zdjecie-p94mjp-shutterstock738683767-6100143/alternates/LANDSCAPE_1280" />
    Rosyjskie władze ogłosiły we wtorek zerwanie umowy z Japonią, na mocy której byli mieszkańcy spornych wysp kurylskich mogli je odwiedzać w sposób bezwizowy. Agencja Kyodo poinformowała o proteście rządu w Tokio w tej sprawie.
https://tvn24.pl/najnowsze.xml;https://tvn24.pl/swiat/niemcy-media-kanclerz-olaf-scholz-odrzucil-prosby-ukrainy-o-dostawy-czolgow-leopard-6100089?source=rss;2022-09-06 12:23:57+00:00;False;Kanclerz Scholz odrzucił prośby Ukrainy o dostawy ciężkiego uzbrojenia;<img alt="Kanclerz Scholz odrzucił prośby Ukrainy o dostawy ciężkiego uzbrojenia" src="https://tvn24.pl/najnowsze/cdn-zdjecie-pxo7i0-olaf-scholz-6100042/alternates/LANDSCAPE_1280" />
    Kanclerz Niemiec Olaf Scholz - pomimo próśb szefa ukraińskiego rządu Denysa Szmyhala - odmówił przekazania Kijowowi ciężkiego uzbrojenia, szczególnie czołgów Leopard 2. Władze w Berlinie nie widzą takiej możliwości, chociaż jeden z koncernów zbrojeniowych jest gotowy, by wesprzeć Ukrainę - informuje tygodnik "Sp
https://tvn24.pl/najnowsze.xml;https://tvn24.pl/katowice/zory-narkotyki-w-pluszowych-zabawkach-pieniadze-w-dzieciecych-portfelikach-i-opakowaniach-po-czekoladkach-6099993?source=rss;2022-09-06 12:21:36+00:00;False;Narkotyki w pluszakach, pieniądze w dziecięcych portfelikach i opakowaniach po czekoladkach;<img alt="Narkotyki w pluszakach, pieniądze w dziecięcych portfelikach i opakowaniach po czekoladkach" src="https://tvn24.pl/katowice/cdn-zdjecie-qqltt9-narkotyki-ukryte-w-zabawkach-pluszowych-6099940/alternates/LANDSCAPE_1280" />
    Policjanci sprawdzili sześć miejsc, w których 48-latka, podejrzewana o handel narkotykami, mogła je ukrywać. W jednym lokalu znaleźli pluszowe zabawki, dziecięce portfele i opakowania po czekoladkach, chociaż kobieta nie ma małych dzieci. W zajączku i misiu odkryli
https://tvn24.pl/najnowsze.xml;https://tvn24.pl/polska/zbiorka-na-bayraktara-sierakowski-nadwyzka-trafila-do-funduszu-ukrainskich-sil-zbrojnych-6099977?source=rss;2022-09-06 12:14:26+00:00;False;Przekazano prawie 2,5 miliona złotych nadwyżki ze zbiórki na Bayraktara. "Przyda się Ukraińcom w walce";<img alt="Przekazano prawie 2,5 miliona złotych nadwyżki ze zbiórki na Bayraktara. " src="https://tvn24.pl/najnowsze/cdn-zdjecie-4xgd6u-dron-bayraktar-tb2-na-plycie-lotniska-5137193/alternates/LANDSCAPE_1280" />
    Nadwyżka w wysokości ponad 2,3 miliona złotych została wpłacona na fundusz ukraińskich sił zbrojnych - we wtorek poinformował publicysta Sławomir Sierakowski, organizator zbiórki na wojskowego drona Bayraktar dla Ukrainy. Celem było zebranie 22,5 miliona złotych, próg ten został jedn
https://tvn24.pl/najnowsze.xml;https://tvn24.pl/swiat/wielka-brytania-ma-nowa-premier-liz-truss-otrzymala-od-krolowej-misje-utworzenia-rzadu-6100121?source=rss;2022-09-06 12:03:40+00:00;False;Wielka Brytania ma nową premier. Liz Truss otrzymała od królowej misję utworzenia rządu;<img alt="Wielka Brytania ma nową premier. Liz Truss otrzymała od królowej misję utworzenia rządu" src="https://tvn24.pl/najnowsze/cdn-zdjecie-2vt3jm-krolowa-elzbieta-liz-truss-6100124/alternates/LANDSCAPE_1280" />
    Brytyjska królowa Elżbieta II przyjęła we wtorek na audiencji w zamku Balmoral w Szkocji nową przewodniczącą rządzącej Partii Konserwatywnej Liz Truss, której powierzyła misję sformowania rządu. Niespełna godzinę wcześniej na ręce monarchini swoją rezygnację ze stanowiska premiera
https://tvn24.pl/najnowsze.xml;https://tvn24.pl/lodz/lodz-wlasciciel-firmy-dostaje-rachunki-za-gaz-wyzsze-o-tysiac-procent-apeluje-do-pgnig-6099990?source=rss;2022-09-06 12:00:20+00:00;False;Dostaje rachunki za gaz wyższe o tysiąc procent. Ograniczył produkcję, firma działa tylko trzy dni w tygodniu;<img alt="Dostaje rachunki za gaz wyższe o tysiąc procent. Ograniczył produkcję, firma działa tylko trzy dni w tygodniu" src="https://tvn24.pl/najnowsze/cdn-zdjecie-3s6onf-zaklad-wlokienniczy-w-lodzi-na-skraju-bankructwa-6100107/alternates/LANDSCAPE_1280" />
    Właściciel zakładu włókienniczego w Łodzi mówi, że rachunek za gaz wzrósł o tysiąc procent w porównaniu do zeszłego roku. Apeluje o negocjacje do PGNiG oraz do rządzących.
https://tvn24.pl/najnowsze.xml;https://tvn24.pl/tvnwarszawa/wola/warszawa-atak-nozownika-w-mieszkaniu-przy-alei-prymasa-tysiaclecia-uslyszal-zarzut-6100110?source=rss;2022-09-06 12:00:06+00:00;False;Mężczyzna zginął po ataku nożownika na Woli. Zarzut zabójstwa i areszt dla 38-latka;<img alt="Mężczyzna zginął po ataku nożownika na Woli. Zarzut zabójstwa i areszt dla 38-latka" src="https://tvn24.pl/tvnwarszawa/najnowsze/cdn-zdjecie-w89los-cialo-mezczyzny-znaleziono-w-mieszkaniu-na-woli-6096982/alternates/LANDSCAPE_1280" />
    38-letniemu Damianowi W. przedstawiono we wtorek zarzut zabójstwa "poprzez spowodowanie rany kłutej szyi skutkującej zgonem pokrzywdzonego". Sąd zastosował wobec podejrzanego tymczasowy areszt na trzy miesiące. Ofiara została znaleziona w mieszkaniu na
https://tvn24.pl/najnowsze.xml;https://tvn24.pl/tvnwarszawa/ulice/warszawa-trakt-brzeski-pozar-ciezarowki-z-naczepa-6100021?source=rss;2022-09-06 11:55:12+00:00;False;Na wjeździe do Warszawy zapaliła się naczepa ciężarówki;<img alt="Na wjeździe do Warszawy zapaliła się naczepa ciężarówki" src="https://tvn24.pl/najnowsze/cdn-zdjecie-mpw4rq-pozar-ciezarowki-na-trakcie-brzeskim-6100082/alternates/LANDSCAPE_1280" />
    W naczepie ciężarówki jadącej Traktem Brzeskim zapaliło się koło. Ogień objął też skrzynię ładunkową, ale nie dostał się do jej wnętrza. Nie było osób poszkodowanych.
https://tvn24.pl/najnowsze.xml;https://tvn24.pl/kultura-i-styl/nie-zyje-kazimierz-mazur-aktor-mial-74-lata-6100087?source=rss;2022-09-06 11:48:43+00:00;False;Nie żyje Kazimierz Mazur. Aktor miał 74 lata;<img alt="Nie żyje Kazimierz Mazur. Aktor miał 74 lata" src="https://tvn24.pl/najnowsze/cdn-zdjecie-y4mro5-kazimierz-mazur-nie-zyje-6100068/alternates/LANDSCAPE_1280" />
    Kazimierz Mazur znany był z licznych ról serialowych, filmowych, był także aktorem dubbingowym. Informację o śmierci potwierdziła agencja WINK, z którą był związany w ostatnich latach oraz rodzina.
https://tvn24.pl/najnowsze.xml;https://tvn24.pl/polska/tatry-zamkniecie-szlaku-na-rysy-z-powodu-wymiany-lancuchow-sztuczne-ulatwienia-zuzywaja-sie-szybciej-niz-zazwyczaj-6099835?source=rss;2022-09-06 11:38:20+00:00;False;W czwartek szlak na Rysy zostanie zamknięty. Z powodu wymiany łańcuchów;<img alt="W czwartek szlak na Rysy zostanie zamknięty. Z powodu wymiany łańcuchów" src="https://tvn24.pl/najnowsze/cdn-zdjecie8340a847280da4fe3ca916a1f057948e-rysy-juz-bez-krzyza-967110/alternates/LANDSCAPE_1280" />
    Wejście na najwyższy szczyt Polski w czwartek 8 czerwca będzie możliwe wyłącznie od strony słowackiej. Tatrzański Park Narodowy zamknie szlak na cały dzień z powodu wymiany ponad 150 metrów łańcuchów asekuracyjnych. Część z wiszących tam obecnie była ostatnio wymieniana kilkadzie
https://tvn24.pl/najnowsze.xml;https://tvn24.pl/biznes/z-kraju/wegiel-cena-i-dostepnosc-kolejki-przed-kopalniami-mariusz-marszalkowski-komentuje-6099357?source=rss;2022-09-06 11:34:10+00:00;False;"Ludzie czekają po siedem, osiem, a nawet więcej dni";<img alt="" src="https://tvn24.pl/najnowsze/cdn-zdjecie-jx7fr2-wegiel-shutterstock1908708235-5741663/alternates/LANDSCAPE_1280" />
    Pamiętajmy, że węgiel węglowi nierówny. Wydobywany w Polsce węgiel w większości jest węglem energetycznym, czyli przeznaczonym do spalania w specyficznych piecach. Taki węgiel nie nadaje się do spalania w gospodarstwach domowych - powiedział na antenie TVN24 Mariusz Marszałkowski z portalu biznesalert.pl. Zwrócił również uwagę na problemy logistyczne kopalni, zwi
https://tvn24.pl/najnowsze.xml;https://tvn24.pl/poznan/poznan-70-uczniow-nadal-bez-szkoly-urzednicy-pomagaja-w-szukaniu-wolnych-miejsc-w-klasach-6099829?source=rss;2022-09-06 11:26:10+00:00;False;Rok szkolny trwa, a 70 uczniów pozostaje bez szkoły;<img alt="Rok szkolny trwa, a 70 uczniów pozostaje bez szkoły" src="https://tvn24.pl/poznan/cdn-zdjecie-4ub60h-w-poznanskich-szkolach-srednich-zabraklo-miejsc-dla-70-uczniow-6100031/alternates/LANDSCAPE_1280" />
    Kurator oświaty krytykuje władze Poznania, wytykając, że jako jedyne duże miasto nie poradziły sobie z rekrutacją do szkół średnich. Te odbijają piłeczkę, podkreślając, że to kurator wyznaczył zbyt późne terminy rekrutacji. Efekt jest, że bez szkoły pozostaje nadal około 70 uczniów.
https://tvn24.pl/najnowsze.xml;https://tvn24.pl/biznes/moto/rowerzysci-bez-pierwszenstwa-gdy-wjezdzaja-na-przejazd-ministerstwo-infrastruktury-wyjasnia-6099980?source=rss;2022-09-06 11:26:04+00:00;False;"Zmiana nie doprowadziła do odebrania rowerzystom pierwszeństwa". Ministerstwo wyjaśnia;<img alt="" src="https://tvn24.pl/najnowsze/cdn-zdjecie-4s4bz9-droga-dla-rowerow-sciezka-rowerowa-6088286/alternates/LANDSCAPE_1280" />
    Ministerstwo Infrastruktury poinformowało, że zasady pierwszeństwa na przejazdach rowerowych pozostają bez zmian. Zarówno obecnie, jak i przed zmianą przepisów, rowerzyści i uczestnicy ruchu drogowego poruszający się na urządzeniach transportu osobistego nie mieli pierwszeństwa podczas wjeżdżania na przejazd rowerowy - zaznaczył resort w stanowisku przesłany
https://tvn24.pl/najnowsze.xml;https://tvn24.pl/biznes/moto/rowerzysci-bez-pierwszenstwa-gdy-wjezdzaja-na-przejazd-wazne-zmiany-w-ruchu-drogowym-6099980?source=rss;2022-09-06 11:26:04+00:00;False;Ważna zmiana przepisów dla rowerzystów. "Cofnięcie się do stanu sprzed kilku lat";<img alt="Ważna zmiana przepisów dla rowerzystów. " src="https://tvn24.pl/najnowsze/cdn-zdjecie-4s4bz9-droga-dla-rowerow-sciezka-rowerowa-6088286/alternates/LANDSCAPE_1280" />
    Od listopada 2021 roku kierowca musi ustępować tylko rowerzystom znajdującym się na przejeździe - jest to efekt rozporządzenia ministra infrastruktury Andrzeja Adamczyka, które zniosło obowiązek ustąpienia "wjeżdżającym". - Kierowcy po raz kolejny zyskują dużą przewagę do rowerzystów - stwierdził na antenie TVN24 Sebas
https://tvn24.pl/najnowsze.xml;https://tvn24.pl/bialystok/zamosc-byl-pijany-i-zniecierpliwiony-przed-sklepem-ugodzil-nozem-46-latka-grozi-mu-pieciu-lat-wiezienia-6099901?source=rss;2022-09-06 11:18:21+00:00;False;Ranił nożem 46-latka, bo według niego zbyt wolno pakował w sklepie zakupy. Był pijany;<img alt="Ranił nożem 46-latka, bo według niego zbyt wolno pakował w sklepie zakupy. Był pijany" src="https://tvn24.pl/najnowsze/cdn-zdjecie-eyzmpf-do-zajscia-doszlo-przed-jednym-ze-sklepow-6099954/alternates/LANDSCAPE_1280" />
    Przed jednym ze sklepów w Zamościu (Lubelskie) pijany 48-latek zaatakował nożem o dwa lata młodszego mężczyznę. Miał do niego pretensje, że gdy obaj stali w kolejce do kasy, ten miał zbyt wolno pakować zakupy. 48-latek oskarżył też pokrzywdzonego o to, że to rzekomo p
https://tvn24.pl/najnowsze.xml;https://tvn24.pl/biznes/z-kraju/stopy-procentowe-wrzesien-2022-o-ile-wzrosna-po-posiedzeniu-rpp-prognozy-ekonomistow-i-analitykow-bankow-6099746?source=rss;2022-09-06 11:16:54+00:00;False;O ile wzrosną stopy procentowe? Przewidywania ekonomistów;<img alt="O ile wzrosną stopy procentowe? Przewidywania ekonomistów" src="https://tvn24.pl/najnowsze/cdn-zdjecie-3foimp-nbp-5530812/alternates/LANDSCAPE_1280" />
    Stopy procentowe w Polsce rosną od października 2021 roku. W środę, 7 września zaplanowano kolejne posiedzenie decyzyjne Rady Polityki Pieniężnej. Ekonomiści zgodnie spodziewają się kolejnych podwyżek. Oto prognozy analityków największych banków.
https://tvn24.pl/najnowsze.xml;https://tvn24.pl/wroclaw/wroclaw-ceny-pokoi-w-akademikach-wzrosly-ale-to-nadal-najtansza-opcja-miejsca-zostaly-zajete-w-ciagu-kilku-godzin-6099900?source=rss;2022-09-06 11:03:16+00:00;False;"Miejsca zajęte w kilka godzin". Ceny pokoi w akademikach wzrosły, ale to i tak najtańsza opcja;<img alt="" src="https://tvn24.pl/najnowsze/cdn-zdjecie-bhmica-pokoj-dwuosobowy-w-akademiku-uniwersytetu-wroclawskiego-6099975/alternates/LANDSCAPE_1280" />
    Domy studenckie cieszą się w tym roku rekordowym zainteresowaniem. Chociaż cena najtańszego pokoju w akademikach Uniwersytetu Wrocławskiego wzrosła o kilkadziesiąt złotych, to nadal jest to jedna z najtańszych opcji na rynku wynajmu mieszkań. - Miejsca zostały zajęte właściwie w ciągu kilku godzin - mówi rzeczniczka uniwersytetu.
https://tvn24.pl/najnowsze.xml;https://tvn24.pl/tvnwarszawa/ulice/stara-biala-pod-plockiem-mazowieckie-15-latek-wiozl-pijanego-ojca-6099874?source=rss;2022-09-06 10:53:50+00:00;False;Nie zatrzymał się do kontroli. 15-latek wiózł pijanego ojca;<img alt="Nie zatrzymał się do kontroli. 15-latek wiózł pijanego ojca" src="https://tvn24.pl/tvnwarszawa/najnowsze/cdn-zdjecie-7d6ptr-kontrola-drogowa-zdj-ilustracyjne-5671048/alternates/LANDSCAPE_1280" />
    W Starej Białej pod Płockiem kierowca zlekceważył policjantów i nie zatrzymał się do kontroli. Kilkaset metrów dalej wjechał na prywatną posesję. Tam okazało się, że za kierownicą siedzi nastolatek. Na miejscu pasażera był natomiast jego pijany ojciec.
https://tvn24.pl/najnowsze.xml;https://tvn24.pl/swiat/lotwa-katastrofa-prywatnego-samolotu-na-morzu-baltyckim-znaleziono-ludzkie-szczatki-moga-nalezec-do-zalogi-6099895?source=rss;2022-09-06 10:52:31+00:00;False;Katastrofa prywatnego samolotu na Morzu Bałtyckim. U wybrzeży Łotwy znaleziono ludzkie szczątki;<img alt="Katastrofa prywatnego samolotu na Morzu Bałtyckim. U wybrzeży Łotwy znaleziono ludzkie szczątki " src="https://tvn24.pl/najnowsze/cdn-zdjecie-st6e2j-baltyk-sztorm-5792471/alternates/LANDSCAPE_1280" />
    Łotewska marynarka wojenna natrafiła na ludzkie szczątki na Morzu Bałtyckim w miejscu, w którym niedzielę rozbił się prywatny samolot Cessna 551. Na pokładzie odrzutowca były cztery osoby.
https://tvn24.pl/najnowsze.xml;https://tvn24.pl/polska/jacek-kurski-odwolany-komentarze-politykow-to-jest-schylkowy-aws-6099897?source=rss;2022-09-06 10:48:19+00:00;False;Jacek Kurski odwołany z funkcji prezesa telewizji państwowej. Politycy komentują;<img alt="Jacek Kurski odwołany z funkcji prezesa telewizji państwowej. Politycy komentują" src="https://tvn24.pl/najnowsze/cdn-zdjecie-acqqoj-jacek-kurski-6099561/alternates/LANDSCAPE_1280" />
    To, co Jacek Kurski w naszym społeczeństwie zostawia po sobie, to jest kłamstwo, nienawiść, niechęć - uważa przewodniczący Nowoczesnej Adam Szłapka. Według niego, odwołanie Kurskiego z funkcji prezesa telewizji państwowej świadczy o tym, że w obozie rządowym "każdy walczy z każdym i wszyscy ze wszystk
https://tvn24.pl/najnowsze.xml;https://tvn24.pl/swiat/wojna-w-ukrainie-hakerzy-podszyli-sie-w-pod-atrakcyjne-kobiety-by-namierzyc-rosyjskich-zolnierzy-6099405?source=rss;2022-09-06 10:31:25+00:00;False;Podszywali się pod atrakcyjne kobiety, by namierzyć rosyjskich żołnierzy - ujawnia "FT";<img alt="Podszywali się pod atrakcyjne kobiety, by namierzyć rosyjskich żołnierzy - ujawnia " src="https://tvn24.pl/najnowsze/cdn-zdjecie-1y2iqw-haker2-5577430/alternates/LANDSCAPE_1280" />
    Dziennik "Financial Times" dotarł do informatyka, który stworzył grupę ukraińskich hakerów stojącą za działaniami skierowanymi przeciwko rosyjskiemu agresorowi. Jedną z akcji jego zespołu miało być napisanie do rosyjskich żołnierzy z fikcyjnych kont atrakcyjnych kobiet i przekonanie ich do przesłania zdj
https://tvn24.pl/najnowsze.xml;https://tvn24.pl/tvnwarszawa/ochota/warszawa-odwolane-operacje-w-narodowym-instytucie-onkologii-instrumentariuszki-na-zwolnieniu-6099791?source=rss;2022-09-06 10:29:37+00:00;False;Paraliż operacji w Instytucie Onkologii. "Jesteśmy zmuszeni odwoływać 20 operacji dziennie";<img alt="Paraliż operacji w Instytucie Onkologii. " src="https://tvn24.pl/tvnwarszawa/najnowsze/cdn-zdjecie-12rb1o-kryzys-w-narodowym-instytucie-onkologii-6099908/alternates/LANDSCAPE_1280" />
    14 pielęgniarek instrumentariuszek z Narodowego Instytutu Onkologii (NIO) wciąż przebywa na zwolnieniach lekarskich. Ich 11 koleżanek, które przychodzą do pracy, wyznaczono do operacji w sytuacjach zagrożenia życia i najpilniejszych z tych planowych. - Jesteśmy zmuszeni odwoływać 20 operacji dziennie,
https://tvn24.pl/najnowsze.xml;https://tvn24.pl/biznes/z-kraju/bezrobocie-w-sierpniu-marlena-malag-podaje-dane-6099798?source=rss;2022-09-06 10:28:35+00:00;False;Bezrobocie w Polsce. Minister podaje dane;<img alt="Bezrobocie w Polsce. Minister podaje dane" src="https://tvn24.pl/najnowsze/cdn-zdjecie-y80v8f-ulica-ludzie-shutterstock144058351-5782327/alternates/LANDSCAPE_1280" />
    Bezrobocie w Polsce wyniosło 4,9 procent według wstępnego odczytu - poinformowała minister rodziny i polityki społecznej Marlena Maląg. Zaznaczyła, że to oznacza, że poziom bezrobocia w sierpniu został utrzymany na poziomie lipca i czerwca.
https://tvn24.pl/najnowsze.xml;https://tvn24.pl/ciekawostki/dzien-walki-z-prokrastynacja-odkladanie-obowiazkow-na-pozniej-dotyczy-15-20-procent-osob-ekspert-6099614?source=rss;2022-09-06 10:18:12+00:00;False;Dzień walki z prokrastynacją. Nawet co piąty z nas odkłada swoje obowiązki na później;<img alt="Dzień walki z prokrastynacją. Nawet co piąty z nas odkłada swoje obowiązki na później" src="https://tvn24.pl/najnowsze/cdn-zdjecie-d2xfp4-szacuje-sie-ze-nawet-20-proc-spoleczenstwa-notorycznie-odkladania-dzialania-na-pozniej-6099783/alternates/LANDSCAPE_1280" />
    6 września obchodzimy Dzień Walki z Prokrastynacją, czyli ciągłym odkładaniem swoich obowiązków na później. To nie to samo co zwykłe lenistwo. Choć do tej pory nie została sklasyfikowana jako schorzenie, ma podłoże w emocja
https://tvn24.pl/najnowsze.xml;https://tvn24.pl/swiat/premier-serbii-ana-brnabic-w-kosowie-pierwszy-raz-od-pieciu-lat-6099730?source=rss;2022-09-06 10:15:55+00:00;False;Premier Serbii w Kosowie, pierwszy raz od pięciu lat. Wezwała do "kompromisu w imię pokoju";<img alt="Premier Serbii w Kosowie, pierwszy raz od pięciu lat. Wezwała do " src="https://tvn24.pl/najnowsze/cdn-zdjecie-arbvnz-wizyta-premier-serbii-any-brnabic-w-kosowie-6099733/alternates/LANDSCAPE_1280" />
    Premier Serbii Ana Brnabić złożyła w poniedziałek wizytę w Kosowie. To pierwsza taka podróż szefowej serbskiego rządu od 2017 roku. Brnabić zadeklarowała, że Belgrad jest gotowy do kompromisu w relacjach z Prisztiną. O dialog między stolicami apelowali niedawno przywódcy Niemiec oraz F
https://tvn24.pl/najnowsze.xml;https://tvn24.pl/bialystok/bialystok-po-skandalu-z-ksiedzem-andrzejem-debskim-rzecznikiem-kurii-bialostockiej-zostala-kobieta-6099828?source=rss;2022-09-06 10:15:53+00:00;False;Po skandalu kuria białostocka ma nowego, świeckiego rzecznika. Została nim kobieta;<img alt="Po skandalu kuria białostocka ma nowego, świeckiego rzecznika. Została nim kobieta " src="https://tvn24.pl/najnowsze/cdn-zdjecie-5axcgl-archidiecezja-bialostocka-6099851/alternates/LANDSCAPE_1280" />
    Teresa Margańska, redaktor i fotograf serwisu internetowego ArchiBial.pl, została nowym rzecznikiem archidiecezji białostockiej. Przejęła tę funkcję po księdzu Andrzeju Dębskim, który został pozbawiony prawa do wykonywania jakichkolwiek posług duszpasterskich i skierowany na terapię.
https://tvn24.pl/najnowsze.xml;https://tvn24.pl/swiat/rosja-znana-dziennikarka-jewgienija-albac-poinformowala-o-wyjezdzie-z-kraju-6099821?source=rss;2022-09-06 10:08:10+00:00;False;Znana rosyjska dziennikarka Jewgienija Albac poinformowała o wyjeździe z kraju;<img alt="Znana rosyjska dziennikarka Jewgienija Albac poinformowała o wyjeździe z kraju" src="https://tvn24.pl/najnowsze/cdn-zdjecie-omtzqk-rosyjska-dziennikarka-jewgienijaalbac-6099811/alternates/LANDSCAPE_1280" />
    Redaktor naczelna niezależnego pisma w Rosji "The New Times" Jewgienija Albac poinformowała, że opuściła kraj - podała rosyjska redakcja BBC News. Dziennikarka została w lipcu uznana przez władze za tak zwanego zagranicznego agenta.
https://tvn24.pl/najnowsze.xml;https://tvn24.pl/tvnmeteo/nauka/nowa-metoda-poszukiwan-prastarych-kraterow-uderzeniowych-wymyslili-ja-badacze-z-polski-6099817?source=rss;2022-09-06 10:05:04+00:00;False;Nowa metoda poszukiwań prastarych kraterów uderzeniowych. Wymyślili ją badacze z Polski;<img alt="Nowa metoda poszukiwań prastarych kraterów uderzeniowych. Wymyślili ją badacze z Polski" src="https://tvn24.pl/tvnmeteo/najnowsze/cdn-zdjecie-0vqegc-asteroida-przemknela-obok-ziemi-zdjecie-pogladowe-5712504/alternates/LANDSCAPE_1280" />
    Poszukiwanie kraterów, powstałych w wyniku uderzeń meteorytów setki tysięcy lat temu, nie jest najłatwiejszym zadaniem. Teraz - dzięki pomysłowi badaczy z Polski - może stać się nieco prostsze. W nowej metodzie naukowcy nie analizują powstałych krat
https://tvn24.pl/najnowsze.xml;https://tvn24.pl/swiat/argentyna-zatrzymano-partnerke-mezczyzny-ktory-celowal-w-wiceprezydent-nagranie-6099808?source=rss;2022-09-06 10:00:39+00:00;False;Zatrzymano partnerkę mężczyzny, który celował w wiceprezydent Argentyny. Nagranie;<img alt="Zatrzymano partnerkę mężczyzny, który celował w wiceprezydent Argentyny. Nagranie" src="https://tvn24.pl/najnowsze/cdn-zdjecie-m321g5-zatrzymano-partnerke-mezczyzny-ktory-wycelowal-z-broni-w-wiceprezydent-argentyny-6099802/alternates/LANDSCAPE_1280" />
    Argentyńska policja zatrzymała partnerkę mężczyzny, który w ubiegły czwartek wycelował broń palną w twarz wiceprezydent Argentyny Cristiny Fernandez de Kirchner. 23-latkę, podejrzaną o udział w nieudanej próbie ataku, zatrzymano na d
https://tvn24.pl/najnowsze.xml;https://tvn24.pl/pomorze/opalenica-betonomieszarka-wypadla-z-drogi-i-przewrocila-sie-na-bok-6099516?source=rss;2022-09-06 09:33:45+00:00;False;Betonomieszarka wypadła z drogi po zderzeniu z ciężarówką i przewróciła się na bok;<img alt="Betonomieszarka wypadła z drogi po zderzeniu z ciężarówką i przewróciła się na bok" src="https://tvn24.pl/najnowsze/cdn-zdjecie-8fn2zd-opalenica-zderzenie-betonomieszarki-z-ciezarowka-na-miejscu-sluzby-6099495/alternates/LANDSCAPE_1280" />
    Do groźnie wyglądającego zdarzenia drogowego doszło w Opalenicy (woj. kujawsko-pomorskie). Betonomieszarka po zderzeniu z ciężarówką, przewróciła się na bok i znalazła się w przydrożnym polu. Kierowcy na szczęście nie odnieśli poważniejszych obra
https://tvn24.pl/najnowsze.xml;https://tvn24.pl/pomorze/globino-slupsk-nagranie-policyjnego-poscigu-po-kilkunastu-kilometrach-motocyklista-sie-przewrocil-6099714?source=rss;2022-09-06 09:29:25+00:00;False;Uciekał, jechał z prędkością ponad 200 kilometrów na godzinę i spadł z motocykla;<img alt="Uciekał, jechał z prędkością ponad 200 kilometrów na godzinę i spadł z motocykla" src="https://tvn24.pl/najnowsze/cdn-zdjecie-qdalew-poscig-za-motocyklista-6099700/alternates/LANDSCAPE_1280" />
    Policjanci przez 15 kilometrów ścigali motocyklistę, który nie zatrzymał się do kontroli. W pewnym momencie mężczyzna spadł ze swojego pojazdu. Jak się okazało, był pijany. Pościg zarejestrowała kamera w policyjnym motocyklu.
https://tvn24.pl/najnowsze.xml;https://tvn24.pl/swiat/usa-leonard-glenn-francis-gruby-leonard-uciekl-z-aresztu-jest-uwiklany-w-skandal-korupcyjny-w-marynarce-wojennej-usa-6099670?source=rss;2022-09-06 09:27:58+00:00;False;Amerykańska marynarka straciła przez niego dziesiątki miliony dolarów. "Gruby Leonard" uciekł;<img alt="Amerykańska marynarka straciła przez niego dziesiątki miliony dolarów. " src="https://tvn24.pl/najnowsze/cdn-zdjecie-k1skv8-shutterstock2043437423-6099719/alternates/LANDSCAPE_1280" />
    Malezyjski biznesmen Leonard Glenn Francis, znany jako "Gruby Leonard", uciekł z aresztu domowego, w którym miał przebywać do czasu wydania wyroku w jego sprawie. Malezyjczyk jest uwikłany w ogromny skandal korupcyjny w amerykańskiej marynarce wojennej.
https://tvn24.pl/najnowsze.xml;https://tvn24.pl/polska/kety-dzieci-w-zamknietym-samochodzie-matka-monitorowala-je-przez-aplikacje-6099560?source=rss;2022-09-06 09:23:51+00:00;False;Zostawiła dwoje małych dzieci w samochodzie. Tłumaczyła, że monitorowała je zdalnie;<img alt="Zostawiła dwoje małych dzieci w samochodzie. Tłumaczyła, że monitorowała je zdalnie" src="https://tvn24.pl/najnowsze/cdn-zdjecie-y4md1u-matka-zostawila-dziecko-w-rozgrzanym-aucie-zdjecie-ilustracyjne-5765481/alternates/LANDSCAPE_1280" />
    Dwoje małych dzieci spało w samochodzie, w pobliżu nie było żadnego opiekuna. Zaniepokojona losem kilkulatków pracownica pobliskiego lokalu gastronomicznego zawiadomiła policję. Okazało się, że będąca w pobliżu matka monitorowała malców zdalnie.
https://tvn24.pl/najnowsze.xml;https://tvn24.pl/biznes/z-kraju/pko-bp-prace-serwisowe-w-najwiekszym-polskim-banku-6099764?source=rss;2022-09-06 09:21:46+00:00;False;Klienci największego banku w Polsce bez dostępu do niektórych usług. Zaplanowano prace serwisowe;<img alt="Klienci największego banku w Polsce bez dostępu do niektórych usług. Zaplanowano prace serwisowe" src="https://tvn24.pl/najnowsze/cdn-zdjecie-b1lkfv-bankomat-bank-platnosci-4659429/alternates/LANDSCAPE_1280" />
    Bank PKO BP zaplanował na noc z wtorku na środę prace serwisowe. Klienci muszą przygotować się na utrudnienia związane z płatnościami kartą oraz wypłatami gotówki. Bank zalecił, aby zaplanowane operacje wykonać z wyprzedzeniem.
https://tvn24.pl/najnowsze.xml;https://tvn24.pl/katowice/bielsko-biala-janusz-szymik-kontra-diecezja-bielsko-zywiecka-druga-rozprawa-w-procesie-cywilnym-zeznaje-biskup-tadeusz-rakoczy-6099554?source=rss;2022-09-06 09:20:56+00:00;False;W dzieciństwie było molestowany przez księdza, pozwał diecezję. Sąd wyłączył jawność dwóch rozpraw;<img alt="W dzieciństwie było molestowany przez księdza, pozwał diecezję. Sąd wyłączył jawność dwóch rozpraw" src="https://tvn24.pl/najnowsze/cdn-zdjecie-l9gasx-ruszyl-proces-janusz-szymik-kontra-kuria-5602591/alternates/LANDSCAPE_1280" />
    Mężczyzna, wykorzystywany seksualnie w dzieciństwie przez księdza wytoczył proces cywilny diecezji bielsko-żywieckiej. Na wtorek sąd w Bielsku-Białej zaplanował przesłuchanie biskupa seniora tej jednostki Kościoła Tadeusza Rakoczego. - Jest mi bardzo przyk
https://tvn24.pl/najnowsze.xml;https://tvn24.pl/polska/koronawirus-w-polsce-mapa-zakazen-ile-szczepien-ile-nowych-przypadkow-wykryto-6-wrzesnia-2022-4344739?source=rss;2022-09-06 09:02:00+00:00;False;Koronawirus w Polsce. Mapa zakażeń. Ile szczepień wykonano;<img alt="Koronawirus w Polsce. Mapa zakażeń. Ile szczepień wykonano" src="https://tvn24.pl/najnowsze/cdn-zdjecie-o0cfny-covid-dzienny-bilans-6099679/alternates/LANDSCAPE_1280" />
    We wtorek na stronie gov.pl poinformowano o 5845 nowych, potwierdzonych zakażeniach SARS-CoV-2. Jak wynika z danych z minionej doby, zmarło 21 pacjentów z COVID-19. Zobacz najnowsze, zaktualizowane dane.
https://tvn24.pl/najnowsze.xml;https://tvn24.pl/tvnmeteo/swiat/wyspa-campbella-nowa-zelandia-najbardziej-samotne-drzewo-swiata-ma-pomoc-w-walce-ze-zmianami-klimatu-6099567?source=rss;2022-09-06 09:01:57+00:00;False;Badania "najbardziej samotnego drzewo świata" mają pomóc w walce ze zmianami klimatu;<img alt="Badania " src="https://tvn24.pl/tvnmeteo/najnowsze/cdn-zdjecie-ewbvum-badania-najbardziej-samotnego-drzewa-na-wyspie-campbella-6099434/alternates/LANDSCAPE_1280" />
    Świerk sitkajski, który rośnie na Wyspie Campbella na Oceanie Południowym, jest najdalej rosnącym drzewem na świecie. Poprzez badanie jego słojów, naukowcy zamierzają dowiedzieć się, jak znosiło i absorbowało dwutlenek węgla na przestrzeni lat. W ten sposób chcą odkryć, czy może stać się bronią w walce ze szkodliwymi em
https://tvn24.pl/najnowsze.xml;https://tvn24.pl/bialystok/lublin-zamiescil-w-internecie-ogloszenie-o-pracy-jest-podejrzany-o-zgwalcenie-22-latki-6099638?source=rss;2022-09-06 08:57:05+00:00;False;36-latek jest podejrzany o zgwałcenie młodej kobiety, która odpowiedziała na jego ogłoszenie o pracy;<img alt="36-latek jest podejrzany o zgwałcenie młodej kobiety, która odpowiedziała na jego ogłoszenie o pracy" src="https://tvn24.pl/najnowsze/cdn-zdjecie-wb3d06-36-latkowi-grozi-do-dwunastu-lat-wiezienia-6099634/alternates/LANDSCAPE_1280" />
    Policja zatrzymała 36-letniego mieszkańca Lublina, który zamieścił w serwisie internetowym ogłoszenie dotyczące pracy hostessy i animatorki dla dzieci. W trakcie spotkania z zainteresowaną zatrudnieniem 22-latką miał ją zgwałcić. Gdy, powiadomieni o sp
https://tvn24.pl/najnowsze.xml;https://tvn24.pl/polska/jacek-kurski-odwolany-czy-wejdzie-do-rzadu-premier-mateusz-morawiecki-odpowiada-6099534?source=rss;2022-09-06 08:42:22+00:00;False;Czy Jacek Kurski wejdzie do rządu? Premier Morawiecki odpowiada;<img alt="Czy Jacek Kurski wejdzie do rządu? Premier Morawiecki odpowiada" src="https://tvn24.pl/najnowsze/cdn-zdjecie-98ch83-pap201909170au-1-6099661/alternates/LANDSCAPE_1280" />
    Jacek Kurski decyzją Rady Mediów Narodowych został odwołany ze stanowiska prezesa telewizji państwowej. We wtorek o możliwą przyszłość Kurskiego w rządzie pytany był premier Mateusz Morawiecki. - Jak będą decyzje co do zmian w rządzie, to dowiedzą się państwo o tym w stosownym czasie - powiedział.
https://tvn24.pl/najnowsze.xml;https://tvn24.pl/swiat/wojna-w-ukrainie-sytuacja-w-obwodzie-luganskim-kreminna-ukrainskie-wladze-o-atakach-na-rosjan-6099525?source=rss;2022-09-06 08:36:31+00:00;False;Władze obwodu ługańskiego: w okupowanej Kreminnej zginęło niemal 400 rosyjskich żołnierzy;<img alt="Władze obwodu ługańskiego: w okupowanej Kreminnej zginęło niemal 400 rosyjskich żołnierzy" src="https://tvn24.pl/najnowsze/cdn-zdjecie-5mah99-ukraina-wojsko-6093992/alternates/LANDSCAPE_1280" />
    Lojalny wobec Kijowa szef władz Ługańszczyzny Serhij Hajdaj przekazał w poniedziałek, że ukraińskie wojska zaatakowały w ostatnich dniach rosyjskie pozycje w okupowanym mieście Kreminna w obwodzie ługańskim. Jak dodał, w wyniku skutecznych uderzeń zginęło niemal 400 żołnierzy wroga.
https://tvn24.pl/najnowsze.xml;https://tvn24.pl/biznes/z-kraju/stopy-procentowe-mateusz-morawiecki-fala-podwyzek-zmierza-ku-koncowi-6099547?source=rss;2022-09-06 08:29:22+00:00;False;Premier: fala podwyżek stóp procentowych zmierza ku końcowi;<img alt="Premier: fala podwyżek stóp procentowych zmierza ku końcowi " src="https://tvn24.pl/najnowsze/cdn-zdjecie-twn858-wynagrodzenie-pieniadze-zloty-5495121/alternates/LANDSCAPE_1280" />
    W środę Rada Polityki Pieniężnej podejmie decyzję co do wysokości stóp procentowych. Zdaniem premiera Mateusza Morawieckiego "fala podwyżek zmierza ku końcowi". Podkreślił jednak, że o ostatecznym poziomie stóp procentowych zadecyduje Rada Polityki Pieniężnej.
https://tvn24.pl/najnowsze.xml;https://tvn24.pl/polska/podkarpacie-ciezarowka-ze-zbyt-szerokim-ladunkiem-zablokowala-droge-przewoznikowi-grozi-grzywna-6099448?source=rss;2022-09-06 08:13:57+00:00;False;Ładunek był tak szeroki, że zablokował drogę;<img alt="Ładunek był tak szeroki, że zablokował drogę" src="https://tvn24.pl/najnowsze/cdn-zdjecie-9jaxwq-policja-ladunek-przekraczal-dopuszczalne-normy-szerokosci-6099407/alternates/LANDSCAPE_1280" />
    Samochód ciężarowy przewożący ponadnormatywny ładunek zablokował drogę krajową numer 19 w Miejscu Piastowym na Podkarpaciu. Na naczepie pojazdu znajdowały się metalowe części, których szerokość uniemożliwiła przejazd remontowanym odcinkiem trasy. Jak informuje policja, przewoźnik korzystał z 
https://tvn24.pl/najnowsze.xml;https://tvn24.pl/tvnwarszawa/najnowsze/dk2-piotrowina-wypadek-autobusu-ranni-6099507?source=rss;2022-09-06 07:55:52+00:00;False;Na krajowej "dwójce" autokar przewrócił się do rowu. Są ranni;<img alt="Na krajowej " src="https://tvn24.pl/tvnwarszawa/najnowsze/cdn-zdjecie-h77v4y-wypadek-w-plonsku-zdjecie-ilustracyjne-6066221/alternates/LANDSCAPE_1280" />
    W miejscowości Piotrowina, na trasie między Warszawą a Siedlcami, doszło do wypadku z udziałem autokaru. Jak podaje straż pożarna, dwie osoby są ranne. Na miejscu pracują służby.
https://tvn24.pl/najnowsze.xml;https://tvn24.pl/tvnwarszawa/ulice/dk2-piotrowina-wypadek-autobusu-ranni-6099507?source=rss;2022-09-06 07:55:52+00:00;False;Na krajowej "dwójce" autokar przewrócił się do rowu. Są ranni;<img alt="Na krajowej " src="https://tvn24.pl/tvnwarszawa/najnowsze/cdn-zdjecie-2jehyk-autobus-wpadl-do-rowu-na-dk2-6099702/alternates/LANDSCAPE_1280" />
    W miejscowości Piotrowina, na trasie między Siedlcami a Warszawą, doszło do wypadku autokaru. Jak podaje straż pożarna, jedna osoba odniosła poważne obrażenia, a cztery zostały lekko ranne. Droga jest zablokowana.
https://tvn24.pl/najnowsze.xml;https://tvn24.pl/pomorze/swiecie-na-ulicy-mial-sie-obnazac-przed-kobieta-doszlo-do-obywatelskiego-zatrzymania-6099336?source=rss;2022-09-06 07:48:32+00:00;False;Miał się na ulicy obnażać przed kobietą. Doszło do obywatelskiego zatrzymania;<img alt="Miał się na ulicy obnażać przed kobietą. Doszło do obywatelskiego zatrzymania" src="https://tvn24.pl/najnowsze/cdn-zdjecie-dkhqab-policjanci-zatrzymali-mezczyzne-gdy-podjechal-samochodem-po-zakupy-zdj-ilustracyjne-5815431/alternates/LANDSCAPE_1280" />
    59-latek ze Świecia (woj. kujawsko-pomorskie) miał się obnażać w miejscach publicznych. Sprawę zgłosiła policji jedna z mieszkanek. Doszło do obywatelskiego zatrzymania mężczyzny. Grozi mu kara do roku pozbawienia wolności.
https://tvn24.pl/najnowsze.xml;https://tvn24.pl/swiat/bialorus-prawnik-juryj-ziankowicz-politolog-alaksandr-fiaduta-i-opozycyjny-polityk-ryhor-kastusiou-skazani-za-probe-przewrotu-wyrok-6099460?source=rss;2022-09-06 07:47:08+00:00;False;Oskarżono ich o "zamach" na Łukaszenkę. Sąd wydał wyrok;<img alt="Oskarżono ich o " src="https://tvn24.pl/najnowsze/cdn-zdjecie-pls2fz-alaksandr-lukaszenka-5498060/alternates/LANDSCAPE_1280" />
    Prawnik Juryj Ziankowicz został skazany na 11 lat więzienia, a politolog Alaksandr Fiaduta i opozycyjny polityk Ryhor Kastusiou na 10 lat w procesie w sprawie tak zwanej "próby przewrotu" – powiadomiły media niezależne, powołując się na informacje w mediach państwowych.
https://tvn24.pl/najnowsze.xml;https://tvn24.pl/tvnwarszawa/okolice/warszawa-auto-skradzione-na-targowku-odzyskali-w-zabkach-wlasciciel-zorientowal-sie-dopiero-po-telefonie-od-policji-6099414?source=rss;2022-09-06 07:38:53+00:00;False;Odzyskali auto, zanim właściciel zorientował się, że zostało skradzione;<img alt="Odzyskali auto, zanim właściciel zorientował się, że zostało skradzione " src="https://tvn24.pl/tvnwarszawa/najnowsze/cdn-zdjecie-2yiih4-zatrzymany-38-latek-6099417/alternates/LANDSCAPE_1280" />
    - Kryminalni zwalczający przestępczość samochodową pozyskali informację o skradzionej maździe. 15 minut później na terenie miejscowości Ząbki, dzięki wsparciu kryminalnych z Komendy Powiatowej Policji w Wołominie, zatrzymali 38-latka, który miał dokonać jej kradzieży - przekazała komisarz P
https://tvn24.pl/najnowsze.xml;https://tvn24.pl/tvnwarszawa/najnowsze/warszawa-karambol-na-sluzewcu-siedem-aut-rozbitych-6099346?source=rss;2022-09-06 07:25:27+00:00;False;Karambol na Służewcu. Zderzyło się siedem aut;<img alt="Karambol na Służewcu. Zderzyło się siedem aut" src="https://tvn24.pl/tvnwarszawa/najnowsze/cdn-zdjecie-g8mnl2-karambol-na-sluzewcu-6099452/alternates/LANDSCAPE_1280" />
    Pięć aut osobowych i dwa busy zderzyły się we wtorek rano na ulicy Rzymowskiego. Jedna osoba potrzebowała pomocy medycznej.
https://tvn24.pl/najnowsze.xml;https://tvn24.pl/katowice/cieszyn-pozar-w-domu-pomocy-spolecznej-jedna-osoba-nie-zyje-6099388?source=rss;2022-09-06 07:25:01+00:00;False;Pożar w domu pomocy społecznej. Jeden z pensjonariuszy nie żyje. Pracownik, który go ratował, jest w szpitalu;<img alt="Pożar w domu pomocy społecznej. Jeden z pensjonariuszy nie żyje. Pracownik, który go ratował, jest w szpitalu" src="https://tvn24.pl/katowice/cdn-zdjecie-1kpjjw-tragiczny-pozar-w-domu-pomocy-spolecznej-w-cieszynie-6099440/alternates/LANDSCAPE_1280" />
    Po wybuchu pożaru we wtorek rano w domu pomocy społecznej w Cieszynie z budynku ewakuowano sto osób. Jeden z lokatorów zmarł. Pracownik, który próbował go ratować, trafił do szpitala. Hospitalizowanych jest kilka osób. Pozostali mają 
https://tvn24.pl/najnowsze.xml;https://tvn24.pl/swiat/rosja-mlode-kobiety-stojace-za-propagandowa-machina-kremla-6099297?source=rss;2022-09-06 07:23:33+00:00;False;"Żelazna lalka Putina", "główny kłamca Ławrowa". Kim są kobiety stojące za propagandową machiną Kremla?;<img alt="" src="https://tvn24.pl/najnowsze/cdn-zdjecie-27bvxc-dziewczyny-putina-6099345/alternates/LANDSCAPE_1280" />
    Rosyjska propagandystka Daria Dugina, która zginęła od bomby podłożonej w samochodzie, była tylko jedną z wielu Rosjanek, stojących na czele wojny dezinformacyjnej Kremla. Dziennik "Bild" zwrócił szczególną uwagę na cztery kobiety, stanowiące podporę Putina.
https://tvn24.pl/najnowsze.xml;https://tvn24.pl/poznan/kalisz-na-ulicy-mieli-grozic-bronia-policja-szuka-mezczyzn-ze-zdjec-6099390?source=rss;2022-09-06 07:05:58+00:00;False;Na ulicy mieli grozić bronią. Policja szuka mężczyzn ze zdjęć;<img alt="Na ulicy mieli grozić bronią. Policja szuka mężczyzn ze zdjęć" src="https://tvn24.pl/poznan/cdn-zdjecie-vslj03-policja-szuka-dwoch-mezczyzn-6099413/alternates/LANDSCAPE_1280" />
    Kaliska policja publikuje wizerunki dwóch mężczyzn podejrzewanych o usiłowanie rozboju. Z zeznań pokrzywdzonego wynika, że grożono mu bronią.
https://tvn24.pl/najnowsze.xml;https://tvn24.pl/swiat/wielka-brytania-ostatnie-przemowienie-premiera-borisa-johnsona-na-downing-street-6099401?source=rss;2022-09-06 07:02:19+00:00;False;Ostatnie przemówienie premiera Johnsona. "Jestem teraz rakietą wspomagającą";<img alt="Ostatnie przemówienie premiera Johnsona. " src="https://tvn24.pl/najnowsze/cdn-zdjecie-uiym5a-ostatnie-przemowienie-borisa-johnsona-w-roli-premiera-6099397/alternates/LANDSCAPE_1280" />
    We wtorek zakończył się dwumiesięczny okres przejściowy, w którym Wielka Brytania znalazła się po zapowiedzianej przez Borisa Johnsona rezygnacji. - Wypełniłem swoją rolę i teraz łagodnie wejdę do atmosfery i wyląduję w jakimś zapomnianym zakątku Pacyfiku, tak jak Cyncynat. Jestem gotowy i wracam do
https://tvn24.pl/najnowsze.xml;https://tvn24.pl/pomorze/katastrofa-ekologiczna-w-odrze-zakaz-korzystania-z-odry-w-wojewodztwie-zachodniopomorskim-zniesiony-6099332?source=rss;2022-09-06 06:59:19+00:00;False;Zakaz korzystania z Odry zniesiony. "To nie oznacza, że można pływać w rzece, pić wodę czy poić zwierzęta";<img alt="Zakaz korzystania z Odry zniesiony. " src="https://tvn24.pl/najnowsze/cdn-zdjecie-hudsq1-pap202208220m2-6082368/alternates/LANDSCAPE_1280" />
    Zakaz korzystania z wód Odry w województwie zachodniopomorskim przestał obowiązywać we wtorek. Taką decyzję podjął wojewoda Zbigniew Bogucki. Jak tłumaczył, podczas prowadzonych w ostatnim tygodniu badań wody nie stwierdzono nowych przypadków śnięcia ryb na całej długości rzeki. Badania wody nie wykazały też "czynników, które mogą być niebezp
https://tvn24.pl/najnowsze.xml;https://tvn24.pl/tvnmeteo/swiat/tajfun-hinnamnor-w-korei-poludniowej-powalone-drzewa-zerwane-linie-energetyczne-co-najmniej-jedna-zabita-osoba-6099324?source=rss;2022-09-06 06:58:08+00:00;False;Powalone drzewa, zerwane linie energetyczne. Tajfun Hinnamnor uderzył w Koreę Południową;<img alt="Powalone drzewa, zerwane linie energetyczne. Tajfun Hinnamnor uderzył w Koreę Południową" src="https://tvn24.pl/tvnmeteo/najnowsze/cdn-zdjecie-4awaxn-skutki-tajfunu-hinnamnor-w-korei-poludniowej-6099356/alternates/LANDSCAPE_1280" />
    Tajfun Hinnamnor pozostawił w Korei Południowej sporo zniszczeń. Żywioł powalał drzewa, niszczył budynki i infrastrukturę. Władze przekazały, że co najmniej jedna osoba zginęła, a dwie są zaginione.
https://tvn24.pl/najnowsze.xml;https://tvn24.pl/polska/libiaz-kopalnia-janina-kolejka-po-wegiel-czas-oczekiwania-do-zapisu-to-nawet-kilka-dni-atrakcyjna-cena-6099296?source=rss;2022-09-06 06:51:53+00:00;False;Kilka dni w kolejce po węgiel. Dziesiątki osób koczują przed kopalnią;<img alt="Kilka dni w kolejce po węgiel. Dziesiątki osób koczują przed kopalnią" src="https://tvn24.pl/najnowsze/cdn-zdjecie-rnaawa-przed-kopalnia-janina-ludzie-czekaja-dniami-i-nocami-by-zapisac-sie-w-kolejce-po-wegiel-6099200/alternates/LANDSCAPE_1280" />
    Przed kopalnią "Janina" w Libiążu (Małopolska) ustawiła się długa kolejka chętnych na zakup węgla. - Jeżdżę tu 58 lat, ale takiego czegoś jeszcze nie było - mówił dziennikarzowi "Faktów" TVN jeden z oczekujących. Inny zaznaczył, że w celu
https://tvn24.pl/najnowsze.xml;https://tvn24.pl/swiat/usa-policja-odnalazla-cialo-w-poblizu-miejsca-porwania-wnuczki-miliardera-elizy-fletcher-6099252?source=rss;2022-09-06 06:44:59+00:00;False;Policja odnalazła ciało w pobliżu miejsca porwania Elizy Fletcher. Ale dochodzenie w sprawie dziedziczki fortuny Josepha Orgilla III "jest w toku";<img alt="Policja odnalazła ciało w pobliżu miejsca porwania Elizy Fletcher. Ale dochodzenie w sprawie dziedziczki fortuny Josepha Orgilla III " src="https://tvn24.pl/najnowsze/cdn-zdjecie-r7wyv8-eliza-fletcher-po-raz-ostatni-byla-widziana-w-piatek-w-memphis-6097794/alternates/LANDSCAPE_1280" />
    Policja w Memphis odnalazła zwłoki osoby, której tożsamości "nie potwierdzono". Stało się to jednak w pobliżu miejsca, w którym trzy dni wcześniej uprowadzono Elizę Fletcher - nauczycielkę i spadkobi
https://tvn24.pl/najnowsze.xml;https://tvn24.pl/biznes/pieniadze/renta-planistyczna-oplata-za-wzrost-wartosci-nieruchomosci-prace-nad-projektem-w-mrit-minister-rozwoju-waldemar-buda-komentuje-6099311?source=rss;2022-09-06 06:38:39+00:00;False;Opłata za wzrost wartości nieruchomości. Minister o projekcie zmian;<img alt="Opłata za wzrost wartości nieruchomości. Minister o projekcie zmian" src="https://tvn24.pl/najnowsze/cdn-zdjecie-dpb65y-dom-5138455/alternates/LANDSCAPE_1280" />
    Właściciele zapłacą za wzrost wartości nieruchomości, nawet jeśli nie będą planowali sprzedaży - tak "Dziennik Gazeta Prawna" opisuje projekt, nad którym pracuje resort rozwoju, a który miałby zmienić zasady naliczania renty planistycznej. Minister rozwoju Waldemar Buda zapewnia, że "takich rozwiązań z pewnością nie będzie
https://tvn24.pl/najnowsze.xml;https://tvn24.pl/pomorze/lucim-nie-zapanowal-nad-pojazdem-i-uderzyl-w-znak-49-letni-motocyklista-zginal-w-wypadku-6099293?source=rss;2022-09-06 06:24:15+00:00;False;Motocyklista wypadł z drogi i uderzył w znak. Zginął na miejscu;<img alt="Motocyklista wypadł z drogi i uderzył w znak. Zginął na miejscu" src="https://tvn24.pl/najnowsze/cdn-zdjecie-builog-lucim-motocyklista-zginal-w-wypadku-6099278/alternates/LANDSCAPE_1280" />
    Bydgoscy policjanci wyjaśniają przyczyny i okoliczności wypadku na drodze krajowej nr 25 w Lucimiu (woj. kujawsko-pomorskie). Zginął 49-letni motocyklista.
https://tvn24.pl/najnowsze.xml;https://tvn24.pl/pomorze/torun-sa-podejrzani-o-kradziez-darow-dla-uchodzcow-trafili-do-aresztu-6099295?source=rss;2022-09-06 06:22:23+00:00;False;Okradziony magazyn z darami dla uchodźców, cztery osoby zatrzymane;<img alt="Okradziony magazyn z darami dla uchodźców, cztery osoby zatrzymane" src="https://tvn24.pl/najnowsze/cdn-zdjecie-xgrcxm-sad-aresztowal-czterech-mezczyzn-w-zwiazku-z-kradzieza-darow-dla-uchodzcow-6099292/alternates/LANDSCAPE_1280" />
    Z magazynu z darami dla uchodźców zniknęły między innymi produkty spożywcze, przemysłowe i sprzęt elektroniczny. Policjanci ustalili już sprawców i odzyskali skradzione rzeczy. Trzy osoby podejrzane są o kradzież, a jedna o pomoc w ukryciu łupów. Wszyscy
https://tvn24.pl/najnowsze.xml;https://tvn24.pl/polska/kryzys-energetyczny-janusz-piechocinski-mamy-do-czynienia-z-potwierdzeniem-narastajacego-chaosu-6099256?source=rss;2022-09-06 06:07:24+00:00;False;Piechociński: mamy do czynienia z potwierdzeniem narastającego chaosu;<img alt="Piechociński: mamy do czynienia z potwierdzeniem narastającego chaosu" src="https://tvn24.pl/najnowsze/cdn-zdjecie-kx3mho-piasecki-6099271/alternates/LANDSCAPE_1280" />
    Analiza zawartości węgla na polskim rynku mówi, że zapasy spadły o 84 procent w dwa lata. Kto miał to rejestrować? – pytał w "Rozmowie Piaseckiego" były wicepremier i minister gospodarki Janusz Piechociński, odnosząc się do kryzysu energetycznego, w obliczu którego stoi Polska. - Mamy do czynienia z potwierdzeniem n
https://tvn24.pl/najnowsze.xml;https://tvn24.pl/tvnmeteo/swiat/syczuan-chiny-nowy-bilans-trzesienia-ziemi-ratownicy-wciaz-szukaja-zaginionych-6099261?source=rss;2022-09-06 06:01:13+00:00;False;Nowy bilans trzęsienia ziemi w Chinach. Ratownicy wciąż szukają zaginionych;<img alt="Nowy bilans trzęsienia ziemi w Chinach. Ratownicy wciąż szukają zaginionych" src="https://tvn24.pl/tvnmeteo/najnowsze/cdn-zdjecie-otyw44-trzesienie-ziemi-w-chinach-6099300/alternates/LANDSCAPE_1280" />
    Poniedziałek przyniósł mieszkańcom południowo-zachodnich Chin silne trzęsienie ziemi. Władze regionu podały we wtorek rano nowe informacje na temat ofiar śmiertelnych i rannych. Zginęło 65 osób. Wciąż trwają poszukiwania zaginionych.
https://tvn24.pl/najnowsze.xml;https://tvn24.pl/biznes/tech/instagram-ukarany-grzywna-w-wysokosci-402-milionow-dolarow-6099247?source=rss;2022-09-06 05:59:40+00:00;False;Setki milionów dolarów kary dla technologicznego giganta;<img alt="Setki milionów dolarów kary dla technologicznego giganta" src="https://tvn24.pl/najnowsze/cdn-zdjecie-m0sqru-instagram-5430609/alternates/LANDSCAPE_1280" />
    Instagram został ukarany grzywną w wysokości 402 milionów dolarów (405 milionów euro) przez irlandzkie organy regulacyjne. Kara została nałożona za złe zarządzanie danymi osobowymi nastolatków, które miało naruszyć surowe przepisy Unii Europejskiej dotyczące prywatności danych. Przedstawiciele firmy Meta, właściciela Instagrama
https://tvn24.pl/najnowsze.xml;https://tvn24.pl/swiat/wybory-prezydenckie-w-brazylii-sondaz-jair-bolsonaro-traci-poparcie-rosnie-przewaga-luli-da-silvy-6099263?source=rss;2022-09-06 05:49:18+00:00;False;Wybory prezydenckie w Brazylii. Sondaż: Bolsonaro traci poparcie;<img alt="Wybory prezydenckie w Brazylii. Sondaż: Bolsonaro traci poparcie" src="https://tvn24.pl/najnowsze/cdn-zdjecie-n2lca7-brazylijczyk-pozuje-z-brazylijska-flaga-i-plakatami-z-jairem-bolsonaro-6099275/alternates/LANDSCAPE_1280" />
    Zbliżają się wybory prezydenckie w Brazylii. Jak wynika z ogłoszonego w poniedziałek sondażu IPEC, rośnie przewaga lewicowego kandydata, a zarazem byłego prezydenta Luiza Inacio Luli da Silva nad obecnym konserwatywnym prezydentem Jairem Bolsonaro rośnie.
https://tvn24.pl/najnowsze.xml;https://tvn24.pl/swiat/usa-politico-ambasador-usa-w-moskwie-zrezygnowal-ze-stanowiska-z-powodu-choroby-zony-6099244?source=rss;2022-09-06 05:39:58+00:00;False;Politico: ambasador USA w Moskwie zrezygnował ze stanowiska z powodu choroby żony;<img alt="Politico: ambasador USA w Moskwie zrezygnował ze stanowiska z powodu choroby żony" src="https://tvn24.pl/najnowsze/cdn-zdjecie-b71uw9-john-sullivan-6099262/alternates/LANDSCAPE_1280" />
    Były ambasador USA w Rosji John Sullivan powiedział Politico, że powodem jego nagłej rezygnacji ze stanowiska w Moskwie była ciężka choroba żony. Żona dyplomaty, prawniczka Grace Rodriguez, zmarła w poniedziałek na raka, dzień po ogłoszeniu jego odejściu ze stanowiska.
https://tvn24.pl/najnowsze.xml;https://tvn24.pl/swiat/prezydent-andrzej-duda-w-afryce-wizyta-w-nigerii-wybrzezu-kosci-sloniowej-i-senegalu-6099241?source=rss;2022-09-06 05:29:45+00:00;False;Prezydent Andrzej Duda rozpoczął podróż po zachodniej Afryce;<img alt="Prezydent Andrzej Duda rozpoczął podróż po zachodniej Afryce" src="https://tvn24.pl/najnowsze/cdn-zdjecie-jmw63f-prezydent-andrzej-duda-rozpoczal-wizyte-w-afryce-zachodniej-6099264/alternates/LANDSCAPE_1280" />
    Prezydent Andrzej Duda rozpoczął trzydniową podróż po zachodniej Afryce. We wtorek rano przybył do stolicy Nigerii - Abudży, a odwiedzi również Wybrzeże Kości Słoniowej i Senegal. W planach prezydenta są między innymi rozmowy na temat dostaw surowców energetycznych do Polski
https://tvn24.pl/najnowsze.xml;https://tvn24.pl/biznes/ze-swiata/gaz-ziemny-nie-plynie-przez-nord-stream-1-gazprom-o-wznowieniu-dostaw-gazu-6099253?source=rss;2022-09-06 05:25:26+00:00;False;Gazprom o wznowieniu dostaw gazu. "Powinniście zapytać Siemensa";<img alt="Gazprom o wznowieniu dostaw gazu. " src="https://tvn24.pl/biznes/najnowsze/cdn-zdjecie-7nwwmt-gazprom-petersburg-rosja-6095032/alternates/LANDSCAPE_1280" />
    Gaz nie będzie płynął przez Nord Stream 1 dopóki Siemens Energy nie naprawi usterek aparatury - stwierdza cytowany przez Reutersa wicedyrektor rosyjskiego Gazpromu Witalij Markełow. Siemens zaprzecza jakoby Rosjanie zlecili mu naprawy i podkreśla, że usterki, o których mówi Gazprom, można usunąć na miejscu.
https://tvn24.pl/najnowsze.xml;https://tvn24.pl/polska/kolejki-po-wegiel-w-sezonie-grzewczym-moze-zabraknac-do-25-mln-ton-wegla-opalowego-6099201?source=rss;2022-09-06 05:24:39+00:00;False;Kolejki po węgiel. W sezonie grzewczym może zabraknąć do 2,5 mln ton węgla opałowego;<img alt="Kolejki po węgiel. W sezonie grzewczym może zabraknąć do 2,5 mln ton węgla opałowego" src="https://tvn24.pl/najnowsze/cdn-zdjecie-rnaawa-przed-kopalnia-janina-ludzie-czekaja-dniami-i-nocami-by-zapisac-sie-w-kolejce-po-wegiel-6099200/alternates/LANDSCAPE_1280" />
    W kopalni można kupić tańszy węgiel, dlatego chętni na zakup nocami czekają w kolejkach. Na składach ceny sięgają 4 tysięcy złotych za tonę, ale i tu trzeba czekać na swoją kolej. Nie wszyscy się doczekają - sprzedawcy szac
https://tvn24.pl/najnowsze.xml;https://tvn24.pl/swiat/rosja-wladimir-putin-zatwierdzil-koncepcje-polityki-humanitarnej-za-granica-6099152?source=rss;2022-09-06 05:16:55+00:00;False;Kreml zatwierdził Koncepcję polityki humanitarnej;<img alt="Kreml zatwierdził Koncepcję polityki humanitarnej" src="https://tvn24.pl/najnowsze/cdn-zdjecie-6o42uz-russki-mir-6099153/alternates/LANDSCAPE_1280" />
    Prezydent Władimir Putin zatwierdził nową doktrynę polityki zagranicznej opartą na koncepcji "ruskiego miru" - koncepcji, którą konserwatywni ideolodzy wykorzystywali do usprawiedliwiania interwencji za granicą w celu wsparcia ludności rosyjskojęzycznej.
https://tvn24.pl/najnowsze.xml;https://tvn24.pl/tvnwarszawa/najnowsze/warszawa-remont-wiaduktu-na-marywilskiej-kiedy-utrudnienia-6098869?source=rss;2022-09-06 05:13:03+00:00;False;Remont już się nie opłacał. Zburzą stary wiadukt i postawią nowy;<img alt="Remont już się nie opłacał. Zburzą stary wiadukt i postawią nowy" src="https://tvn24.pl/tvnwarszawa/najnowsze/cdn-zdjecie-gonj7i-cztery-oferty-na-przebudowe-wiaduktu-na-marywilskiej-5761998/alternates/LANDSCAPE_1280" />
    Drogowcy rozpoczynają we wtorek prace przy ponad 50-letnim wiadukcie na Marywilskiej, między Smugową a Kupiecką. W czasie prac wprowadzony zostanie ruch wahadłowy.
https://tvn24.pl/najnowsze.xml;https://tvn24.pl/biznes/z-kraju/forum-ekonomiczne-2022-w-karpaczu-rusza-xxxi-edycja-fe-pod-nazwa-europa-w-obliczu-nowych-wyzwan-6099246?source=rss;2022-09-06 05:10:20+00:00;False;"Europa w obliczu nowych wyzwań". Rusza Forum Ekonomiczne w Karpaczu;<img alt="" src="https://tvn24.pl/biznes/najnowsze/cdn-zdjecie-05vtzs-karpacz-forum-ekonomiczne-6099243/alternates/LANDSCAPE_1280" />
    We wtorek rusza w Karpaczu XXXI Forum Ekonomiczne. W jego trakcie ma odbyć się ponad 300 wydarzeń - głównie debat z udziałem polityków, przedstawicieli biznesu oraz kultury i nauki.
https://tvn24.pl/najnowsze.xml;https://tvn24.pl/swiat/wielka-brytania-zaczeto-podawanie-nowej-dawki-przypominajacej-szczepionki-przeciw-covid-19-6099213?source=rss;2022-09-06 04:50:35+00:00;False;W Wielkiej Brytanii zaczęto podawanie nowej dawki przypominającej szczepionki przeciw COVID-19;<img alt="W Wielkiej Brytanii zaczęto podawanie nowej dawki przypominającej szczepionki przeciw COVID-19" src="https://tvn24.pl/najnowsze/cdn-zdjecie-si51si-profesor-magdalena-marczynska-coraz-wiecej-rodzicow-odmawia-zaszczepienia-swoich-dzieci-w-ramach-szczepien-obowiazkowych-6076067/alternates/LANDSCAPE_1280" />
    Pensjonariusze brytyjskich domów opieki społecznej i osoby, które nie mogą wychodzić z domu – a później pracownicy służby zdrowia i personel domów opieki, a także osoby w wieku pow
https://tvn24.pl/najnowsze.xml;https://tvn24.pl/polska/ukraina-chce-dolaczyc-do-unijnego-mechanizmu-ochrony-ludnosci-oswiadczenie-szefow-sluzb-ratowniczych-pieciu-panstw-6099178?source=rss;2022-09-06 04:46:41+00:00;False;Ukraina chce dołączyć do Unijnego Mechanizmu Ochrony Ludności. Szef MSWiA: jesteśmy od tego, żeby was wspierać;<img alt="Ukraina chce dołączyć do Unijnego Mechanizmu Ochrony Ludności. Szef MSWiA: jesteśmy od tego, żeby was wspierać" src="https://tvn24.pl/najnowsze/cdn-zdjecie-bvhfqg-spotkanie-szefow-sluzb-ratowniczych-polski-ukrainy-litwy-lotwy-i-estonii-6099193/alternates/LANDSCAPE_1280" />
    Szefowie służb ratowniczych Polski, Ukrainy, Litwy, Łotwy i Estonii podpisali oświadczenie w sprawie wsparcia Ukrainy w jej dążeniu do przystąpienia do Unijnego Mechanizmu Ochrony Ludności. - Jesteśmy otwarci na 
https://tvn24.pl/najnowsze.xml;https://tvn24.pl/programy/zmiana-na-stanowisku-prezesa-tvp-komentarze-politykow-6099176?source=rss;2022-09-06 04:42:55+00:00;False;Zmiana na stanowisku prezesa TVP. Komentarze polityków;<img alt="Zmiana na stanowisku prezesa TVP. Komentarze polityków" src="https://tvn24.pl/najnowsze/cdn-zdjecie-33hj5z-wars-6099167/alternates/LANDSCAPE_1280" />
    Jacek Kurski nie jest już prezesem TVP. Nie wiadomo, co kryje się za zaskakującą dymisją. Oficjalny komunikat mówi "o kolejnych wyzwaniach". Czy to oznacza powrót do czynnej polityki? Chociaż - patrząc na telewizję państwową - polityką Jacek Kurski zajmował się cały czas. Materiał magazynu  "Polska i Świat".
https://tvn24.pl/najnowsze.xml;https://tvn24.pl/swiat/wojna-w-ukrainie-rosja-kupuje-amunicje-od-korei-polnocnej-podal-new-york-times-6099226?source=rss;2022-09-06 04:32:38+00:00;False;"New York Times": Rosja kupuje amunicję od Korei Północnej;<img alt="" src="https://tvn24.pl/najnowsze/cdn-zdjecie-xd75np-rosyjskie-systemy-rakietowe-strzelaja-w-nieujawnione-miejsce-na-ukrainie-6092395/alternates/LANDSCAPE_1280" />
    Amerykański wywiad podał, że Moskwa kupuje amunicję artyleryjską od Korei Północnej - napisał "New York Times". Jak dodano, jest to oznaką, że globalne sankcje poważnie ograniczyły łańcuchy dostaw Rosjan i zmusiły ich do zwrócenia się do państw będących pariasami w zakresie dostaw wojskowych.
https://tvn24.pl/najnowsze.xml;https://tvn24.pl/swiat/wojna-w-ukrainie-rosja-kupuje-amunicje-od-korei-polnocnej-podal-pentagon-6099226?source=rss;2022-09-06 04:32:38+00:00;False;Pentagon: Rosja kupuje amunicję od Korei Północnej;<img alt="Pentagon: Rosja kupuje amunicję od Korei Północnej" src="https://tvn24.pl/najnowsze/cdn-zdjecie-tpkx9y-rosyjska-artyleria-5757946/alternates/LANDSCAPE_1280" />
    USA mają informację o tym, że Rosja kupuje amunicję artyleryjską od Korei Północnej - potwierdził rzecznik Pentagonu Patrick Ryder. Jak mówił, to oznaka logistycznych kłopotów Rosjan związanych z nałożonymi na Moskwę sankcjami.
https://tvn24.pl/najnowsze.xml;https://tvn24.pl/tvnmeteo/pogoda/alerty-imgw-burze-burze-z-gradem-silny-deszcz-z-burzami-prognoza-zagrozen-na-czwartek-i-piatek-6099234?source=rss;2022-09-06 04:32:31+00:00;False;Burze, grad i ulewy. IMGW wydał prognozę zagrożeń;<img alt="Burze, grad i ulewy. IMGW wydał prognozę zagrożeń" src="https://tvn24.pl/tvnmeteo/najnowsze/cdn-zdjecie-bw358g-imgw-prognozuje-burze-5201325/alternates/LANDSCAPE_1280" />
    IMGW może ostrzegać przed niebezpiecznymi zjawiskami, prognozowanymi na kolejne dni. Synoptycy planują wydać alerty przed burzami, którym towarzyszyć mają opady gradu oraz ulewy. Sprawdź, gdzie pogoda może być groźna.
https://tvn24.pl/najnowsze.xml;https://tvn24.pl/tvnmeteo/pogoda/alerty-imgw-burze-burze-z-gradem-silny-deszcz-z-burzami-intensywne-opadu-deszczu-prognoza-zagrozen-na-czwartek-i-piatek-6099234?source=rss;2022-09-06 04:32:31+00:00;False;Czeka nas powrót gwałtownych burz. Gdzie IMGW może wydać alerty;<img alt="Czeka nas powrót gwałtownych burz. Gdzie IMGW może wydać alerty" src="https://tvn24.pl/tvnmeteo/najnowsze/cdn-zdjecie-a35734-uwaga-na-ulewny-deszcz-5786758/alternates/LANDSCAPE_1280" />
    IMGW planuje w nadchodzących dniach wydać ostrzeżenia meteorologiczne pierwszego stopnia. Synoptycy prognozują burze, miejscami z opadami gradu lub silnym deszczem, a także intensywne opady deszczu.
https://tvn24.pl/najnowsze.xml;https://tvn24.pl/swiat/ukraina-walczy-najwazniejsze-wydarzenia-ostatnich-godzin-6099223?source=rss;2022-09-06 04:26:46+00:00;False;Ukraina walczy. Najważniejsze wydarzenia ostatnich godzin;<img alt="Ukraina walczy. Najważniejsze wydarzenia ostatnich godzin" src="https://tvn24.pl/najnowsze/cdn-zdjecie-n8tjfm-rosyjski-czolg-ukraina-maj-2022-6096416/alternates/LANDSCAPE_1280" />
    Inwazja Rosji na Ukrainę trwa już 195 dni. Sztab Generalny Sił Zbrojnych Ukrainy informuje o sukcesie taktycznym swoich wojsk i wyparciu Rosjan z ich pozycji na kierunku kramatorskim. W rejonie Kupiańska w obwodzie charkowskim Rosjanie stracili ponad 100 żołnierzy i dwa wozy bojowe. Oto najważniejsze wyda
https://tvn24.pl/najnowsze.xml;https://tvn24.pl/swiat/ukraina-wladze-rosjanie-deportowali-okolo-600-tysiecy-dzieci-6099196?source=rss;2022-09-06 04:24:36+00:00;False;Władze Ukrainy: Rosjanie deportowali około 600 tysięcy dzieci;<img alt="Władze Ukrainy: Rosjanie deportowali około 600 tysięcy dzieci" src="https://tvn24.pl/najnowsze/cdn-zdjecie-pnw805-przymusowe-deportacje-reportaz-czarno-na-bialym-5752250/alternates/LANDSCAPE_1280" />
    Szef Narodowego Biura Informacyjnego Ukrainy Ołeksandr Smyrnow poinformował w poniedziałek, że z rosyjskiej niewoli uwolniono dotychczas blisko 600 osób - w większości są to wojskowi. Dodał, że Rosjanie przymusowo deportowali ponad 3 mln ludzi, w tym 600 tysięcy dzieci.
https://tvn24.pl/najnowsze.xml;https://tvn24.pl/swiat/izrael-wycofuje-sie-z-zadania-informacji-o-intymnych-relacjach-z-palestynczykami-6099204?source=rss;2022-09-06 04:16:21+00:00;True;Izrael wycofuje się z żądania informacji o intymnych relacjach z Palestyńczykami;<img alt="Izrael wycofuje się z żądania informacji o intymnych relacjach z Palestyńczykami" src="https://tvn24.pl/najnowsze/cdn-zdjecie-bca0j6-izrael-wycofuje-sie-z-decyzji-6099235/alternates/LANDSCAPE_1280" />
    Izrael zrezygnował z prawa nakazującego obcokrajowcom odwiedzającym Zachodni Brzeg przekazywania informacji o intymnych relacjach z Palestyńczykami. Zmienione przepisy znoszą również limity dla wykładowców uniwersyteckich i studentów z zagranicy.
https://tvn24.pl/najnowsze.xml;https://tvn24.pl/swiat/ukraina-wolodymyr-zelenski-zaporoska-elektrownia-ponownie-o-krok-od-katastrofy-6099205?source=rss;2022-09-06 03:45:03+00:00;False;Zełenski: zaporoska elektrownia ponownie o krok od katastrofy;<img alt="Zełenski: zaporoska elektrownia ponownie o krok od katastrofy" src="https://tvn24.pl/najnowsze/cdn-zdjecie-tnjwwe-zaporoska-elektrownia-jadrowa-jest-okupowana-przez-zolnierzy-rosyjskich-6066003/alternates/LANDSCAPE_1280" />
    Prezydent Ukrainy poinformował we wtorek wieczorem, że w związku z rosyjskimi prowokacjami po raz drugi Zaporoska Elektrownia Atomowa jest bliska katastrofy radiacyjnej. Ostrzał terenu elektrowni oznacza, że terrorystycznego państwa nie obchodzi co MAEA będzie m
https://tvn24.pl/najnowsze.xml;https://tvn24.pl/swiat/ukraina-agresja-rosji-relacja-na-zywo-6-wrzesnia-6099224?source=rss;2022-09-06 03:30:05+00:00;False;Ukraiński sztab: atak w rejonie Kupiańska. Rosjanie stracili ponad 100 żołnierzy i dwa wozy bojowe;<img alt="Ukraiński sztab: atak w rejonie Kupiańska. Rosjanie stracili ponad 100 żołnierzy i dwa wozy bojowe" src="https://tvn24.pl/najnowsze/cdn-zdjecie-8rqgpx-himars-ukraina-6095963/alternates/LANDSCAPE_1280" />
    Inwazja Rosji na Ukrainę trwa już 195 dni. Według Ukraińców w rezultacie udanego ataku w rejonie Kupiańska w obwodzie charkowskim Rosjanie stracili ponad 100 żołnierzy i dwa wozy bojowe, a w Chersoniu ponad 30 wojskowych i trzy czołgi. Ukraiński sztab poinformował również o zniszcz
https://tvn24.pl/najnowsze.xml;https://tvn24.pl/swiat/kanada-nie-zyje-jeden-z-dwoch-nozownikow-poszukiwanych-przez-policje-wzrasta-liczba-zabitych-i-rannych-6099222?source=rss;2022-09-06 03:19:15+00:00;False;Nie żyje jeden z dwóch nożowników poszukiwanych przez kanadyjską policję. Wzrasta liczba zabitych i rannych;<img alt="Nie żyje jeden z dwóch nożowników poszukiwanych przez kanadyjską policję. Wzrasta liczba zabitych i rannych" src="https://tvn24.pl/najnowsze/cdn-zdjecie-pg7okw-policja-poszukuje-podejrzanego-w-zwiazku-z-seria-napasci-z-uzyciem-noza-6099219/alternates/LANDSCAPE_1280" />
    Kanadyjska policja poinformowała, że nie żyje jeden z napastników poszukiwanych przez służby w związku z serią napaści z użyciem noża w prowincji Saskatchewan. Liczba zmarłych w atakach osób wzrosła do 11, 19 osób od
https://tvn24.pl/najnowsze.xml;https://tvn24.pl/tvnmeteo/pogoda/pogoda-na-dzis-wtorek-609-lokalnie-pojawia-sie-burze-i-przelotny-deszcz-6099132?source=rss;2022-09-06 00:00:00+00:00;False;Pogoda na dziś - wtorek, 6.09. Lokalnie pojawią się burze i przelotny deszcz;<img alt="Pogoda na dziś - wtorek, 6.09. Lokalnie pojawią się burze i przelotny deszcz" src="https://tvn24.pl/najnowsze/cdn-zdjecie-3t31ol-burze-6084531/alternates/LANDSCAPE_1280" />
    Pogoda na dziś. Wtorek 6.09 będzie na ogół pogodny, tylko miejscami przelotnie popada deszcz i zagrzmi. Termometry pokażą maksymalnie 23 stopnie Celsjusza. Aura korzystnie wpłynie na nasze samopoczucie.